{"type": "FeatureCollection", "properties": {"_meta": {"bbox": [75.7, 22.55, 76.0, 22.85], "status": {"roads": "ok", "industrial": "ok", "pois": "ok"}}}, "features": [{"type": "Feature", "properties": {"layer": "road_density_grid", "cell_id": "r21_c14", "road_length_km": 36.7654, "road_density_km_per_km2": 36.7538}, "geometry": {"type": "Polygon", "coordinates": [[[75.836323, 22.739189], [75.846061, 22.739189], [75.846061, 22.748198], [75.836323, 22.748198], [75.836323, 22.739189]]]}}, {"type": "Feature", "properties": {"layer": "road_density_grid", "cell_id": "r15_c13", "road_length_km": 35.0346, "road_density_km_per_km2": 35.0098}, "geometry": {"type": "Polygon", "coordinates": [[[75.826586, 22.685135], [75.836323, 22.685135], [75.836323, 22.694144], [75.826586, 22.694144], [75.826586, 22.685135]]]}}, {"type": "Feature", "properties": {"layer": "road_density_grid", "cell_id": "r23_c18", "road_length_km": 34.187, "road_density_km_per_km2": 34.1808}, "geometry": {"type": "Polygon", "coordinates": [[[75.875273, 22.757207], [75.88501, 22.757207], [75.88501, 22.766216], [75.875273, 22.766216], [75.875273, 22.757207]]]}}, {"type": "Feature", "properties": {"layer": "road_density_grid", "cell_id": "r15_c12", "road_length_km": 34.0749, "road_density_km_per_km2": 34.0508}, "geometry": {"type": "Polygon", "coordinates": [[[75.816849, 22.685135], [75.826586, 22.685135], [75.826586, 22.694144], [75.816849, 22.694144], [75.816849, 22.685135]]]}}, {"type": "Feature", "properties": {"layer": "road_density_grid", "cell_id": "r23_c17", "road_length_km": 33.8235, "road_density_km_per_km2": 33.8173}, "geometry": {"type": "Polygon", "coordinates": [[[75.865536, 22.757207], [75.875273, 22.757207], [75.875273, 22.766216], [75.865536, 22.766216], [75.865536, 22.757207]]]}}, {"type": "Feature", "properties": {"layer": "road_density_grid", "cell_id": "r15_c19", "road_length_km": 33.5967, "road_density_km_per_km2": 33.5729}, "geometry": {"type": "Polygon", "coordinates": [[[75.88501, 22.685135], [75.894748, 22.685135], [75.894748, 22.694144], [75.88501, 22.694144], [75.88501, 22.685135]]]}}, {"type": "Feature", "properties": {"layer": "road_density_grid", "cell_id": "r14_c13", "road_length_km": 33.3035, "road_density_km_per_km2": 33.2777}, "geometry": {"type": "Polygon", "coordinates": [[[75.826586, 22.676126], [75.836323, 22.676126], [75.836323, 22.685135], [75.826586, 22.685135], [75.826586, 22.676126]]]}}, {"type": "Feature", "properties": {"layer": "road_density_grid", "cell_id": "r18_c12", "road_length_km": 33.0766, "road_density_km_per_km2": 33.0597}, "geometry": {"type": "Polygon", "coordinates": [[[75.816849, 22.712162], [75.826586, 22.712162], [75.826586, 22.721171], [75.816849, 22.721171], [75.816849, 22.712162]]]}}, {"type": "Feature", "properties": {"layer": "road_density_grid", "cell_id": "r20_c20", "road_length_km": 32.9746, "road_density_km_per_km2": 32.9621}, "geometry": {"type": "Polygon", "coordinates": [[[75.894748, 22.73018], [75.904485, 22.73018], [75.904485, 22.739189], [75.894748, 22.739189], [75.894748, 22.73018]]]}}, {"type": "Feature", "properties": {"layer": "road_density_grid", "cell_id": "r24_c19", "road_length_km": 32.6055, "road_density_km_per_km2": 32.6017}, "geometry": {"type": "Polygon", "coordinates": [[[75.88501, 22.766216], [75.894748, 22.766216], [75.894748, 22.775225], [75.88501, 22.775225], [75.88501, 22.766216]]]}}, {"type": "Feature", "properties": {"layer": "road_density_grid", "cell_id": "r23_c19", "road_length_km": 32.5877, "road_density_km_per_km2": 32.5818}, "geometry": {"type": "Polygon", "coordinates": [[[75.88501, 22.757207], [75.894748, 22.757207], [75.894748, 22.766216], [75.88501, 22.766216], [75.88501, 22.757207]]]}}, {"type": "Feature", "properties": {"layer": "road_density_grid", "cell_id": "r21_c21", "road_length_km": 32.1681, "road_density_km_per_km2": 32.158}, "geometry": {"type": "Polygon", "coordinates": [[[75.904485, 22.739189], [75.914223, 22.739189], [75.914223, 22.748198], [75.904485, 22.748198], [75.904485, 22.739189]]]}}, {"type": "Feature", "properties": {"layer": "road_density_grid", "cell_id": "r21_c20", "road_length_km": 31.9615, "road_density_km_per_km2": 31.9515}, "geometry": {"type": "Polygon", "coordinates": [[[75.894748, 22.739189], [75.904485, 22.739189], [75.904485, 22.748198], [75.894748, 22.748198], [75.894748, 22.739189]]]}}, {"type": "Feature", "properties": {"layer": "road_density_grid", "cell_id": "r18_c21", "road_length_km": 31.8854, "road_density_km_per_km2": 31.8691}, "geometry": {"type": "Polygon", "coordinates": [[[75.904485, 22.712162], [75.914223, 22.712162], [75.914223, 22.721171], [75.904485, 22.721171], [75.904485, 22.712162]]]}}, {"type": "Feature", "properties": {"layer": "road_density_grid", "cell_id": "r17_c12", "road_length_km": 31.8813, "road_density_km_per_km2": 31.8629}, "geometry": {"type": "Polygon", "coordinates": [[[75.816849, 22.703153], [75.826586, 22.703153], [75.826586, 22.712162], [75.816849, 22.712162], [75.816849, 22.703153]]]}}, {"type": "Feature", "properties": {"layer": "road_density_grid", "cell_id": "r19_c12", "road_length_km": 31.8156, "road_density_km_per_km2": 31.8014}, "geometry": {"type": "Polygon", "coordinates": [[[75.816849, 22.721171], [75.826586, 22.721171], [75.826586, 22.73018], [75.816849, 22.73018], [75.816849, 22.721171]]]}}, {"type": "Feature", "properties": {"layer": "road_density_grid", "cell_id": "r22_c13", "road_length_km": 31.5038, "road_density_km_per_km2": 31.496}, "geometry": {"type": "Polygon", "coordinates": [[[75.826586, 22.748198], [75.836323, 22.748198], [75.836323, 22.757207], [75.826586, 22.757207], [75.826586, 22.748198]]]}}, {"type": "Feature", "properties": {"layer": "road_density_grid", "cell_id": "r22_c21", "road_length_km": 31.4978, "road_density_km_per_km2": 31.49}, "geometry": {"type": "Polygon", "coordinates": [[[75.904485, 22.748198], [75.914223, 22.748198], [75.914223, 22.757207], [75.904485, 22.757207], [75.904485, 22.748198]]]}}, {"type": "Feature", "properties": {"layer": "road_density_grid", "cell_id": "r20_c12", "road_length_km": 31.2356, "road_density_km_per_km2": 31.2237}, "geometry": {"type": "Polygon", "coordinates": [[[75.816849, 22.73018], [75.826586, 22.73018], [75.826586, 22.739189], [75.816849, 22.739189], [75.816849, 22.73018]]]}}, {"type": "Feature", "properties": {"layer": "road_density_grid", "cell_id": "r18_c13", "road_length_km": 31.2322, "road_density_km_per_km2": 31.2162}, "geometry": {"type": "Polygon", "coordinates": [[[75.826586, 22.712162], [75.836323, 22.712162], [75.836323, 22.721171], [75.826586, 22.721171], [75.826586, 22.712162]]]}}, {"type": "Feature", "properties": {"layer": "road_density_grid", "cell_id": "r21_c19", "road_length_km": 30.8814, "road_density_km_per_km2": 30.8717}, "geometry": {"type": "Polygon", "coordinates": [[[75.88501, 22.739189], [75.894748, 22.739189], [75.894748, 22.748198], [75.88501, 22.748198], [75.88501, 22.739189]]]}}, {"type": "Feature", "properties": {"layer": "road_density_grid", "cell_id": "r21_c18", "road_length_km": 30.8462, "road_density_km_per_km2": 30.8365}, "geometry": {"type": "Polygon", "coordinates": [[[75.875273, 22.739189], [75.88501, 22.739189], [75.88501, 22.748198], [75.875273, 22.748198], [75.875273, 22.739189]]]}}, {"type": "Feature", "properties": {"layer": "road_density_grid", "cell_id": "r16_c21", "road_length_km": 30.5434, "road_density_km_per_km2": 30.5238}, "geometry": {"type": "Polygon", "coordinates": [[[75.904485, 22.694144], [75.914223, 22.694144], [75.914223, 22.703153], [75.904485, 22.703153], [75.904485, 22.694144]]]}}, {"type": "Feature", "properties": {"layer": "road_density_grid", "cell_id": "r16_c13", "road_length_km": 30.4278, "road_density_km_per_km2": 30.4083}, "geometry": {"type": "Polygon", "coordinates": [[[75.826586, 22.694144], [75.836323, 22.694144], [75.836323, 22.703153], [75.826586, 22.703153], [75.826586, 22.694144]]]}}, {"type": "Feature", "properties": {"layer": "road_density_grid", "cell_id": "r14_c14", "road_length_km": 30.4254, "road_density_km_per_km2": 30.4019}, "geometry": {"type": "Polygon", "coordinates": [[[75.836323, 22.676126], [75.846061, 22.676126], [75.846061, 22.685135], [75.836323, 22.685135], [75.836323, 22.676126]]]}}, {"type": "Feature", "properties": {"layer": "road_density_grid", "cell_id": "r18_c15", "road_length_km": 30.2476, "road_density_km_per_km2": 30.2321}, "geometry": {"type": "Polygon", "coordinates": [[[75.846061, 22.712162], [75.855798, 22.712162], [75.855798, 22.721171], [75.846061, 22.721171], [75.846061, 22.712162]]]}}, {"type": "Feature", "properties": {"layer": "road_density_grid", "cell_id": "r23_c20", "road_length_km": 30.1708, "road_density_km_per_km2": 30.1653}, "geometry": {"type": "Polygon", "coordinates": [[[75.894748, 22.757207], [75.904485, 22.757207], [75.904485, 22.766216], [75.894748, 22.766216], [75.894748, 22.757207]]]}}, {"type": "Feature", "properties": {"layer": "road_density_grid", "cell_id": "r14_c12", "road_length_km": 29.953, "road_density_km_per_km2": 29.9298}, "geometry": {"type": "Polygon", "coordinates": [[[75.816849, 22.676126], [75.826586, 22.676126], [75.826586, 22.685135], [75.816849, 22.685135], [75.816849, 22.676126]]]}}, {"type": "Feature", "properties": {"layer": "road_density_grid", "cell_id": "r22_c20", "road_length_km": 29.8016, "road_density_km_per_km2": 29.7942}, "geometry": {"type": "Polygon", "coordinates": [[[75.894748, 22.748198], [75.904485, 22.748198], [75.904485, 22.757207], [75.894748, 22.757207], [75.894748, 22.748198]]]}}, {"type": "Feature", "properties": {"layer": "road_density_grid", "cell_id": "r20_c13", "road_length_km": 29.7768, "road_density_km_per_km2": 29.7655}, "geometry": {"type": "Polygon", "coordinates": [[[75.826586, 22.73018], [75.836323, 22.73018], [75.836323, 22.739189], [75.826586, 22.739189], [75.826586, 22.73018]]]}}, {"type": "Feature", "properties": {"layer": "road_density_grid", "cell_id": "r23_c22", "road_length_km": 29.2134, "road_density_km_per_km2": 29.2081}, "geometry": {"type": "Polygon", "coordinates": [[[75.914223, 22.757207], [75.92396, 22.757207], [75.92396, 22.766216], [75.914223, 22.766216], [75.914223, 22.757207]]]}}, {"type": "Feature", "properties": {"layer": "road_density_grid", "cell_id": "r22_c17", "road_length_km": 28.9303, "road_density_km_per_km2": 28.9231}, "geometry": {"type": "Polygon", "coordinates": [[[75.865536, 22.748198], [75.875273, 22.748198], [75.875273, 22.757207], [75.865536, 22.757207], [75.865536, 22.748198]]]}}, {"type": "Feature", "properties": {"layer": "road_density_grid", "cell_id": "r23_c21", "road_length_km": 28.9072, "road_density_km_per_km2": 28.9019}, "geometry": {"type": "Polygon", "coordinates": [[[75.904485, 22.757207], [75.914223, 22.757207], [75.914223, 22.766216], [75.904485, 22.766216], [75.904485, 22.757207]]]}}, {"type": "Feature", "properties": {"layer": "road_density_grid", "cell_id": "r18_c20", "road_length_km": 28.8143, "road_density_km_per_km2": 28.7996}, "geometry": {"type": "Polygon", "coordinates": [[[75.894748, 22.712162], [75.904485, 22.712162], [75.904485, 22.721171], [75.894748, 22.721171], [75.894748, 22.712162]]]}}, {"type": "Feature", "properties": {"layer": "road_density_grid", "cell_id": "r24_c20", "road_length_km": 28.7766, "road_density_km_per_km2": 28.7733}, "geometry": {"type": "Polygon", "coordinates": [[[75.894748, 22.766216], [75.904485, 22.766216], [75.904485, 22.775225], [75.894748, 22.775225], [75.894748, 22.766216]]]}}, {"type": "Feature", "properties": {"layer": "road_density_grid", "cell_id": "r21_c15", "road_length_km": 28.7221, "road_density_km_per_km2": 28.7131}, "geometry": {"type": "Polygon", "coordinates": [[[75.846061, 22.739189], [75.855798, 22.739189], [75.855798, 22.748198], [75.846061, 22.748198], [75.846061, 22.739189]]]}}, {"type": "Feature", "properties": {"layer": "road_density_grid", "cell_id": "r17_c21", "road_length_km": 28.6591, "road_density_km_per_km2": 28.6426}, "geometry": {"type": "Polygon", "coordinates": [[[75.904485, 22.703153], [75.914223, 22.703153], [75.914223, 22.712162], [75.904485, 22.712162], [75.904485, 22.703153]]]}}, {"type": "Feature", "properties": {"layer": "road_density_grid", "cell_id": "r16_c17", "road_length_km": 28.6449, "road_density_km_per_km2": 28.6265}, "geometry": {"type": "Polygon", "coordinates": [[[75.865536, 22.694144], [75.875273, 22.694144], [75.875273, 22.703153], [75.865536, 22.703153], [75.865536, 22.694144]]]}}, {"type": "Feature", "properties": {"layer": "road_density_grid", "cell_id": "r16_c14", "road_length_km": 28.4398, "road_density_km_per_km2": 28.4215}, "geometry": {"type": "Polygon", "coordinates": [[[75.836323, 22.694144], [75.846061, 22.694144], [75.846061, 22.703153], [75.836323, 22.703153], [75.836323, 22.694144]]]}}, {"type": "Feature", "properties": {"layer": "road_density_grid", "cell_id": "r22_c19", "road_length_km": 28.3956, "road_density_km_per_km2": 28.3886}, "geometry": {"type": "Polygon", "coordinates": [[[75.88501, 22.748198], [75.894748, 22.748198], [75.894748, 22.757207], [75.88501, 22.757207], [75.88501, 22.748198]]]}}, {"type": "Feature", "properties": {"layer": "road_density_grid", "cell_id": "r20_c19", "road_length_km": 28.3914, "road_density_km_per_km2": 28.3807}, "geometry": {"type": "Polygon", "coordinates": [[[75.88501, 22.73018], [75.894748, 22.73018], [75.894748, 22.739189], [75.88501, 22.739189], [75.88501, 22.73018]]]}}, {"type": "Feature", "properties": {"layer": "road_density_grid", "cell_id": "r21_c17", "road_length_km": 28.2181, "road_density_km_per_km2": 28.2093}, "geometry": {"type": "Polygon", "coordinates": [[[75.865536, 22.739189], [75.875273, 22.739189], [75.875273, 22.748198], [75.865536, 22.748198], [75.865536, 22.739189]]]}}, {"type": "Feature", "properties": {"layer": "road_density_grid", "cell_id": "r18_c14", "road_length_km": 28.1663, "road_density_km_per_km2": 28.1519}, "geometry": {"type": "Polygon", "coordinates": [[[75.836323, 22.712162], [75.846061, 22.712162], [75.846061, 22.721171], [75.836323, 22.721171], [75.836323, 22.712162]]]}}, {"type": "Feature", "properties": {"layer": "road_density_grid", "cell_id": "r16_c16", "road_length_km": 28.1557, "road_density_km_per_km2": 28.1376}, "geometry": {"type": "Polygon", "coordinates": [[[75.855798, 22.694144], [75.865536, 22.694144], [75.865536, 22.703153], [75.855798, 22.703153], [75.855798, 22.694144]]]}}, {"type": "Feature", "properties": {"layer": "road_density_grid", "cell_id": "r19_c13", "road_length_km": 27.8722, "road_density_km_per_km2": 27.8597}, "geometry": {"type": "Polygon", "coordinates": [[[75.826586, 22.721171], [75.836323, 22.721171], [75.836323, 22.73018], [75.826586, 22.73018], [75.826586, 22.721171]]]}}, {"type": "Feature", "properties": {"layer": "road_density_grid", "cell_id": "r17_c16", "road_length_km": 27.8587, "road_density_km_per_km2": 27.8426}, "geometry": {"type": "Polygon", "coordinates": [[[75.855798, 22.703153], [75.865536, 22.703153], [75.865536, 22.712162], [75.855798, 22.712162], [75.855798, 22.703153]]]}}, {"type": "Feature", "properties": {"layer": "road_density_grid", "cell_id": "r19_c20", "road_length_km": 27.6792, "road_density_km_per_km2": 27.6668}, "geometry": {"type": "Polygon", "coordinates": [[[75.894748, 22.721171], [75.904485, 22.721171], [75.904485, 22.73018], [75.894748, 22.73018], [75.894748, 22.721171]]]}}, {"type": "Feature", "properties": {"layer": "road_density_grid", "cell_id": "r16_c22", "road_length_km": 27.5495, "road_density_km_per_km2": 27.5318}, "geometry": {"type": "Polygon", "coordinates": [[[75.914223, 22.694144], [75.92396, 22.694144], [75.92396, 22.703153], [75.914223, 22.703153], [75.914223, 22.694144]]]}}, {"type": "Feature", "properties": {"layer": "road_density_grid", "cell_id": "r17_c11", "road_length_km": 27.5033, "road_density_km_per_km2": 27.4875}, "geometry": {"type": "Polygon", "coordinates": [[[75.807111, 22.703153], [75.816849, 22.703153], [75.816849, 22.712162], [75.807111, 22.712162], [75.807111, 22.703153]]]}}, {"type": "Feature", "properties": {"layer": "road_density_grid", "cell_id": "r15_c20", "road_length_km": 27.4352, "road_density_km_per_km2": 27.4158}, "geometry": {"type": "Polygon", "coordinates": [[[75.894748, 22.685135], [75.904485, 22.685135], [75.904485, 22.694144], [75.894748, 22.694144], [75.894748, 22.685135]]]}}, {"type": "Feature", "properties": {"layer": "road_density_grid", "cell_id": "r22_c18", "road_length_km": 27.3977, "road_density_km_per_km2": 27.3909}, "geometry": {"type": "Polygon", "coordinates": [[[75.875273, 22.748198], [75.88501, 22.748198], [75.88501, 22.757207], [75.875273, 22.757207], [75.875273, 22.748198]]]}}, {"type": "Feature", "properties": {"layer": "road_density_grid", "cell_id": "r24_c18", "road_length_km": 27.3386, "road_density_km_per_km2": 27.3354}, "geometry": {"type": "Polygon", "coordinates": [[[75.875273, 22.766216], [75.88501, 22.766216], [75.88501, 22.775225], [75.875273, 22.775225], [75.875273, 22.766216]]]}}, {"type": "Feature", "properties": {"layer": "road_density_grid", "cell_id": "r17_c13", "road_length_km": 27.1954, "road_density_km_per_km2": 27.1797}, "geometry": {"type": "Polygon", "coordinates": [[[75.826586, 22.703153], [75.836323, 22.703153], [75.836323, 22.712162], [75.826586, 22.712162], [75.826586, 22.703153]]]}}, {"type": "Feature", "properties": {"layer": "road_density_grid", "cell_id": "r22_c14", "road_length_km": 26.8032, "road_density_km_per_km2": 26.7965}, "geometry": {"type": "Polygon", "coordinates": [[[75.836323, 22.748198], [75.846061, 22.748198], [75.846061, 22.757207], [75.836323, 22.757207], [75.836323, 22.748198]]]}}, {"type": "Feature", "properties": {"layer": "road_density_grid", "cell_id": "r15_c21", "road_length_km": 26.7741, "road_density_km_per_km2": 26.7551}, "geometry": {"type": "Polygon", "coordinates": [[[75.904485, 22.685135], [75.914223, 22.685135], [75.914223, 22.694144], [75.904485, 22.694144], [75.904485, 22.685135]]]}}, {"type": "Feature", "properties": {"layer": "road_density_grid", "cell_id": "r18_c16", "road_length_km": 26.6684, "road_density_km_per_km2": 26.6548}, "geometry": {"type": "Polygon", "coordinates": [[[75.855798, 22.712162], [75.865536, 22.712162], [75.865536, 22.721171], [75.855798, 22.721171], [75.855798, 22.712162]]]}}, {"type": "Feature", "properties": {"layer": "road_density_grid", "cell_id": "r19_c16", "road_length_km": 26.3926, "road_density_km_per_km2": 26.3809}, "geometry": {"type": "Polygon", "coordinates": [[[75.855798, 22.721171], [75.865536, 22.721171], [75.865536, 22.73018], [75.855798, 22.73018], [75.855798, 22.721171]]]}}, {"type": "Feature", "properties": {"layer": "road_density_grid", "cell_id": "r20_c22", "road_length_km": 26.2186, "road_density_km_per_km2": 26.2087}, "geometry": {"type": "Polygon", "coordinates": [[[75.914223, 22.73018], [75.92396, 22.73018], [75.92396, 22.739189], [75.914223, 22.739189], [75.914223, 22.73018]]]}}, {"type": "Feature", "properties": {"layer": "road_density_grid", "cell_id": "r17_c14", "road_length_km": 26.0115, "road_density_km_per_km2": 25.9965}, "geometry": {"type": "Polygon", "coordinates": [[[75.836323, 22.703153], [75.846061, 22.703153], [75.846061, 22.712162], [75.836323, 22.712162], [75.836323, 22.703153]]]}}, {"type": "Feature", "properties": {"layer": "road_density_grid", "cell_id": "r20_c18", "road_length_km": 26.0102, "road_density_km_per_km2": 26.0004}, "geometry": {"type": "Polygon", "coordinates": [[[75.875273, 22.73018], [75.88501, 22.73018], [75.88501, 22.739189], [75.875273, 22.739189], [75.875273, 22.73018]]]}}, {"type": "Feature", "properties": {"layer": "road_density_grid", "cell_id": "r19_c15", "road_length_km": 25.9886, "road_density_km_per_km2": 25.977}, "geometry": {"type": "Polygon", "coordinates": [[[75.846061, 22.721171], [75.855798, 22.721171], [75.855798, 22.73018], [75.846061, 22.73018], [75.846061, 22.721171]]]}}, {"type": "Feature", "properties": {"layer": "road_density_grid", "cell_id": "r25_c19", "road_length_km": 25.6473, "road_density_km_per_km2": 25.646}, "geometry": {"type": "Polygon", "coordinates": [[[75.88501, 22.775225], [75.894748, 22.775225], [75.894748, 22.784234], [75.88501, 22.784234], [75.88501, 22.775225]]]}}, {"type": "Feature", "properties": {"layer": "road_density_grid", "cell_id": "r19_c22", "road_length_km": 25.6462, "road_density_km_per_km2": 25.6348}, "geometry": {"type": "Polygon", "coordinates": [[[75.914223, 22.721171], [75.92396, 22.721171], [75.92396, 22.73018], [75.914223, 22.73018], [75.914223, 22.721171]]]}}, {"type": "Feature", "properties": {"layer": "road_density_grid", "cell_id": "r19_c21", "road_length_km": 25.5889, "road_density_km_per_km2": 25.5775}, "geometry": {"type": "Polygon", "coordinates": [[[75.904485, 22.721171], [75.914223, 22.721171], [75.914223, 22.73018], [75.904485, 22.73018], [75.904485, 22.721171]]]}}, {"type": "Feature", "properties": {"layer": "road_density_grid", "cell_id": "r13_c13", "road_length_km": 25.4411, "road_density_km_per_km2": 25.4198}, "geometry": {"type": "Polygon", "coordinates": [[[75.826586, 22.667117], [75.836323, 22.667117], [75.836323, 22.676126], [75.826586, 22.676126], [75.826586, 22.667117]]]}}, {"type": "Feature", "properties": {"layer": "road_density_grid", "cell_id": "r21_c13", "road_length_km": 25.3885, "road_density_km_per_km2": 25.3805}, "geometry": {"type": "Polygon", "coordinates": [[[75.826586, 22.739189], [75.836323, 22.739189], [75.836323, 22.748198], [75.826586, 22.748198], [75.826586, 22.739189]]]}}, {"type": "Feature", "properties": {"layer": "road_density_grid", "cell_id": "r20_c21", "road_length_km": 25.1989, "road_density_km_per_km2": 25.1894}, "geometry": {"type": "Polygon", "coordinates": [[[75.904485, 22.73018], [75.914223, 22.73018], [75.914223, 22.739189], [75.904485, 22.739189], [75.904485, 22.73018]]]}}, {"type": "Feature", "properties": {"layer": "road_density_grid", "cell_id": "r22_c16", "road_length_km": 25.0098, "road_density_km_per_km2": 25.0036}, "geometry": {"type": "Polygon", "coordinates": [[[75.855798, 22.748198], [75.865536, 22.748198], [75.865536, 22.757207], [75.855798, 22.757207], [75.855798, 22.748198]]]}}, {"type": "Feature", "properties": {"layer": "road_density_grid", "cell_id": "r16_c15", "road_length_km": 24.9908, "road_density_km_per_km2": 24.9748}, "geometry": {"type": "Polygon", "coordinates": [[[75.846061, 22.694144], [75.855798, 22.694144], [75.855798, 22.703153], [75.846061, 22.703153], [75.846061, 22.694144]]]}}, {"type": "Feature", "properties": {"layer": "road_density_grid", "cell_id": "r22_c23", "road_length_km": 24.8154, "road_density_km_per_km2": 24.8092}, "geometry": {"type": "Polygon", "coordinates": [[[75.92396, 22.748198], [75.933697, 22.748198], [75.933697, 22.757207], [75.92396, 22.757207], [75.92396, 22.748198]]]}}, {"type": "Feature", "properties": {"layer": "road_density_grid", "cell_id": "r20_c15", "road_length_km": 24.7913, "road_density_km_per_km2": 24.7819}, "geometry": {"type": "Polygon", "coordinates": [[[75.846061, 22.73018], [75.855798, 22.73018], [75.855798, 22.739189], [75.846061, 22.739189], [75.846061, 22.73018]]]}}, {"type": "Feature", "properties": {"layer": "road_density_grid", "cell_id": "r27_c15", "road_length_km": 24.7769, "road_density_km_per_km2": 24.779}, "geometry": {"type": "Polygon", "coordinates": [[[75.846061, 22.793243], [75.855798, 22.793243], [75.855798, 22.802252], [75.846061, 22.802252], [75.846061, 22.793243]]]}}, {"type": "Feature", "properties": {"layer": "road_density_grid", "cell_id": "r17_c22", "road_length_km": 24.6866, "road_density_km_per_km2": 24.6723}, "geometry": {"type": "Polygon", "coordinates": [[[75.914223, 22.703153], [75.92396, 22.703153], [75.92396, 22.712162], [75.914223, 22.712162], [75.914223, 22.703153]]]}}, {"type": "Feature", "properties": {"layer": "road_density_grid", "cell_id": "r15_c14", "road_length_km": 24.6031, "road_density_km_per_km2": 24.5857}, "geometry": {"type": "Polygon", "coordinates": [[[75.836323, 22.685135], [75.846061, 22.685135], [75.846061, 22.694144], [75.836323, 22.694144], [75.836323, 22.685135]]]}}, {"type": "Feature", "properties": {"layer": "road_density_grid", "cell_id": "r20_c11", "road_length_km": 24.4319, "road_density_km_per_km2": 24.4226}, "geometry": {"type": "Polygon", "coordinates": [[[75.807111, 22.73018], [75.816849, 22.73018], [75.816849, 22.739189], [75.807111, 22.739189], [75.807111, 22.73018]]]}}, {"type": "Feature", "properties": {"layer": "road_density_grid", "cell_id": "r23_c16", "road_length_km": 24.2163, "road_density_km_per_km2": 24.2119}, "geometry": {"type": "Polygon", "coordinates": [[[75.855798, 22.757207], [75.865536, 22.757207], [75.865536, 22.766216], [75.855798, 22.766216], [75.855798, 22.757207]]]}}, {"type": "Feature", "properties": {"layer": "road_density_grid", "cell_id": "r9_c11", "road_length_km": 24.1426, "road_density_km_per_km2": 24.116}, "geometry": {"type": "Polygon", "coordinates": [[[75.807111, 22.631081], [75.816849, 22.631081], [75.816849, 22.64009], [75.807111, 22.64009], [75.807111, 22.631081]]]}}, {"type": "Feature", "properties": {"layer": "road_density_grid", "cell_id": "r24_c21", "road_length_km": 23.9935, "road_density_km_per_km2": 23.9907}, "geometry": {"type": "Polygon", "coordinates": [[[75.904485, 22.766216], [75.914223, 22.766216], [75.914223, 22.775225], [75.904485, 22.775225], [75.904485, 22.766216]]]}}, {"type": "Feature", "properties": {"layer": "road_density_grid", "cell_id": "r19_c19", "road_length_km": 23.6118, "road_density_km_per_km2": 23.6013}, "geometry": {"type": "Polygon", "coordinates": [[[75.88501, 22.721171], [75.894748, 22.721171], [75.894748, 22.73018], [75.88501, 22.73018], [75.88501, 22.721171]]]}}, {"type": "Feature", "properties": {"layer": "road_density_grid", "cell_id": "r21_c22", "road_length_km": 23.5815, "road_density_km_per_km2": 23.5741}, "geometry": {"type": "Polygon", "coordinates": [[[75.914223, 22.739189], [75.92396, 22.739189], [75.92396, 22.748198], [75.914223, 22.748198], [75.914223, 22.739189]]]}}, {"type": "Feature", "properties": {"layer": "road_density_grid", "cell_id": "r9_c13", "road_length_km": 23.5598, "road_density_km_per_km2": 23.5338}, "geometry": {"type": "Polygon", "coordinates": [[[75.826586, 22.631081], [75.836323, 22.631081], [75.836323, 22.64009], [75.826586, 22.64009], [75.826586, 22.631081]]]}}, {"type": "Feature", "properties": {"layer": "road_density_grid", "cell_id": "r18_c22", "road_length_km": 23.351, "road_density_km_per_km2": 23.339}, "geometry": {"type": "Polygon", "coordinates": [[[75.914223, 22.712162], [75.92396, 22.712162], [75.92396, 22.721171], [75.914223, 22.721171], [75.914223, 22.712162]]]}}, {"type": "Feature", "properties": {"layer": "road_density_grid", "cell_id": "r10_c13", "road_length_km": 23.3283, "road_density_km_per_km2": 23.3041}, "geometry": {"type": "Polygon", "coordinates": [[[75.826586, 22.64009], [75.836323, 22.64009], [75.836323, 22.649099], [75.826586, 22.649099], [75.826586, 22.64009]]]}}, {"type": "Feature", "properties": {"layer": "road_density_grid", "cell_id": "r22_c22", "road_length_km": 23.2799, "road_density_km_per_km2": 23.2741}, "geometry": {"type": "Polygon", "coordinates": [[[75.914223, 22.748198], [75.92396, 22.748198], [75.92396, 22.757207], [75.914223, 22.757207], [75.914223, 22.748198]]]}}, {"type": "Feature", "properties": {"layer": "road_density_grid", "cell_id": "r20_c14", "road_length_km": 22.8943, "road_density_km_per_km2": 22.8856}, "geometry": {"type": "Polygon", "coordinates": [[[75.836323, 22.73018], [75.846061, 22.73018], [75.846061, 22.739189], [75.836323, 22.739189], [75.836323, 22.73018]]]}}, {"type": "Feature", "properties": {"layer": "road_density_grid", "cell_id": "r4_c0", "road_length_km": 22.7585, "road_density_km_per_km2": 22.726}, "geometry": {"type": "Polygon", "coordinates": [[[75.7, 22.586036], [75.709737, 22.586036], [75.709737, 22.595045], [75.7, 22.595045], [75.7, 22.586036]]]}}, {"type": "Feature", "properties": {"layer": "road_density_grid", "cell_id": "r14_c23", "road_length_km": 22.7397, "road_density_km_per_km2": 22.7221}, "geometry": {"type": "Polygon", "coordinates": [[[75.92396, 22.676126], [75.933697, 22.676126], [75.933697, 22.685135], [75.92396, 22.685135], [75.92396, 22.676126]]]}}, {"type": "Feature", "properties": {"layer": "road_density_grid", "cell_id": "r17_c18", "road_length_km": 22.6916, "road_density_km_per_km2": 22.6785}, "geometry": {"type": "Polygon", "coordinates": [[[75.875273, 22.703153], [75.88501, 22.703153], [75.88501, 22.712162], [75.875273, 22.712162], [75.875273, 22.703153]]]}}, {"type": "Feature", "properties": {"layer": "road_density_grid", "cell_id": "r17_c15", "road_length_km": 22.5749, "road_density_km_per_km2": 22.5619}, "geometry": {"type": "Polygon", "coordinates": [[[75.846061, 22.703153], [75.855798, 22.703153], [75.855798, 22.712162], [75.846061, 22.712162], [75.846061, 22.703153]]]}}, {"type": "Feature", "properties": {"layer": "road_density_grid", "cell_id": "r13_c12", "road_length_km": 22.4561, "road_density_km_per_km2": 22.4373}, "geometry": {"type": "Polygon", "coordinates": [[[75.816849, 22.667117], [75.826586, 22.667117], [75.826586, 22.676126], [75.816849, 22.676126], [75.816849, 22.667117]]]}}, {"type": "Feature", "properties": {"layer": "road_density_grid", "cell_id": "r18_c17", "road_length_km": 22.446, "road_density_km_per_km2": 22.4345}, "geometry": {"type": "Polygon", "coordinates": [[[75.865536, 22.712162], [75.875273, 22.712162], [75.875273, 22.721171], [75.865536, 22.721171], [75.865536, 22.712162]]]}}, {"type": "Feature", "properties": {"layer": "road_density_grid", "cell_id": "r16_c18", "road_length_km": 22.3958, "road_density_km_per_km2": 22.3814}, "geometry": {"type": "Polygon", "coordinates": [[[75.875273, 22.694144], [75.88501, 22.694144], [75.88501, 22.703153], [75.875273, 22.703153], [75.875273, 22.694144]]]}}, {"type": "Feature", "properties": {"layer": "road_density_grid", "cell_id": "r15_c11", "road_length_km": 22.3266, "road_density_km_per_km2": 22.3108}, "geometry": {"type": "Polygon", "coordinates": [[[75.807111, 22.685135], [75.816849, 22.685135], [75.816849, 22.694144], [75.807111, 22.694144], [75.807111, 22.685135]]]}}, {"type": "Feature", "properties": {"layer": "road_density_grid", "cell_id": "r19_c14", "road_length_km": 22.0141, "road_density_km_per_km2": 22.0043}, "geometry": {"type": "Polygon", "coordinates": [[[75.836323, 22.721171], [75.846061, 22.721171], [75.846061, 22.73018], [75.836323, 22.73018], [75.836323, 22.721171]]]}}, {"type": "Feature", "properties": {"layer": "road_density_grid", "cell_id": "r18_c18", "road_length_km": 21.9628, "road_density_km_per_km2": 21.9516}, "geometry": {"type": "Polygon", "coordinates": [[[75.875273, 22.712162], [75.88501, 22.712162], [75.88501, 22.721171], [75.875273, 22.721171], [75.875273, 22.712162]]]}}, {"type": "Feature", "properties": {"layer": "road_density_grid", "cell_id": "r15_c16", "road_length_km": 21.7783, "road_density_km_per_km2": 21.7629}, "geometry": {"type": "Polygon", "coordinates": [[[75.855798, 22.685135], [75.865536, 22.685135], [75.865536, 22.694144], [75.855798, 22.694144], [75.855798, 22.685135]]]}}, {"type": "Feature", "properties": {"layer": "road_density_grid", "cell_id": "r14_c11", "road_length_km": 21.4273, "road_density_km_per_km2": 21.4107}, "geometry": {"type": "Polygon", "coordinates": [[[75.807111, 22.676126], [75.816849, 22.676126], [75.816849, 22.685135], [75.807111, 22.685135], [75.807111, 22.676126]]]}}, {"type": "Feature", "properties": {"layer": "road_density_grid", "cell_id": "r23_c23", "road_length_km": 21.3997, "road_density_km_per_km2": 21.3958}, "geometry": {"type": "Polygon", "coordinates": [[[75.92396, 22.757207], [75.933697, 22.757207], [75.933697, 22.766216], [75.92396, 22.766216], [75.92396, 22.757207]]]}}, {"type": "Feature", "properties": {"layer": "road_density_grid", "cell_id": "r13_c18", "road_length_km": 21.379, "road_density_km_per_km2": 21.3611}, "geometry": {"type": "Polygon", "coordinates": [[[75.875273, 22.667117], [75.88501, 22.667117], [75.88501, 22.676126], [75.875273, 22.676126], [75.875273, 22.667117]]]}}, {"type": "Feature", "properties": {"layer": "road_density_grid", "cell_id": "r26_c21", "road_length_km": 21.3642, "road_density_km_per_km2": 21.3645}, "geometry": {"type": "Polygon", "coordinates": [[[75.904485, 22.784234], [75.914223, 22.784234], [75.914223, 22.793243], [75.904485, 22.793243], [75.904485, 22.784234]]]}}, {"type": "Feature", "properties": {"layer": "road_density_grid", "cell_id": "r14_c15", "road_length_km": 21.2556, "road_density_km_per_km2": 21.2391}, "geometry": {"type": "Polygon", "coordinates": [[[75.846061, 22.676126], [75.855798, 22.676126], [75.855798, 22.685135], [75.846061, 22.685135], [75.846061, 22.676126]]]}}, {"type": "Feature", "properties": {"layer": "road_density_grid", "cell_id": "r18_c19", "road_length_km": 21.1733, "road_density_km_per_km2": 21.1625}, "geometry": {"type": "Polygon", "coordinates": [[[75.88501, 22.712162], [75.894748, 22.712162], [75.894748, 22.721171], [75.88501, 22.721171], [75.88501, 22.712162]]]}}, {"type": "Feature", "properties": {"layer": "road_density_grid", "cell_id": "r27_c16", "road_length_km": 21.1725, "road_density_km_per_km2": 21.1743}, "geometry": {"type": "Polygon", "coordinates": [[[75.855798, 22.793243], [75.865536, 22.793243], [75.865536, 22.802252], [75.855798, 22.802252], [75.855798, 22.793243]]]}}, {"type": "Feature", "properties": {"layer": "road_density_grid", "cell_id": "r19_c17", "road_length_km": 20.9911, "road_density_km_per_km2": 20.9818}, "geometry": {"type": "Polygon", "coordinates": [[[75.865536, 22.721171], [75.875273, 22.721171], [75.875273, 22.73018], [75.865536, 22.73018], [75.865536, 22.721171]]]}}, {"type": "Feature", "properties": {"layer": "road_density_grid", "cell_id": "r22_c12", "road_length_km": 20.9648, "road_density_km_per_km2": 20.9596}, "geometry": {"type": "Polygon", "coordinates": [[[75.816849, 22.748198], [75.826586, 22.748198], [75.826586, 22.757207], [75.816849, 22.757207], [75.816849, 22.748198]]]}}, {"type": "Feature", "properties": {"layer": "road_density_grid", "cell_id": "r10_c9", "road_length_km": 20.9157, "road_density_km_per_km2": 20.894}, "geometry": {"type": "Polygon", "coordinates": [[[75.787636, 22.64009], [75.797374, 22.64009], [75.797374, 22.649099], [75.787636, 22.649099], [75.787636, 22.64009]]]}}, {"type": "Feature", "properties": {"layer": "road_density_grid", "cell_id": "r12_c9", "road_length_km": 20.9114, "road_density_km_per_km2": 20.8925}, "geometry": {"type": "Polygon", "coordinates": [[[75.787636, 22.658108], [75.797374, 22.658108], [75.797374, 22.667117], [75.787636, 22.667117], [75.787636, 22.658108]]]}}, {"type": "Feature", "properties": {"layer": "road_density_grid", "cell_id": "r21_c11", "road_length_km": 20.7907, "road_density_km_per_km2": 20.7842}, "geometry": {"type": "Polygon", "coordinates": [[[75.807111, 22.739189], [75.816849, 22.739189], [75.816849, 22.748198], [75.807111, 22.748198], [75.807111, 22.739189]]]}}, {"type": "Feature", "properties": {"layer": "road_density_grid", "cell_id": "r15_c18", "road_length_km": 20.649, "road_density_km_per_km2": 20.6343}, "geometry": {"type": "Polygon", "coordinates": [[[75.875273, 22.685135], [75.88501, 22.685135], [75.88501, 22.694144], [75.875273, 22.694144], [75.875273, 22.685135]]]}}, {"type": "Feature", "properties": {"layer": "road_density_grid", "cell_id": "r16_c19", "road_length_km": 20.6011, "road_density_km_per_km2": 20.5878}, "geometry": {"type": "Polygon", "coordinates": [[[75.88501, 22.694144], [75.894748, 22.694144], [75.894748, 22.703153], [75.88501, 22.703153], [75.88501, 22.694144]]]}}, {"type": "Feature", "properties": {"layer": "road_density_grid", "cell_id": "r17_c17", "road_length_km": 20.5822, "road_density_km_per_km2": 20.5703}, "geometry": {"type": "Polygon", "coordinates": [[[75.865536, 22.703153], [75.875273, 22.703153], [75.875273, 22.712162], [75.865536, 22.712162], [75.865536, 22.703153]]]}}, {"type": "Feature", "properties": {"layer": "road_density_grid", "cell_id": "r21_c9", "road_length_km": 20.5071, "road_density_km_per_km2": 20.5007}, "geometry": {"type": "Polygon", "coordinates": [[[75.787636, 22.739189], [75.797374, 22.739189], [75.797374, 22.748198], [75.787636, 22.748198], [75.787636, 22.739189]]]}}, {"type": "Feature", "properties": {"layer": "road_density_grid", "cell_id": "r13_c15", "road_length_km": 20.3912, "road_density_km_per_km2": 20.3741}, "geometry": {"type": "Polygon", "coordinates": [[[75.846061, 22.667117], [75.855798, 22.667117], [75.855798, 22.676126], [75.846061, 22.676126], [75.846061, 22.667117]]]}}, {"type": "Feature", "properties": {"layer": "road_density_grid", "cell_id": "r12_c15", "road_length_km": 20.2337, "road_density_km_per_km2": 20.2154}, "geometry": {"type": "Polygon", "coordinates": [[[75.846061, 22.658108], [75.855798, 22.658108], [75.855798, 22.667117], [75.846061, 22.667117], [75.846061, 22.658108]]]}}, {"type": "Feature", "properties": {"layer": "road_density_grid", "cell_id": "r19_c23", "road_length_km": 20.1678, "road_density_km_per_km2": 20.1589}, "geometry": {"type": "Polygon", "coordinates": [[[75.92396, 22.721171], [75.933697, 22.721171], [75.933697, 22.73018], [75.92396, 22.73018], [75.92396, 22.721171]]]}}, {"type": "Feature", "properties": {"layer": "road_density_grid", "cell_id": "r21_c16", "road_length_km": 20.0309, "road_density_km_per_km2": 20.0246}, "geometry": {"type": "Polygon", "coordinates": [[[75.855798, 22.739189], [75.865536, 22.739189], [75.865536, 22.748198], [75.855798, 22.748198], [75.855798, 22.739189]]]}}, {"type": "Feature", "properties": {"layer": "road_density_grid", "cell_id": "r15_c17", "road_length_km": 19.9125, "road_density_km_per_km2": 19.8984}, "geometry": {"type": "Polygon", "coordinates": [[[75.865536, 22.685135], [75.875273, 22.685135], [75.875273, 22.694144], [75.865536, 22.694144], [75.865536, 22.685135]]]}}, {"type": "Feature", "properties": {"layer": "road_density_grid", "cell_id": "r14_c20", "road_length_km": 19.8676, "road_density_km_per_km2": 19.8522}, "geometry": {"type": "Polygon", "coordinates": [[[75.894748, 22.676126], [75.904485, 22.676126], [75.904485, 22.685135], [75.894748, 22.685135], [75.894748, 22.676126]]]}}, {"type": "Feature", "properties": {"layer": "road_density_grid", "cell_id": "r19_c18", "road_length_km": 19.838, "road_density_km_per_km2": 19.8291}, "geometry": {"type": "Polygon", "coordinates": [[[75.875273, 22.721171], [75.88501, 22.721171], [75.88501, 22.73018], [75.875273, 22.73018], [75.875273, 22.721171]]]}}, {"type": "Feature", "properties": {"layer": "road_density_grid", "cell_id": "r27_c20", "road_length_km": 19.8202, "road_density_km_per_km2": 19.8218}, "geometry": {"type": "Polygon", "coordinates": [[[75.894748, 22.793243], [75.904485, 22.793243], [75.904485, 22.802252], [75.894748, 22.802252], [75.894748, 22.793243]]]}}, {"type": "Feature", "properties": {"layer": "road_density_grid", "cell_id": "r14_c16", "road_length_km": 19.6495, "road_density_km_per_km2": 19.6343}, "geometry": {"type": "Polygon", "coordinates": [[[75.855798, 22.676126], [75.865536, 22.676126], [75.865536, 22.685135], [75.855798, 22.685135], [75.855798, 22.676126]]]}}, {"type": "Feature", "properties": {"layer": "road_density_grid", "cell_id": "r3_c1", "road_length_km": 19.5119, "road_density_km_per_km2": 19.4828}, "geometry": {"type": "Polygon", "coordinates": [[[75.709737, 22.577027], [75.719475, 22.577027], [75.719475, 22.586036], [75.709737, 22.586036], [75.709737, 22.577027]]]}}, {"type": "Feature", "properties": {"layer": "road_density_grid", "cell_id": "r25_c26", "road_length_km": 19.4929, "road_density_km_per_km2": 19.4919}, "geometry": {"type": "Polygon", "coordinates": [[[75.953172, 22.775225], [75.962909, 22.775225], [75.962909, 22.784234], [75.953172, 22.784234], [75.953172, 22.775225]]]}}, {"type": "Feature", "properties": {"layer": "road_density_grid", "cell_id": "r16_c23", "road_length_km": 19.4141, "road_density_km_per_km2": 19.4016}, "geometry": {"type": "Polygon", "coordinates": [[[75.92396, 22.694144], [75.933697, 22.694144], [75.933697, 22.703153], [75.92396, 22.703153], [75.92396, 22.694144]]]}}, {"type": "Feature", "properties": {"layer": "road_density_grid", "cell_id": "r24_c24", "road_length_km": 19.217, "road_density_km_per_km2": 19.2147}, "geometry": {"type": "Polygon", "coordinates": [[[75.933697, 22.766216], [75.943435, 22.766216], [75.943435, 22.775225], [75.933697, 22.775225], [75.933697, 22.766216]]]}}, {"type": "Feature", "properties": {"layer": "road_density_grid", "cell_id": "r23_c15", "road_length_km": 18.7338, "road_density_km_per_km2": 18.7304}, "geometry": {"type": "Polygon", "coordinates": [[[75.846061, 22.757207], [75.855798, 22.757207], [75.855798, 22.766216], [75.846061, 22.766216], [75.846061, 22.757207]]]}}, {"type": "Feature", "properties": {"layer": "road_density_grid", "cell_id": "r15_c23", "road_length_km": 18.5463, "road_density_km_per_km2": 18.5331}, "geometry": {"type": "Polygon", "coordinates": [[[75.92396, 22.685135], [75.933697, 22.685135], [75.933697, 22.694144], [75.92396, 22.694144], [75.92396, 22.685135]]]}}, {"type": "Feature", "properties": {"layer": "road_density_grid", "cell_id": "r24_c23", "road_length_km": 18.5106, "road_density_km_per_km2": 18.5085}, "geometry": {"type": "Polygon", "coordinates": [[[75.92396, 22.766216], [75.933697, 22.766216], [75.933697, 22.775225], [75.92396, 22.775225], [75.92396, 22.766216]]]}}, {"type": "Feature", "properties": {"layer": "road_density_grid", "cell_id": "r25_c14", "road_length_km": 18.3773, "road_density_km_per_km2": 18.3763}, "geometry": {"type": "Polygon", "coordinates": [[[75.836323, 22.775225], [75.846061, 22.775225], [75.846061, 22.784234], [75.836323, 22.784234], [75.836323, 22.775225]]]}}, {"type": "Feature", "properties": {"layer": "road_density_grid", "cell_id": "r18_c23", "road_length_km": 18.007, "road_density_km_per_km2": 17.9978}, "geometry": {"type": "Polygon", "coordinates": [[[75.92396, 22.712162], [75.933697, 22.712162], [75.933697, 22.721171], [75.92396, 22.721171], [75.92396, 22.712162]]]}}, {"type": "Feature", "properties": {"layer": "road_density_grid", "cell_id": "r23_c12", "road_length_km": 17.9907, "road_density_km_per_km2": 17.9874}, "geometry": {"type": "Polygon", "coordinates": [[[75.816849, 22.757207], [75.826586, 22.757207], [75.826586, 22.766216], [75.816849, 22.766216], [75.816849, 22.757207]]]}}, {"type": "Feature", "properties": {"layer": "road_density_grid", "cell_id": "r0_c6", "road_length_km": 17.953, "road_density_km_per_km2": 17.9227}, "geometry": {"type": "Polygon", "coordinates": [[[75.758424, 22.55], [75.768162, 22.55], [75.768162, 22.559009], [75.758424, 22.559009], [75.758424, 22.55]]]}}, {"type": "Feature", "properties": {"layer": "road_density_grid", "cell_id": "r26_c14", "road_length_km": 17.9214, "road_density_km_per_km2": 17.9217}, "geometry": {"type": "Polygon", "coordinates": [[[75.836323, 22.784234], [75.846061, 22.784234], [75.846061, 22.793243], [75.836323, 22.793243], [75.836323, 22.784234]]]}}, {"type": "Feature", "properties": {"layer": "road_density_grid", "cell_id": "r9_c10", "road_length_km": 17.8755, "road_density_km_per_km2": 17.8558}, "geometry": {"type": "Polygon", "coordinates": [[[75.797374, 22.631081], [75.807111, 22.631081], [75.807111, 22.64009], [75.797374, 22.64009], [75.797374, 22.631081]]]}}, {"type": "Feature", "properties": {"layer": "road_density_grid", "cell_id": "r14_c22", "road_length_km": 17.8496, "road_density_km_per_km2": 17.8358}, "geometry": {"type": "Polygon", "coordinates": [[[75.914223, 22.676126], [75.92396, 22.676126], [75.92396, 22.685135], [75.914223, 22.685135], [75.914223, 22.676126]]]}}, {"type": "Feature", "properties": {"layer": "road_density_grid", "cell_id": "r16_c12", "road_length_km": 17.8444, "road_density_km_per_km2": 17.8329}, "geometry": {"type": "Polygon", "coordinates": [[[75.816849, 22.694144], [75.826586, 22.694144], [75.826586, 22.703153], [75.816849, 22.703153], [75.816849, 22.694144]]]}}, {"type": "Feature", "properties": {"layer": "road_density_grid", "cell_id": "r25_c13", "road_length_km": 17.8433, "road_density_km_per_km2": 17.8424}, "geometry": {"type": "Polygon", "coordinates": [[[75.826586, 22.775225], [75.836323, 22.775225], [75.836323, 22.784234], [75.826586, 22.784234], [75.826586, 22.775225]]]}}, {"type": "Feature", "properties": {"layer": "road_density_grid", "cell_id": "r32_c16", "road_length_km": 17.7707, "road_density_km_per_km2": 17.778}, "geometry": {"type": "Polygon", "coordinates": [[[75.855798, 22.838288], [75.865536, 22.838288], [75.865536, 22.847297], [75.855798, 22.847297], [75.855798, 22.838288]]]}}, {"type": "Feature", "properties": {"layer": "road_density_grid", "cell_id": "r15_c15", "road_length_km": 17.7322, "road_density_km_per_km2": 17.7197}, "geometry": {"type": "Polygon", "coordinates": [[[75.846061, 22.685135], [75.855798, 22.685135], [75.855798, 22.694144], [75.846061, 22.694144], [75.846061, 22.685135]]]}}, {"type": "Feature", "properties": {"layer": "road_density_grid", "cell_id": "r12_c19", "road_length_km": 17.6868, "road_density_km_per_km2": 17.6708}, "geometry": {"type": "Polygon", "coordinates": [[[75.88501, 22.658108], [75.894748, 22.658108], [75.894748, 22.667117], [75.88501, 22.667117], [75.88501, 22.658108]]]}}, {"type": "Feature", "properties": {"layer": "road_density_grid", "cell_id": "r2_c4", "road_length_km": 17.4737, "road_density_km_per_km2": 17.4464}, "geometry": {"type": "Polygon", "coordinates": [[[75.73895, 22.568018], [75.748687, 22.568018], [75.748687, 22.577027], [75.73895, 22.577027], [75.73895, 22.568018]]]}}, {"type": "Feature", "properties": {"layer": "road_density_grid", "cell_id": "r22_c15", "road_length_km": 17.3375, "road_density_km_per_km2": 17.3332}, "geometry": {"type": "Polygon", "coordinates": [[[75.846061, 22.748198], [75.855798, 22.748198], [75.855798, 22.757207], [75.846061, 22.757207], [75.846061, 22.748198]]]}}, {"type": "Feature", "properties": {"layer": "road_density_grid", "cell_id": "r26_c20", "road_length_km": 17.3147, "road_density_km_per_km2": 17.315}, "geometry": {"type": "Polygon", "coordinates": [[[75.894748, 22.784234], [75.904485, 22.784234], [75.904485, 22.793243], [75.894748, 22.793243], [75.894748, 22.784234]]]}}, {"type": "Feature", "properties": {"layer": "road_density_grid", "cell_id": "r20_c16", "road_length_km": 17.2107, "road_density_km_per_km2": 17.2041}, "geometry": {"type": "Polygon", "coordinates": [[[75.855798, 22.73018], [75.865536, 22.73018], [75.865536, 22.739189], [75.855798, 22.739189], [75.855798, 22.73018]]]}}, {"type": "Feature", "properties": {"layer": "road_density_grid", "cell_id": "r1_c6", "road_length_km": 17.1881, "road_density_km_per_km2": 17.1602}, "geometry": {"type": "Polygon", "coordinates": [[[75.758424, 22.559009], [75.768162, 22.559009], [75.768162, 22.568018], [75.758424, 22.568018], [75.758424, 22.559009]]]}}, {"type": "Feature", "properties": {"layer": "road_density_grid", "cell_id": "r24_c25", "road_length_km": 17.1182, "road_density_km_per_km2": 17.1162}, "geometry": {"type": "Polygon", "coordinates": [[[75.943435, 22.766216], [75.953172, 22.766216], [75.953172, 22.775225], [75.943435, 22.775225], [75.943435, 22.766216]]]}}, {"type": "Feature", "properties": {"layer": "road_density_grid", "cell_id": "r27_c23", "road_length_km": 17.0793, "road_density_km_per_km2": 17.0807}, "geometry": {"type": "Polygon", "coordinates": [[[75.92396, 22.793243], [75.933697, 22.793243], [75.933697, 22.802252], [75.92396, 22.802252], [75.92396, 22.793243]]]}}, {"type": "Feature", "properties": {"layer": "road_density_grid", "cell_id": "r21_c8", "road_length_km": 16.9394, "road_density_km_per_km2": 16.9341}, "geometry": {"type": "Polygon", "coordinates": [[[75.777899, 22.739189], [75.787636, 22.739189], [75.787636, 22.748198], [75.777899, 22.748198], [75.777899, 22.739189]]]}}, {"type": "Feature", "properties": {"layer": "road_density_grid", "cell_id": "r27_c21", "road_length_km": 16.9245, "road_density_km_per_km2": 16.9259}, "geometry": {"type": "Polygon", "coordinates": [[[75.904485, 22.793243], [75.914223, 22.793243], [75.914223, 22.802252], [75.904485, 22.802252], [75.904485, 22.793243]]]}}, {"type": "Feature", "properties": {"layer": "road_density_grid", "cell_id": "r13_c19", "road_length_km": 16.8973, "road_density_km_per_km2": 16.8831}, "geometry": {"type": "Polygon", "coordinates": [[[75.88501, 22.667117], [75.894748, 22.667117], [75.894748, 22.676126], [75.88501, 22.676126], [75.88501, 22.667117]]]}}, {"type": "Feature", "properties": {"layer": "road_density_grid", "cell_id": "r13_c14", "road_length_km": 16.8527, "road_density_km_per_km2": 16.8385}, "geometry": {"type": "Polygon", "coordinates": [[[75.836323, 22.667117], [75.846061, 22.667117], [75.846061, 22.676126], [75.836323, 22.676126], [75.836323, 22.667117]]]}}, {"type": "Feature", "properties": {"layer": "road_density_grid", "cell_id": "r26_c15", "road_length_km": 16.8238, "road_density_km_per_km2": 16.8241}, "geometry": {"type": "Polygon", "coordinates": [[[75.846061, 22.784234], [75.855798, 22.784234], [75.855798, 22.793243], [75.846061, 22.793243], [75.846061, 22.784234]]]}}, {"type": "Feature", "properties": {"layer": "road_density_grid", "cell_id": "r0_c5", "road_length_km": 16.8033, "road_density_km_per_km2": 16.7749}, "geometry": {"type": "Polygon", "coordinates": [[[75.748687, 22.55], [75.758424, 22.55], [75.758424, 22.559009], [75.748687, 22.559009], [75.748687, 22.55]]]}}, {"type": "Feature", "properties": {"layer": "road_density_grid", "cell_id": "r12_c12", "road_length_km": 16.7837, "road_density_km_per_km2": 16.7685}, "geometry": {"type": "Polygon", "coordinates": [[[75.816849, 22.658108], [75.826586, 22.658108], [75.826586, 22.667117], [75.816849, 22.667117], [75.816849, 22.658108]]]}}, {"type": "Feature", "properties": {"layer": "road_density_grid", "cell_id": "r16_c20", "road_length_km": 16.7711, "road_density_km_per_km2": 16.7603}, "geometry": {"type": "Polygon", "coordinates": [[[75.894748, 22.694144], [75.904485, 22.694144], [75.904485, 22.703153], [75.894748, 22.703153], [75.894748, 22.694144]]]}}, {"type": "Feature", "properties": {"layer": "road_density_grid", "cell_id": "r14_c24", "road_length_km": 16.7264, "road_density_km_per_km2": 16.7134}, "geometry": {"type": "Polygon", "coordinates": [[[75.933697, 22.676126], [75.943435, 22.676126], [75.943435, 22.685135], [75.933697, 22.685135], [75.933697, 22.676126]]]}}, {"type": "Feature", "properties": {"layer": "road_density_grid", "cell_id": "r15_c22", "road_length_km": 16.6387, "road_density_km_per_km2": 16.627}, "geometry": {"type": "Polygon", "coordinates": [[[75.914223, 22.685135], [75.92396, 22.685135], [75.92396, 22.694144], [75.914223, 22.694144], [75.914223, 22.685135]]]}}, {"type": "Feature", "properties": {"layer": "road_density_grid", "cell_id": "r19_c8", "road_length_km": 16.6309, "road_density_km_per_km2": 16.6235}, "geometry": {"type": "Polygon", "coordinates": [[[75.777899, 22.721171], [75.787636, 22.721171], [75.787636, 22.73018], [75.777899, 22.73018], [75.777899, 22.721171]]]}}, {"type": "Feature", "properties": {"layer": "road_density_grid", "cell_id": "r8_c9", "road_length_km": 16.5593, "road_density_km_per_km2": 16.54}, "geometry": {"type": "Polygon", "coordinates": [[[75.787636, 22.622072], [75.797374, 22.622072], [75.797374, 22.631081], [75.787636, 22.631081], [75.787636, 22.622072]]]}}, {"type": "Feature", "properties": {"layer": "road_density_grid", "cell_id": "r12_c21", "road_length_km": 16.5156, "road_density_km_per_km2": 16.5006}, "geometry": {"type": "Polygon", "coordinates": [[[75.904485, 22.658108], [75.914223, 22.658108], [75.914223, 22.667117], [75.904485, 22.667117], [75.904485, 22.658108]]]}}, {"type": "Feature", "properties": {"layer": "road_density_grid", "cell_id": "r8_c11", "road_length_km": 16.4626, "road_density_km_per_km2": 16.4434}, "geometry": {"type": "Polygon", "coordinates": [[[75.807111, 22.622072], [75.816849, 22.622072], [75.816849, 22.631081], [75.807111, 22.631081], [75.807111, 22.622072]]]}}, {"type": "Feature", "properties": {"layer": "road_density_grid", "cell_id": "r29_c23", "road_length_km": 16.4529, "road_density_km_per_km2": 16.4564}, "geometry": {"type": "Polygon", "coordinates": [[[75.92396, 22.811261], [75.933697, 22.811261], [75.933697, 22.82027], [75.92396, 22.82027], [75.92396, 22.811261]]]}}, {"type": "Feature", "properties": {"layer": "road_density_grid", "cell_id": "r13_c11", "road_length_km": 16.4084, "road_density_km_per_km2": 16.3946}, "geometry": {"type": "Polygon", "coordinates": [[[75.807111, 22.667117], [75.816849, 22.667117], [75.816849, 22.676126], [75.807111, 22.676126], [75.807111, 22.667117]]]}}, {"type": "Feature", "properties": {"layer": "road_density_grid", "cell_id": "r1_c5", "road_length_km": 16.3427, "road_density_km_per_km2": 16.3162}, "geometry": {"type": "Polygon", "coordinates": [[[75.748687, 22.559009], [75.758424, 22.559009], [75.758424, 22.568018], [75.748687, 22.568018], [75.748687, 22.559009]]]}}, {"type": "Feature", "properties": {"layer": "road_density_grid", "cell_id": "r11_c10", "road_length_km": 16.3314, "road_density_km_per_km2": 16.3156}, "geometry": {"type": "Polygon", "coordinates": [[[75.797374, 22.649099], [75.807111, 22.649099], [75.807111, 22.658108], [75.797374, 22.658108], [75.797374, 22.649099]]]}}, {"type": "Feature", "properties": {"layer": "road_density_grid", "cell_id": "r12_c13", "road_length_km": 16.2791, "road_density_km_per_km2": 16.2643}, "geometry": {"type": "Polygon", "coordinates": [[[75.826586, 22.658108], [75.836323, 22.658108], [75.836323, 22.667117], [75.826586, 22.667117], [75.826586, 22.658108]]]}}, {"type": "Feature", "properties": {"layer": "road_density_grid", "cell_id": "r23_c24", "road_length_km": 16.2546, "road_density_km_per_km2": 16.2517}, "geometry": {"type": "Polygon", "coordinates": [[[75.933697, 22.757207], [75.943435, 22.757207], [75.943435, 22.766216], [75.933697, 22.766216], [75.933697, 22.757207]]]}}, {"type": "Feature", "properties": {"layer": "road_density_grid", "cell_id": "r22_c25", "road_length_km": 16.2496, "road_density_km_per_km2": 16.2456}, "geometry": {"type": "Polygon", "coordinates": [[[75.943435, 22.748198], [75.953172, 22.748198], [75.953172, 22.757207], [75.943435, 22.757207], [75.943435, 22.748198]]]}}, {"type": "Feature", "properties": {"layer": "road_density_grid", "cell_id": "r10_c10", "road_length_km": 16.2488, "road_density_km_per_km2": 16.2319}, "geometry": {"type": "Polygon", "coordinates": [[[75.797374, 22.64009], [75.807111, 22.64009], [75.807111, 22.649099], [75.797374, 22.649099], [75.797374, 22.64009]]]}}, {"type": "Feature", "properties": {"layer": "road_density_grid", "cell_id": "r21_c7", "road_length_km": 16.1796, "road_density_km_per_km2": 16.1745}, "geometry": {"type": "Polygon", "coordinates": [[[75.768162, 22.739189], [75.777899, 22.739189], [75.777899, 22.748198], [75.768162, 22.748198], [75.768162, 22.739189]]]}}, {"type": "Feature", "properties": {"layer": "road_density_grid", "cell_id": "r10_c12", "road_length_km": 16.1409, "road_density_km_per_km2": 16.1242}, "geometry": {"type": "Polygon", "coordinates": [[[75.816849, 22.64009], [75.826586, 22.64009], [75.826586, 22.649099], [75.816849, 22.649099], [75.816849, 22.64009]]]}}, {"type": "Feature", "properties": {"layer": "road_density_grid", "cell_id": "r24_c12", "road_length_km": 16.0758, "road_density_km_per_km2": 16.074}, "geometry": {"type": "Polygon", "coordinates": [[[75.816849, 22.766216], [75.826586, 22.766216], [75.826586, 22.775225], [75.816849, 22.775225], [75.816849, 22.766216]]]}}, {"type": "Feature", "properties": {"layer": "road_density_grid", "cell_id": "r12_c14", "road_length_km": 16.0456, "road_density_km_per_km2": 16.031}, "geometry": {"type": "Polygon", "coordinates": [[[75.836323, 22.658108], [75.846061, 22.658108], [75.846061, 22.667117], [75.836323, 22.667117], [75.836323, 22.658108]]]}}, {"type": "Feature", "properties": {"layer": "road_density_grid", "cell_id": "r27_c22", "road_length_km": 16.045, "road_density_km_per_km2": 16.0463}, "geometry": {"type": "Polygon", "coordinates": [[[75.914223, 22.793243], [75.92396, 22.793243], [75.92396, 22.802252], [75.914223, 22.802252], [75.914223, 22.793243]]]}}, {"type": "Feature", "properties": {"layer": "road_density_grid", "cell_id": "r21_c12", "road_length_km": 16.0373, "road_density_km_per_km2": 16.0323}, "geometry": {"type": "Polygon", "coordinates": [[[75.816849, 22.739189], [75.826586, 22.739189], [75.826586, 22.748198], [75.816849, 22.748198], [75.816849, 22.739189]]]}}, {"type": "Feature", "properties": {"layer": "road_density_grid", "cell_id": "r8_c19", "road_length_km": 15.9437, "road_density_km_per_km2": 15.9251}, "geometry": {"type": "Polygon", "coordinates": [[[75.88501, 22.622072], [75.894748, 22.622072], [75.894748, 22.631081], [75.88501, 22.631081], [75.88501, 22.622072]]]}}, {"type": "Feature", "properties": {"layer": "road_density_grid", "cell_id": "r20_c17", "road_length_km": 15.8295, "road_density_km_per_km2": 15.8235}, "geometry": {"type": "Polygon", "coordinates": [[[75.865536, 22.73018], [75.875273, 22.73018], [75.875273, 22.739189], [75.865536, 22.739189], [75.865536, 22.73018]]]}}, {"type": "Feature", "properties": {"layer": "road_density_grid", "cell_id": "r12_c22", "road_length_km": 15.7617, "road_density_km_per_km2": 15.7474}, "geometry": {"type": "Polygon", "coordinates": [[[75.914223, 22.658108], [75.92396, 22.658108], [75.92396, 22.667117], [75.914223, 22.667117], [75.914223, 22.658108]]]}}, {"type": "Feature", "properties": {"layer": "road_density_grid", "cell_id": "r13_c17", "road_length_km": 15.7517, "road_density_km_per_km2": 15.7385}, "geometry": {"type": "Polygon", "coordinates": [[[75.865536, 22.667117], [75.875273, 22.667117], [75.875273, 22.676126], [75.865536, 22.676126], [75.865536, 22.667117]]]}}, {"type": "Feature", "properties": {"layer": "road_density_grid", "cell_id": "r9_c12", "road_length_km": 15.7343, "road_density_km_per_km2": 15.717}, "geometry": {"type": "Polygon", "coordinates": [[[75.816849, 22.631081], [75.826586, 22.631081], [75.826586, 22.64009], [75.816849, 22.64009], [75.816849, 22.631081]]]}}, {"type": "Feature", "properties": {"layer": "road_density_grid", "cell_id": "r17_c10", "road_length_km": 15.7143, "road_density_km_per_km2": 15.7052}, "geometry": {"type": "Polygon", "coordinates": [[[75.797374, 22.703153], [75.807111, 22.703153], [75.807111, 22.712162], [75.797374, 22.712162], [75.797374, 22.703153]]]}}, {"type": "Feature", "properties": {"layer": "road_density_grid", "cell_id": "r8_c10", "road_length_km": 15.7062, "road_density_km_per_km2": 15.6879}, "geometry": {"type": "Polygon", "coordinates": [[[75.797374, 22.622072], [75.807111, 22.622072], [75.807111, 22.631081], [75.797374, 22.631081], [75.797374, 22.622072]]]}}, {"type": "Feature", "properties": {"layer": "road_density_grid", "cell_id": "r10_c11", "road_length_km": 15.6758, "road_density_km_per_km2": 15.6595}, "geometry": {"type": "Polygon", "coordinates": [[[75.807111, 22.64009], [75.816849, 22.64009], [75.816849, 22.649099], [75.807111, 22.649099], [75.807111, 22.64009]]]}}, {"type": "Feature", "properties": {"layer": "road_density_grid", "cell_id": "r26_c19", "road_length_km": 15.6017, "road_density_km_per_km2": 15.6019}, "geometry": {"type": "Polygon", "coordinates": [[[75.88501, 22.784234], [75.894748, 22.784234], [75.894748, 22.793243], [75.88501, 22.793243], [75.88501, 22.784234]]]}}, {"type": "Feature", "properties": {"layer": "road_density_grid", "cell_id": "r28_c20", "road_length_km": 15.5591, "road_density_km_per_km2": 15.5614}, "geometry": {"type": "Polygon", "coordinates": [[[75.894748, 22.802252], [75.904485, 22.802252], [75.904485, 22.811261], [75.894748, 22.811261], [75.894748, 22.802252]]]}}, {"type": "Feature", "properties": {"layer": "road_density_grid", "cell_id": "r14_c17", "road_length_km": 15.4402, "road_density_km_per_km2": 15.4282}, "geometry": {"type": "Polygon", "coordinates": [[[75.865536, 22.676126], [75.875273, 22.676126], [75.875273, 22.685135], [75.865536, 22.685135], [75.865536, 22.676126]]]}}, {"type": "Feature", "properties": {"layer": "road_density_grid", "cell_id": "r21_c10", "road_length_km": 15.2936, "road_density_km_per_km2": 15.2888}, "geometry": {"type": "Polygon", "coordinates": [[[75.797374, 22.739189], [75.807111, 22.739189], [75.807111, 22.748198], [75.797374, 22.748198], [75.797374, 22.739189]]]}}, {"type": "Feature", "properties": {"layer": "road_density_grid", "cell_id": "r25_c20", "road_length_km": 15.2853, "road_density_km_per_km2": 15.2845}, "geometry": {"type": "Polygon", "coordinates": [[[75.894748, 22.775225], [75.904485, 22.775225], [75.904485, 22.784234], [75.894748, 22.784234], [75.894748, 22.775225]]]}}, {"type": "Feature", "properties": {"layer": "road_density_grid", "cell_id": "r11_c9", "road_length_km": 15.2783, "road_density_km_per_km2": 15.2635}, "geometry": {"type": "Polygon", "coordinates": [[[75.787636, 22.649099], [75.797374, 22.649099], [75.797374, 22.658108], [75.787636, 22.658108], [75.787636, 22.649099]]]}}, {"type": "Feature", "properties": {"layer": "road_density_grid", "cell_id": "r25_c21", "road_length_km": 15.2685, "road_density_km_per_km2": 15.2677}, "geometry": {"type": "Polygon", "coordinates": [[[75.904485, 22.775225], [75.914223, 22.775225], [75.914223, 22.784234], [75.904485, 22.784234], [75.904485, 22.775225]]]}}, {"type": "Feature", "properties": {"layer": "road_density_grid", "cell_id": "r23_c11", "road_length_km": 15.1464, "road_density_km_per_km2": 15.1436}, "geometry": {"type": "Polygon", "coordinates": [[[75.807111, 22.757207], [75.816849, 22.757207], [75.816849, 22.766216], [75.807111, 22.766216], [75.807111, 22.757207]]]}}, {"type": "Feature", "properties": {"layer": "road_density_grid", "cell_id": "r25_c23", "road_length_km": 15.1156, "road_density_km_per_km2": 15.1149}, "geometry": {"type": "Polygon", "coordinates": [[[75.92396, 22.775225], [75.933697, 22.775225], [75.933697, 22.784234], [75.92396, 22.784234], [75.92396, 22.775225]]]}}, {"type": "Feature", "properties": {"layer": "road_density_grid", "cell_id": "r17_c23", "road_length_km": 15.0224, "road_density_km_per_km2": 15.0137}, "geometry": {"type": "Polygon", "coordinates": [[[75.92396, 22.703153], [75.933697, 22.703153], [75.933697, 22.712162], [75.92396, 22.712162], [75.92396, 22.703153]]]}}, {"type": "Feature", "properties": {"layer": "road_density_grid", "cell_id": "r22_c10", "road_length_km": 15.0051, "road_density_km_per_km2": 15.0013}, "geometry": {"type": "Polygon", "coordinates": [[[75.797374, 22.748198], [75.807111, 22.748198], [75.807111, 22.757207], [75.797374, 22.757207], [75.797374, 22.748198]]]}}, {"type": "Feature", "properties": {"layer": "road_density_grid", "cell_id": "r23_c14", "road_length_km": 14.9444, "road_density_km_per_km2": 14.9417}, "geometry": {"type": "Polygon", "coordinates": [[[75.836323, 22.757207], [75.846061, 22.757207], [75.846061, 22.766216], [75.836323, 22.766216], [75.836323, 22.757207]]]}}, {"type": "Feature", "properties": {"layer": "road_density_grid", "cell_id": "r28_c24", "road_length_km": 14.9383, "road_density_km_per_km2": 14.9405}, "geometry": {"type": "Polygon", "coordinates": [[[75.933697, 22.802252], [75.943435, 22.802252], [75.943435, 22.811261], [75.933697, 22.811261], [75.933697, 22.802252]]]}}, {"type": "Feature", "properties": {"layer": "road_density_grid", "cell_id": "r12_c11", "road_length_km": 14.9313, "road_density_km_per_km2": 14.9177}, "geometry": {"type": "Polygon", "coordinates": [[[75.807111, 22.658108], [75.816849, 22.658108], [75.816849, 22.667117], [75.807111, 22.667117], [75.807111, 22.658108]]]}}, {"type": "Feature", "properties": {"layer": "road_density_grid", "cell_id": "r20_c8", "road_length_km": 14.9146, "road_density_km_per_km2": 14.9089}, "geometry": {"type": "Polygon", "coordinates": [[[75.777899, 22.73018], [75.787636, 22.73018], [75.787636, 22.739189], [75.777899, 22.739189], [75.777899, 22.73018]]]}}, {"type": "Feature", "properties": {"layer": "road_density_grid", "cell_id": "r20_c23", "road_length_km": 14.9023, "road_density_km_per_km2": 14.8967}, "geometry": {"type": "Polygon", "coordinates": [[[75.92396, 22.73018], [75.933697, 22.73018], [75.933697, 22.739189], [75.92396, 22.739189], [75.92396, 22.73018]]]}}, {"type": "Feature", "properties": {"layer": "road_density_grid", "cell_id": "r24_c14", "road_length_km": 14.893, "road_density_km_per_km2": 14.8913}, "geometry": {"type": "Polygon", "coordinates": [[[75.836323, 22.766216], [75.846061, 22.766216], [75.846061, 22.775225], [75.836323, 22.775225], [75.836323, 22.766216]]]}}, {"type": "Feature", "properties": {"layer": "road_density_grid", "cell_id": "r9_c14", "road_length_km": 14.886, "road_density_km_per_km2": 14.8696}, "geometry": {"type": "Polygon", "coordinates": [[[75.836323, 22.631081], [75.846061, 22.631081], [75.846061, 22.64009], [75.836323, 22.64009], [75.836323, 22.631081]]]}}, {"type": "Feature", "properties": {"layer": "road_density_grid", "cell_id": "r1_c4", "road_length_km": 14.8829, "road_density_km_per_km2": 14.8588}, "geometry": {"type": "Polygon", "coordinates": [[[75.73895, 22.559009], [75.748687, 22.559009], [75.748687, 22.568018], [75.73895, 22.568018], [75.73895, 22.559009]]]}}, {"type": "Feature", "properties": {"layer": "road_density_grid", "cell_id": "r24_c13", "road_length_km": 14.794, "road_density_km_per_km2": 14.7923}, "geometry": {"type": "Polygon", "coordinates": [[[75.826586, 22.766216], [75.836323, 22.766216], [75.836323, 22.775225], [75.826586, 22.775225], [75.826586, 22.766216]]]}}, {"type": "Feature", "properties": {"layer": "road_density_grid", "cell_id": "r11_c13", "road_length_km": 14.7822, "road_density_km_per_km2": 14.7679}, "geometry": {"type": "Polygon", "coordinates": [[[75.826586, 22.649099], [75.836323, 22.649099], [75.836323, 22.658108], [75.826586, 22.658108], [75.826586, 22.649099]]]}}, {"type": "Feature", "properties": {"layer": "road_density_grid", "cell_id": "r14_c21", "road_length_km": 14.7783, "road_density_km_per_km2": 14.7669}, "geometry": {"type": "Polygon", "coordinates": [[[75.904485, 22.676126], [75.914223, 22.676126], [75.914223, 22.685135], [75.904485, 22.685135], [75.904485, 22.676126]]]}}, {"type": "Feature", "properties": {"layer": "road_density_grid", "cell_id": "r29_c20", "road_length_km": 14.5978, "road_density_km_per_km2": 14.6009}, "geometry": {"type": "Polygon", "coordinates": [[[75.894748, 22.811261], [75.904485, 22.811261], [75.904485, 22.82027], [75.894748, 22.82027], [75.894748, 22.811261]]]}}, {"type": "Feature", "properties": {"layer": "road_density_grid", "cell_id": "r24_c22", "road_length_km": 14.5158, "road_density_km_per_km2": 14.5141}, "geometry": {"type": "Polygon", "coordinates": [[[75.914223, 22.766216], [75.92396, 22.766216], [75.92396, 22.775225], [75.914223, 22.775225], [75.914223, 22.766216]]]}}, {"type": "Feature", "properties": {"layer": "road_density_grid", "cell_id": "r17_c19", "road_length_km": 14.5026, "road_density_km_per_km2": 14.4942}, "geometry": {"type": "Polygon", "coordinates": [[[75.88501, 22.703153], [75.894748, 22.703153], [75.894748, 22.712162], [75.88501, 22.712162], [75.88501, 22.703153]]]}}, {"type": "Feature", "properties": {"layer": "road_density_grid", "cell_id": "r24_c17", "road_length_km": 14.4366, "road_density_km_per_km2": 14.4349}, "geometry": {"type": "Polygon", "coordinates": [[[75.865536, 22.766216], [75.875273, 22.766216], [75.875273, 22.775225], [75.865536, 22.775225], [75.865536, 22.766216]]]}}, {"type": "Feature", "properties": {"layer": "road_density_grid", "cell_id": "r8_c14", "road_length_km": 14.3564, "road_density_km_per_km2": 14.3396}, "geometry": {"type": "Polygon", "coordinates": [[[75.836323, 22.622072], [75.846061, 22.622072], [75.846061, 22.631081], [75.836323, 22.631081], [75.836323, 22.622072]]]}}, {"type": "Feature", "properties": {"layer": "road_density_grid", "cell_id": "r26_c22", "road_length_km": 14.2924, "road_density_km_per_km2": 14.2926}, "geometry": {"type": "Polygon", "coordinates": [[[75.914223, 22.784234], [75.92396, 22.784234], [75.92396, 22.793243], [75.914223, 22.793243], [75.914223, 22.784234]]]}}, {"type": "Feature", "properties": {"layer": "road_density_grid", "cell_id": "r14_c18", "road_length_km": 14.2753, "road_density_km_per_km2": 14.2642}, "geometry": {"type": "Polygon", "coordinates": [[[75.875273, 22.676126], [75.88501, 22.676126], [75.88501, 22.685135], [75.875273, 22.685135], [75.875273, 22.676126]]]}}, {"type": "Feature", "properties": {"layer": "road_density_grid", "cell_id": "r21_c23", "road_length_km": 14.2025, "road_density_km_per_km2": 14.198}, "geometry": {"type": "Polygon", "coordinates": [[[75.92396, 22.739189], [75.933697, 22.739189], [75.933697, 22.748198], [75.92396, 22.748198], [75.92396, 22.739189]]]}}, {"type": "Feature", "properties": {"layer": "road_density_grid", "cell_id": "r16_c24", "road_length_km": 14.154, "road_density_km_per_km2": 14.1449}, "geometry": {"type": "Polygon", "coordinates": [[[75.933697, 22.694144], [75.943435, 22.694144], [75.943435, 22.703153], [75.933697, 22.703153], [75.933697, 22.694144]]]}}, {"type": "Feature", "properties": {"layer": "road_density_grid", "cell_id": "r3_c8", "road_length_km": 14.1405, "road_density_km_per_km2": 14.1193}, "geometry": {"type": "Polygon", "coordinates": [[[75.777899, 22.577027], [75.787636, 22.577027], [75.787636, 22.586036], [75.777899, 22.586036], [75.777899, 22.577027]]]}}, {"type": "Feature", "properties": {"layer": "road_density_grid", "cell_id": "r2_c3", "road_length_km": 14.1149, "road_density_km_per_km2": 14.0929}, "geometry": {"type": "Polygon", "coordinates": [[[75.729212, 22.568018], [75.73895, 22.568018], [75.73895, 22.577027], [75.729212, 22.577027], [75.729212, 22.568018]]]}}, {"type": "Feature", "properties": {"layer": "road_density_grid", "cell_id": "r25_c22", "road_length_km": 14.0952, "road_density_km_per_km2": 14.0945}, "geometry": {"type": "Polygon", "coordinates": [[[75.914223, 22.775225], [75.92396, 22.775225], [75.92396, 22.784234], [75.914223, 22.784234], [75.914223, 22.775225]]]}}, {"type": "Feature", "properties": {"layer": "road_density_grid", "cell_id": "r22_c26", "road_length_km": 14.0502, "road_density_km_per_km2": 14.0467}, "geometry": {"type": "Polygon", "coordinates": [[[75.953172, 22.748198], [75.962909, 22.748198], [75.962909, 22.757207], [75.953172, 22.757207], [75.953172, 22.748198]]]}}, {"type": "Feature", "properties": {"layer": "road_density_grid", "cell_id": "r9_c19", "road_length_km": 14.0125, "road_density_km_per_km2": 13.9971}, "geometry": {"type": "Polygon", "coordinates": [[[75.88501, 22.631081], [75.894748, 22.631081], [75.894748, 22.64009], [75.88501, 22.64009], [75.88501, 22.631081]]]}}, {"type": "Feature", "properties": {"layer": "road_density_grid", "cell_id": "r19_c11", "road_length_km": 13.933, "road_density_km_per_km2": 13.9268}, "geometry": {"type": "Polygon", "coordinates": [[[75.807111, 22.721171], [75.816849, 22.721171], [75.816849, 22.73018], [75.807111, 22.73018], [75.807111, 22.721171]]]}}, {"type": "Feature", "properties": {"layer": "road_density_grid", "cell_id": "r13_c22", "road_length_km": 13.9213, "road_density_km_per_km2": 13.9097}, "geometry": {"type": "Polygon", "coordinates": [[[75.914223, 22.667117], [75.92396, 22.667117], [75.92396, 22.676126], [75.914223, 22.676126], [75.914223, 22.667117]]]}}, {"type": "Feature", "properties": {"layer": "road_density_grid", "cell_id": "r13_c21", "road_length_km": 13.9135, "road_density_km_per_km2": 13.9018}, "geometry": {"type": "Polygon", "coordinates": [[[75.904485, 22.667117], [75.914223, 22.667117], [75.914223, 22.676126], [75.904485, 22.676126], [75.904485, 22.667117]]]}}, {"type": "Feature", "properties": {"layer": "road_density_grid", "cell_id": "r8_c18", "road_length_km": 13.9088, "road_density_km_per_km2": 13.8925}, "geometry": {"type": "Polygon", "coordinates": [[[75.875273, 22.622072], [75.88501, 22.622072], [75.88501, 22.631081], [75.875273, 22.631081], [75.875273, 22.622072]]]}}, {"type": "Feature", "properties": {"layer": "road_density_grid", "cell_id": "r20_c7", "road_length_km": 13.8466, "road_density_km_per_km2": 13.8414}, "geometry": {"type": "Polygon", "coordinates": [[[75.768162, 22.73018], [75.777899, 22.73018], [75.777899, 22.739189], [75.768162, 22.739189], [75.768162, 22.73018]]]}}, {"type": "Feature", "properties": {"layer": "road_density_grid", "cell_id": "r11_c22", "road_length_km": 13.7878, "road_density_km_per_km2": 13.7744}, "geometry": {"type": "Polygon", "coordinates": [[[75.914223, 22.649099], [75.92396, 22.649099], [75.92396, 22.658108], [75.914223, 22.658108], [75.914223, 22.649099]]]}}, {"type": "Feature", "properties": {"layer": "road_density_grid", "cell_id": "r28_c21", "road_length_km": 13.7471, "road_density_km_per_km2": 13.7491}, "geometry": {"type": "Polygon", "coordinates": [[[75.904485, 22.802252], [75.914223, 22.802252], [75.914223, 22.811261], [75.904485, 22.811261], [75.904485, 22.802252]]]}}, {"type": "Feature", "properties": {"layer": "road_density_grid", "cell_id": "r14_c19", "road_length_km": 13.7008, "road_density_km_per_km2": 13.6902}, "geometry": {"type": "Polygon", "coordinates": [[[75.88501, 22.676126], [75.894748, 22.676126], [75.894748, 22.685135], [75.88501, 22.685135], [75.88501, 22.676126]]]}}, {"type": "Feature", "properties": {"layer": "road_density_grid", "cell_id": "r25_c15", "road_length_km": 13.6733, "road_density_km_per_km2": 13.6726}, "geometry": {"type": "Polygon", "coordinates": [[[75.846061, 22.775225], [75.855798, 22.775225], [75.855798, 22.784234], [75.846061, 22.784234], [75.846061, 22.775225]]]}}, {"type": "Feature", "properties": {"layer": "road_density_grid", "cell_id": "r2_c6", "road_length_km": 13.6094, "road_density_km_per_km2": 13.5882}, "geometry": {"type": "Polygon", "coordinates": [[[75.758424, 22.568018], [75.768162, 22.568018], [75.768162, 22.577027], [75.758424, 22.577027], [75.758424, 22.568018]]]}}, {"type": "Feature", "properties": {"layer": "road_density_grid", "cell_id": "r9_c20", "road_length_km": 13.6079, "road_density_km_per_km2": 13.5929}, "geometry": {"type": "Polygon", "coordinates": [[[75.894748, 22.631081], [75.904485, 22.631081], [75.904485, 22.64009], [75.894748, 22.64009], [75.894748, 22.631081]]]}}, {"type": "Feature", "properties": {"layer": "road_density_grid", "cell_id": "r0_c7", "road_length_km": 13.6019, "road_density_km_per_km2": 13.5789}, "geometry": {"type": "Polygon", "coordinates": [[[75.768162, 22.55], [75.777899, 22.55], [75.777899, 22.559009], [75.768162, 22.559009], [75.768162, 22.55]]]}}, {"type": "Feature", "properties": {"layer": "road_density_grid", "cell_id": "r21_c24", "road_length_km": 13.5303, "road_density_km_per_km2": 13.5261}, "geometry": {"type": "Polygon", "coordinates": [[[75.933697, 22.739189], [75.943435, 22.739189], [75.943435, 22.748198], [75.933697, 22.748198], [75.933697, 22.739189]]]}}, {"type": "Feature", "properties": {"layer": "road_density_grid", "cell_id": "r12_c10", "road_length_km": 13.5218, "road_density_km_per_km2": 13.5096}, "geometry": {"type": "Polygon", "coordinates": [[[75.797374, 22.658108], [75.807111, 22.658108], [75.807111, 22.667117], [75.797374, 22.667117], [75.797374, 22.658108]]]}}, {"type": "Feature", "properties": {"layer": "road_density_grid", "cell_id": "r27_c24", "road_length_km": 13.297, "road_density_km_per_km2": 13.2981}, "geometry": {"type": "Polygon", "coordinates": [[[75.933697, 22.793243], [75.943435, 22.793243], [75.943435, 22.802252], [75.933697, 22.802252], [75.933697, 22.793243]]]}}, {"type": "Feature", "properties": {"layer": "road_density_grid", "cell_id": "r26_c24", "road_length_km": 13.2655, "road_density_km_per_km2": 13.2657}, "geometry": {"type": "Polygon", "coordinates": [[[75.933697, 22.784234], [75.943435, 22.784234], [75.943435, 22.793243], [75.933697, 22.793243], [75.933697, 22.784234]]]}}, {"type": "Feature", "properties": {"layer": "road_density_grid", "cell_id": "r21_c28", "road_length_km": 13.2511, "road_density_km_per_km2": 13.247}, "geometry": {"type": "Polygon", "coordinates": [[[75.972647, 22.739189], [75.982384, 22.739189], [75.982384, 22.748198], [75.972647, 22.748198], [75.972647, 22.739189]]]}}, {"type": "Feature", "properties": {"layer": "road_density_grid", "cell_id": "r23_c25", "road_length_km": 13.1451, "road_density_km_per_km2": 13.1427}, "geometry": {"type": "Polygon", "coordinates": [[[75.943435, 22.757207], [75.953172, 22.757207], [75.953172, 22.766216], [75.943435, 22.766216], [75.943435, 22.757207]]]}}, {"type": "Feature", "properties": {"layer": "road_density_grid", "cell_id": "r30_c25", "road_length_km": 13.131, "road_density_km_per_km2": 13.1347}, "geometry": {"type": "Polygon", "coordinates": [[[75.943435, 22.82027], [75.953172, 22.82027], [75.953172, 22.829279], [75.943435, 22.829279], [75.943435, 22.82027]]]}}, {"type": "Feature", "properties": {"layer": "road_density_grid", "cell_id": "r29_c21", "road_length_km": 13.1149, "road_density_km_per_km2": 13.1177}, "geometry": {"type": "Polygon", "coordinates": [[[75.904485, 22.811261], [75.914223, 22.811261], [75.914223, 22.82027], [75.904485, 22.82027], [75.904485, 22.811261]]]}}, {"type": "Feature", "properties": {"layer": "road_density_grid", "cell_id": "r20_c9", "road_length_km": 12.9523, "road_density_km_per_km2": 12.9474}, "geometry": {"type": "Polygon", "coordinates": [[[75.787636, 22.73018], [75.797374, 22.73018], [75.797374, 22.739189], [75.787636, 22.739189], [75.787636, 22.73018]]]}}, {"type": "Feature", "properties": {"layer": "road_density_grid", "cell_id": "r1_c21", "road_length_km": 12.8366, "road_density_km_per_km2": 12.8158}, "geometry": {"type": "Polygon", "coordinates": [[[75.904485, 22.559009], [75.914223, 22.559009], [75.914223, 22.568018], [75.904485, 22.568018], [75.904485, 22.559009]]]}}, {"type": "Feature", "properties": {"layer": "road_density_grid", "cell_id": "r32_c17", "road_length_km": 12.7928, "road_density_km_per_km2": 12.7981}, "geometry": {"type": "Polygon", "coordinates": [[[75.865536, 22.838288], [75.875273, 22.838288], [75.875273, 22.847297], [75.865536, 22.847297], [75.865536, 22.838288]]]}}, {"type": "Feature", "properties": {"layer": "road_density_grid", "cell_id": "r26_c23", "road_length_km": 12.7667, "road_density_km_per_km2": 12.7669}, "geometry": {"type": "Polygon", "coordinates": [[[75.92396, 22.784234], [75.933697, 22.784234], [75.933697, 22.793243], [75.92396, 22.793243], [75.92396, 22.784234]]]}}, {"type": "Feature", "properties": {"layer": "road_density_grid", "cell_id": "r29_c24", "road_length_km": 12.6879, "road_density_km_per_km2": 12.6906}, "geometry": {"type": "Polygon", "coordinates": [[[75.933697, 22.811261], [75.943435, 22.811261], [75.943435, 22.82027], [75.933697, 22.82027], [75.933697, 22.811261]]]}}, {"type": "Feature", "properties": {"layer": "road_density_grid", "cell_id": "r19_c7", "road_length_km": 12.6858, "road_density_km_per_km2": 12.6801}, "geometry": {"type": "Polygon", "coordinates": [[[75.768162, 22.721171], [75.777899, 22.721171], [75.777899, 22.73018], [75.768162, 22.73018], [75.768162, 22.721171]]]}}, {"type": "Feature", "properties": {"layer": "road_density_grid", "cell_id": "r22_c24", "road_length_km": 12.6298, "road_density_km_per_km2": 12.6266}, "geometry": {"type": "Polygon", "coordinates": [[[75.933697, 22.748198], [75.943435, 22.748198], [75.943435, 22.757207], [75.933697, 22.757207], [75.933697, 22.748198]]]}}, {"type": "Feature", "properties": {"layer": "road_density_grid", "cell_id": "r7_c0", "road_length_km": 12.5968, "road_density_km_per_km2": 12.5813}, "geometry": {"type": "Polygon", "coordinates": [[[75.7, 22.613063], [75.709737, 22.613063], [75.709737, 22.622072], [75.7, 22.622072], [75.7, 22.613063]]]}}, {"type": "Feature", "properties": {"layer": "road_density_grid", "cell_id": "r25_c10", "road_length_km": 12.3967, "road_density_km_per_km2": 12.3961}, "geometry": {"type": "Polygon", "coordinates": [[[75.797374, 22.775225], [75.807111, 22.775225], [75.807111, 22.784234], [75.797374, 22.784234], [75.797374, 22.775225]]]}}, {"type": "Feature", "properties": {"layer": "road_density_grid", "cell_id": "r10_c14", "road_length_km": 12.3589, "road_density_km_per_km2": 12.3461}, "geometry": {"type": "Polygon", "coordinates": [[[75.836323, 22.64009], [75.846061, 22.64009], [75.846061, 22.649099], [75.836323, 22.649099], [75.836323, 22.64009]]]}}, {"type": "Feature", "properties": {"layer": "road_density_grid", "cell_id": "r21_c6", "road_length_km": 12.3496, "road_density_km_per_km2": 12.3457}, "geometry": {"type": "Polygon", "coordinates": [[[75.758424, 22.739189], [75.768162, 22.739189], [75.768162, 22.748198], [75.758424, 22.748198], [75.758424, 22.739189]]]}}, {"type": "Feature", "properties": {"layer": "road_density_grid", "cell_id": "r26_c13", "road_length_km": 12.3205, "road_density_km_per_km2": 12.3207}, "geometry": {"type": "Polygon", "coordinates": [[[75.826586, 22.784234], [75.836323, 22.784234], [75.836323, 22.793243], [75.826586, 22.793243], [75.826586, 22.784234]]]}}, {"type": "Feature", "properties": {"layer": "road_density_grid", "cell_id": "r18_c11", "road_length_km": 12.2792, "road_density_km_per_km2": 12.2729}, "geometry": {"type": "Polygon", "coordinates": [[[75.807111, 22.712162], [75.816849, 22.712162], [75.816849, 22.721171], [75.807111, 22.721171], [75.807111, 22.712162]]]}}, {"type": "Feature", "properties": {"layer": "road_density_grid", "cell_id": "r7_c11", "road_length_km": 12.2206, "road_density_km_per_km2": 12.2056}, "geometry": {"type": "Polygon", "coordinates": [[[75.807111, 22.613063], [75.816849, 22.613063], [75.816849, 22.622072], [75.807111, 22.622072], [75.807111, 22.613063]]]}}, {"type": "Feature", "properties": {"layer": "road_density_grid", "cell_id": "r27_c14", "road_length_km": 12.2049, "road_density_km_per_km2": 12.2059}, "geometry": {"type": "Polygon", "coordinates": [[[75.836323, 22.793243], [75.846061, 22.793243], [75.846061, 22.802252], [75.836323, 22.802252], [75.836323, 22.793243]]]}}, {"type": "Feature", "properties": {"layer": "road_density_grid", "cell_id": "r22_c11", "road_length_km": 12.0775, "road_density_km_per_km2": 12.0745}, "geometry": {"type": "Polygon", "coordinates": [[[75.807111, 22.748198], [75.816849, 22.748198], [75.816849, 22.757207], [75.807111, 22.757207], [75.807111, 22.748198]]]}}, {"type": "Feature", "properties": {"layer": "road_density_grid", "cell_id": "r6_c19", "road_length_km": 12.0009, "road_density_km_per_km2": 11.9853}, "geometry": {"type": "Polygon", "coordinates": [[[75.88501, 22.604054], [75.894748, 22.604054], [75.894748, 22.613063], [75.88501, 22.613063], [75.88501, 22.604054]]]}}, {"type": "Feature", "properties": {"layer": "road_density_grid", "cell_id": "r19_c25", "road_length_km": 11.9479, "road_density_km_per_km2": 11.9426}, "geometry": {"type": "Polygon", "coordinates": [[[75.943435, 22.721171], [75.953172, 22.721171], [75.953172, 22.73018], [75.943435, 22.73018], [75.943435, 22.721171]]]}}, {"type": "Feature", "properties": {"layer": "road_density_grid", "cell_id": "r23_c26", "road_length_km": 11.9033, "road_density_km_per_km2": 11.9011}, "geometry": {"type": "Polygon", "coordinates": [[[75.953172, 22.757207], [75.962909, 22.757207], [75.962909, 22.766216], [75.953172, 22.766216], [75.953172, 22.757207]]]}}, {"type": "Feature", "properties": {"layer": "road_density_grid", "cell_id": "r20_c25", "road_length_km": 11.8915, "road_density_km_per_km2": 11.887}, "geometry": {"type": "Polygon", "coordinates": [[[75.943435, 22.73018], [75.953172, 22.73018], [75.953172, 22.739189], [75.943435, 22.739189], [75.943435, 22.73018]]]}}, {"type": "Feature", "properties": {"layer": "road_density_grid", "cell_id": "r24_c15", "road_length_km": 11.8774, "road_density_km_per_km2": 11.876}, "geometry": {"type": "Polygon", "coordinates": [[[75.846061, 22.766216], [75.855798, 22.766216], [75.855798, 22.775225], [75.846061, 22.775225], [75.846061, 22.766216]]]}}, {"type": "Feature", "properties": {"layer": "road_density_grid", "cell_id": "r24_c26", "road_length_km": 11.8444, "road_density_km_per_km2": 11.843}, "geometry": {"type": "Polygon", "coordinates": [[[75.953172, 22.766216], [75.962909, 22.766216], [75.962909, 22.775225], [75.953172, 22.775225], [75.953172, 22.766216]]]}}, {"type": "Feature", "properties": {"layer": "road_density_grid", "cell_id": "r8_c8", "road_length_km": 11.8184, "road_density_km_per_km2": 11.8046}, "geometry": {"type": "Polygon", "coordinates": [[[75.777899, 22.622072], [75.787636, 22.622072], [75.787636, 22.631081], [75.777899, 22.631081], [75.777899, 22.622072]]]}}, {"type": "Feature", "properties": {"layer": "road_density_grid", "cell_id": "r17_c24", "road_length_km": 11.809, "road_density_km_per_km2": 11.8022}, "geometry": {"type": "Polygon", "coordinates": [[[75.933697, 22.703153], [75.943435, 22.703153], [75.943435, 22.712162], [75.933697, 22.712162], [75.933697, 22.703153]]]}}, {"type": "Feature", "properties": {"layer": "road_density_grid", "cell_id": "r5_c9", "road_length_km": 11.73, "road_density_km_per_km2": 11.714}, "geometry": {"type": "Polygon", "coordinates": [[[75.787636, 22.595045], [75.797374, 22.595045], [75.797374, 22.604054], [75.787636, 22.604054], [75.787636, 22.595045]]]}}, {"type": "Feature", "properties": {"layer": "road_density_grid", "cell_id": "r11_c21", "road_length_km": 11.6796, "road_density_km_per_km2": 11.6683}, "geometry": {"type": "Polygon", "coordinates": [[[75.904485, 22.649099], [75.914223, 22.649099], [75.914223, 22.658108], [75.904485, 22.658108], [75.904485, 22.649099]]]}}, {"type": "Feature", "properties": {"layer": "road_density_grid", "cell_id": "r24_c10", "road_length_km": 11.6588, "road_density_km_per_km2": 11.6574}, "geometry": {"type": "Polygon", "coordinates": [[[75.797374, 22.766216], [75.807111, 22.766216], [75.807111, 22.775225], [75.797374, 22.775225], [75.797374, 22.766216]]]}}, {"type": "Feature", "properties": {"layer": "road_density_grid", "cell_id": "r28_c15", "road_length_km": 11.6224, "road_density_km_per_km2": 11.6241}, "geometry": {"type": "Polygon", "coordinates": [[[75.846061, 22.802252], [75.855798, 22.802252], [75.855798, 22.811261], [75.846061, 22.811261], [75.846061, 22.802252]]]}}, {"type": "Feature", "properties": {"layer": "road_density_grid", "cell_id": "r4_c8", "road_length_km": 11.5983, "road_density_km_per_km2": 11.5818}, "geometry": {"type": "Polygon", "coordinates": [[[75.777899, 22.586036], [75.787636, 22.586036], [75.787636, 22.595045], [75.777899, 22.595045], [75.777899, 22.586036]]]}}, {"type": "Feature", "properties": {"layer": "road_density_grid", "cell_id": "r26_c16", "road_length_km": 11.5682, "road_density_km_per_km2": 11.5684}, "geometry": {"type": "Polygon", "coordinates": [[[75.855798, 22.784234], [75.865536, 22.784234], [75.865536, 22.793243], [75.855798, 22.793243], [75.855798, 22.784234]]]}}, {"type": "Feature", "properties": {"layer": "road_density_grid", "cell_id": "r9_c15", "road_length_km": 11.5099, "road_density_km_per_km2": 11.4972}, "geometry": {"type": "Polygon", "coordinates": [[[75.846061, 22.631081], [75.855798, 22.631081], [75.855798, 22.64009], [75.846061, 22.64009], [75.846061, 22.631081]]]}}, {"type": "Feature", "properties": {"layer": "road_density_grid", "cell_id": "r17_c20", "road_length_km": 11.5016, "road_density_km_per_km2": 11.495}, "geometry": {"type": "Polygon", "coordinates": [[[75.894748, 22.703153], [75.904485, 22.703153], [75.904485, 22.712162], [75.894748, 22.712162], [75.894748, 22.703153]]]}}, {"type": "Feature", "properties": {"layer": "road_density_grid", "cell_id": "r11_c14", "road_length_km": 11.4073, "road_density_km_per_km2": 11.3962}, "geometry": {"type": "Polygon", "coordinates": [[[75.836323, 22.649099], [75.846061, 22.649099], [75.846061, 22.658108], [75.836323, 22.658108], [75.836323, 22.649099]]]}}, {"type": "Feature", "properties": {"layer": "road_density_grid", "cell_id": "r7_c10", "road_length_km": 11.3627, "road_density_km_per_km2": 11.3487}, "geometry": {"type": "Polygon", "coordinates": [[[75.797374, 22.613063], [75.807111, 22.613063], [75.807111, 22.622072], [75.797374, 22.622072], [75.797374, 22.613063]]]}}, {"type": "Feature", "properties": {"layer": "road_density_grid", "cell_id": "r11_c12", "road_length_km": 11.3458, "road_density_km_per_km2": 11.3348}, "geometry": {"type": "Polygon", "coordinates": [[[75.816849, 22.649099], [75.826586, 22.649099], [75.826586, 22.658108], [75.816849, 22.658108], [75.816849, 22.649099]]]}}, {"type": "Feature", "properties": {"layer": "road_density_grid", "cell_id": "r26_c17", "road_length_km": 11.3252, "road_density_km_per_km2": 11.3253}, "geometry": {"type": "Polygon", "coordinates": [[[75.865536, 22.784234], [75.875273, 22.784234], [75.875273, 22.793243], [75.865536, 22.793243], [75.865536, 22.784234]]]}}, {"type": "Feature", "properties": {"layer": "road_density_grid", "cell_id": "r31_c24", "road_length_km": 11.154, "road_density_km_per_km2": 11.1579}, "geometry": {"type": "Polygon", "coordinates": [[[75.933697, 22.829279], [75.943435, 22.829279], [75.943435, 22.838288], [75.933697, 22.838288], [75.933697, 22.829279]]]}}, {"type": "Feature", "properties": {"layer": "road_density_grid", "cell_id": "r24_c16", "road_length_km": 11.1122, "road_density_km_per_km2": 11.1109}, "geometry": {"type": "Polygon", "coordinates": [[[75.855798, 22.766216], [75.865536, 22.766216], [75.865536, 22.775225], [75.855798, 22.775225], [75.855798, 22.766216]]]}}, {"type": "Feature", "properties": {"layer": "road_density_grid", "cell_id": "r20_c24", "road_length_km": 11.0652, "road_density_km_per_km2": 11.061}, "geometry": {"type": "Polygon", "coordinates": [[[75.933697, 22.73018], [75.943435, 22.73018], [75.943435, 22.739189], [75.933697, 22.739189], [75.933697, 22.73018]]]}}, {"type": "Feature", "properties": {"layer": "road_density_grid", "cell_id": "r18_c7", "road_length_km": 10.9964, "road_density_km_per_km2": 10.9908}, "geometry": {"type": "Polygon", "coordinates": [[[75.768162, 22.712162], [75.777899, 22.712162], [75.777899, 22.721171], [75.768162, 22.721171], [75.768162, 22.712162]]]}}, {"type": "Feature", "properties": {"layer": "road_density_grid", "cell_id": "r20_c27", "road_length_km": 10.9895, "road_density_km_per_km2": 10.9853}, "geometry": {"type": "Polygon", "coordinates": [[[75.962909, 22.73018], [75.972647, 22.73018], [75.972647, 22.739189], [75.962909, 22.739189], [75.962909, 22.73018]]]}}, {"type": "Feature", "properties": {"layer": "road_density_grid", "cell_id": "r8_c7", "road_length_km": 10.9362, "road_density_km_per_km2": 10.9235}, "geometry": {"type": "Polygon", "coordinates": [[[75.768162, 22.622072], [75.777899, 22.622072], [75.777899, 22.631081], [75.768162, 22.631081], [75.768162, 22.622072]]]}}, {"type": "Feature", "properties": {"layer": "road_density_grid", "cell_id": "r20_c26", "road_length_km": 10.8899, "road_density_km_per_km2": 10.8858}, "geometry": {"type": "Polygon", "coordinates": [[[75.953172, 22.73018], [75.962909, 22.73018], [75.962909, 22.739189], [75.953172, 22.739189], [75.953172, 22.73018]]]}}, {"type": "Feature", "properties": {"layer": "road_density_grid", "cell_id": "r24_c11", "road_length_km": 10.8782, "road_density_km_per_km2": 10.8769}, "geometry": {"type": "Polygon", "coordinates": [[[75.807111, 22.766216], [75.816849, 22.766216], [75.816849, 22.775225], [75.807111, 22.775225], [75.807111, 22.766216]]]}}, {"type": "Feature", "properties": {"layer": "road_density_grid", "cell_id": "r27_c17", "road_length_km": 10.8424, "road_density_km_per_km2": 10.8433}, "geometry": {"type": "Polygon", "coordinates": [[[75.865536, 22.793243], [75.875273, 22.793243], [75.875273, 22.802252], [75.865536, 22.802252], [75.865536, 22.793243]]]}}, {"type": "Feature", "properties": {"layer": "road_density_grid", "cell_id": "r23_c13", "road_length_km": 10.813, "road_density_km_per_km2": 10.811}, "geometry": {"type": "Polygon", "coordinates": [[[75.826586, 22.757207], [75.836323, 22.757207], [75.836323, 22.766216], [75.826586, 22.766216], [75.826586, 22.757207]]]}}, {"type": "Feature", "properties": {"layer": "road_density_grid", "cell_id": "r20_c6", "road_length_km": 10.8078, "road_density_km_per_km2": 10.8037}, "geometry": {"type": "Polygon", "coordinates": [[[75.758424, 22.73018], [75.768162, 22.73018], [75.768162, 22.739189], [75.758424, 22.739189], [75.758424, 22.73018]]]}}, {"type": "Feature", "properties": {"layer": "road_density_grid", "cell_id": "r25_c24", "road_length_km": 10.7876, "road_density_km_per_km2": 10.7871}, "geometry": {"type": "Polygon", "coordinates": [[[75.933697, 22.775225], [75.943435, 22.775225], [75.943435, 22.784234], [75.933697, 22.784234], [75.933697, 22.775225]]]}}, {"type": "Feature", "properties": {"layer": "road_density_grid", "cell_id": "r16_c9", "road_length_km": 10.7669, "road_density_km_per_km2": 10.76}, "geometry": {"type": "Polygon", "coordinates": [[[75.787636, 22.694144], [75.797374, 22.694144], [75.797374, 22.703153], [75.787636, 22.703153], [75.787636, 22.694144]]]}}, {"type": "Feature", "properties": {"layer": "road_density_grid", "cell_id": "r4_c19", "road_length_km": 10.7549, "road_density_km_per_km2": 10.7395}, "geometry": {"type": "Polygon", "coordinates": [[[75.88501, 22.586036], [75.894748, 22.586036], [75.894748, 22.595045], [75.88501, 22.595045], [75.88501, 22.586036]]]}}, {"type": "Feature", "properties": {"layer": "road_density_grid", "cell_id": "r27_c25", "road_length_km": 10.741, "road_density_km_per_km2": 10.7419}, "geometry": {"type": "Polygon", "coordinates": [[[75.943435, 22.793243], [75.953172, 22.793243], [75.953172, 22.802252], [75.943435, 22.802252], [75.943435, 22.793243]]]}}, {"type": "Feature", "properties": {"layer": "road_density_grid", "cell_id": "r25_c16", "road_length_km": 10.7284, "road_density_km_per_km2": 10.7279}, "geometry": {"type": "Polygon", "coordinates": [[[75.855798, 22.775225], [75.865536, 22.775225], [75.865536, 22.784234], [75.855798, 22.784234], [75.855798, 22.775225]]]}}, {"type": "Feature", "properties": {"layer": "road_density_grid", "cell_id": "r25_c25", "road_length_km": 10.7232, "road_density_km_per_km2": 10.7227}, "geometry": {"type": "Polygon", "coordinates": [[[75.943435, 22.775225], [75.953172, 22.775225], [75.953172, 22.784234], [75.943435, 22.784234], [75.943435, 22.775225]]]}}, {"type": "Feature", "properties": {"layer": "road_density_grid", "cell_id": "r29_c25", "road_length_km": 10.6569, "road_density_km_per_km2": 10.6592}, "geometry": {"type": "Polygon", "coordinates": [[[75.943435, 22.811261], [75.953172, 22.811261], [75.953172, 22.82027], [75.943435, 22.82027], [75.943435, 22.811261]]]}}, {"type": "Feature", "properties": {"layer": "road_density_grid", "cell_id": "r26_c10", "road_length_km": 10.6075, "road_density_km_per_km2": 10.6076}, "geometry": {"type": "Polygon", "coordinates": [[[75.797374, 22.784234], [75.807111, 22.784234], [75.807111, 22.793243], [75.797374, 22.793243], [75.797374, 22.784234]]]}}, {"type": "Feature", "properties": {"layer": "road_density_grid", "cell_id": "r27_c4", "road_length_km": 10.5848, "road_density_km_per_km2": 10.5857}, "geometry": {"type": "Polygon", "coordinates": [[[75.73895, 22.793243], [75.748687, 22.793243], [75.748687, 22.802252], [75.73895, 22.802252], [75.73895, 22.793243]]]}}, {"type": "Feature", "properties": {"layer": "road_density_grid", "cell_id": "r25_c18", "road_length_km": 10.52, "road_density_km_per_km2": 10.5194}, "geometry": {"type": "Polygon", "coordinates": [[[75.875273, 22.775225], [75.88501, 22.775225], [75.88501, 22.784234], [75.875273, 22.784234], [75.875273, 22.775225]]]}}, {"type": "Feature", "properties": {"layer": "road_density_grid", "cell_id": "r13_c24", "road_length_km": 10.4233, "road_density_km_per_km2": 10.4146}, "geometry": {"type": "Polygon", "coordinates": [[[75.933697, 22.667117], [75.943435, 22.667117], [75.943435, 22.676126], [75.933697, 22.676126], [75.933697, 22.667117]]]}}, {"type": "Feature", "properties": {"layer": "road_density_grid", "cell_id": "r20_c10", "road_length_km": 10.4126, "road_density_km_per_km2": 10.4086}, "geometry": {"type": "Polygon", "coordinates": [[[75.797374, 22.73018], [75.807111, 22.73018], [75.807111, 22.739189], [75.797374, 22.739189], [75.797374, 22.73018]]]}}, {"type": "Feature", "properties": {"layer": "road_density_grid", "cell_id": "r14_c4", "road_length_km": 10.3968, "road_density_km_per_km2": 10.3887}, "geometry": {"type": "Polygon", "coordinates": [[[75.73895, 22.676126], [75.748687, 22.676126], [75.748687, 22.685135], [75.73895, 22.685135], [75.73895, 22.676126]]]}}, {"type": "Feature", "properties": {"layer": "road_density_grid", "cell_id": "r30_c24", "road_length_km": 10.3789, "road_density_km_per_km2": 10.3818}, "geometry": {"type": "Polygon", "coordinates": [[[75.933697, 22.82027], [75.943435, 22.82027], [75.943435, 22.829279], [75.933697, 22.829279], [75.933697, 22.82027]]]}}, {"type": "Feature", "properties": {"layer": "road_density_grid", "cell_id": "r2_c2", "road_length_km": 10.3525, "road_density_km_per_km2": 10.3363}, "geometry": {"type": "Polygon", "coordinates": [[[75.719475, 22.568018], [75.729212, 22.568018], [75.729212, 22.577027], [75.719475, 22.577027], [75.719475, 22.568018]]]}}, {"type": "Feature", "properties": {"layer": "road_density_grid", "cell_id": "r7_c9", "road_length_km": 10.3466, "road_density_km_per_km2": 10.3339}, "geometry": {"type": "Polygon", "coordinates": [[[75.787636, 22.613063], [75.797374, 22.613063], [75.797374, 22.622072], [75.787636, 22.622072], [75.787636, 22.613063]]]}}, {"type": "Feature", "properties": {"layer": "road_density_grid", "cell_id": "r10_c19", "road_length_km": 10.3336, "road_density_km_per_km2": 10.3229}, "geometry": {"type": "Polygon", "coordinates": [[[75.88501, 22.64009], [75.894748, 22.64009], [75.894748, 22.649099], [75.88501, 22.649099], [75.88501, 22.64009]]]}}, {"type": "Feature", "properties": {"layer": "road_density_grid", "cell_id": "r0_c4", "road_length_km": 10.2853, "road_density_km_per_km2": 10.2679}, "geometry": {"type": "Polygon", "coordinates": [[[75.73895, 22.55], [75.748687, 22.55], [75.748687, 22.559009], [75.73895, 22.559009], [75.73895, 22.55]]]}}, {"type": "Feature", "properties": {"layer": "road_density_grid", "cell_id": "r28_c22", "road_length_km": 10.1682, "road_density_km_per_km2": 10.1697}, "geometry": {"type": "Polygon", "coordinates": [[[75.914223, 22.802252], [75.92396, 22.802252], [75.92396, 22.811261], [75.914223, 22.811261], [75.914223, 22.802252]]]}}, {"type": "Feature", "properties": {"layer": "road_density_grid", "cell_id": "r6_c9", "road_length_km": 10.1195, "road_density_km_per_km2": 10.1064}, "geometry": {"type": "Polygon", "coordinates": [[[75.787636, 22.604054], [75.797374, 22.604054], [75.797374, 22.613063], [75.787636, 22.613063], [75.787636, 22.604054]]]}}, {"type": "Feature", "properties": {"layer": "road_density_grid", "cell_id": "r10_c18", "road_length_km": 10.0375, "road_density_km_per_km2": 10.0271}, "geometry": {"type": "Polygon", "coordinates": [[[75.875273, 22.64009], [75.88501, 22.64009], [75.88501, 22.649099], [75.875273, 22.649099], [75.875273, 22.64009]]]}}, {"type": "Feature", "properties": {"layer": "road_density_grid", "cell_id": "r12_c24", "road_length_km": 9.9956, "road_density_km_per_km2": 9.9866}, "geometry": {"type": "Polygon", "coordinates": [[[75.933697, 22.658108], [75.943435, 22.658108], [75.943435, 22.667117], [75.933697, 22.667117], [75.933697, 22.658108]]]}}, {"type": "Feature", "properties": {"layer": "road_density_grid", "cell_id": "r28_c25", "road_length_km": 9.9291, "road_density_km_per_km2": 9.9306}, "geometry": {"type": "Polygon", "coordinates": [[[75.943435, 22.802252], [75.953172, 22.802252], [75.953172, 22.811261], [75.943435, 22.811261], [75.943435, 22.802252]]]}}, {"type": "Feature", "properties": {"layer": "road_density_grid", "cell_id": "r10_c21", "road_length_km": 9.8832, "road_density_km_per_km2": 9.873}, "geometry": {"type": "Polygon", "coordinates": [[[75.904485, 22.64009], [75.914223, 22.64009], [75.914223, 22.649099], [75.904485, 22.649099], [75.904485, 22.64009]]]}}, {"type": "Feature", "properties": {"layer": "road_density_grid", "cell_id": "r19_c10", "road_length_km": 9.8005, "road_density_km_per_km2": 9.7961}, "geometry": {"type": "Polygon", "coordinates": [[[75.797374, 22.721171], [75.807111, 22.721171], [75.807111, 22.73018], [75.797374, 22.73018], [75.797374, 22.721171]]]}}, {"type": "Feature", "properties": {"layer": "road_density_grid", "cell_id": "r22_c9", "road_length_km": 9.7839, "road_density_km_per_km2": 9.7814}, "geometry": {"type": "Polygon", "coordinates": [[[75.787636, 22.748198], [75.797374, 22.748198], [75.797374, 22.757207], [75.787636, 22.757207], [75.787636, 22.748198]]]}}, {"type": "Feature", "properties": {"layer": "road_density_grid", "cell_id": "r7_c19", "road_length_km": 9.6864, "road_density_km_per_km2": 9.6744}, "geometry": {"type": "Polygon", "coordinates": [[[75.88501, 22.613063], [75.894748, 22.613063], [75.894748, 22.622072], [75.88501, 22.622072], [75.88501, 22.613063]]]}}, {"type": "Feature", "properties": {"layer": "road_density_grid", "cell_id": "r19_c24", "road_length_km": 9.6213, "road_density_km_per_km2": 9.6171}, "geometry": {"type": "Polygon", "coordinates": [[[75.933697, 22.721171], [75.943435, 22.721171], [75.943435, 22.73018], [75.933697, 22.73018], [75.933697, 22.721171]]]}}, {"type": "Feature", "properties": {"layer": "road_density_grid", "cell_id": "r7_c8", "road_length_km": 9.5877, "road_density_km_per_km2": 9.5759}, "geometry": {"type": "Polygon", "coordinates": [[[75.777899, 22.613063], [75.787636, 22.613063], [75.787636, 22.622072], [75.777899, 22.622072], [75.777899, 22.613063]]]}}, {"type": "Feature", "properties": {"layer": "road_density_grid", "cell_id": "r26_c11", "road_length_km": 9.5527, "road_density_km_per_km2": 9.5528}, "geometry": {"type": "Polygon", "coordinates": [[[75.807111, 22.784234], [75.816849, 22.784234], [75.816849, 22.793243], [75.807111, 22.793243], [75.807111, 22.784234]]]}}, {"type": "Feature", "properties": {"layer": "road_density_grid", "cell_id": "r23_c9", "road_length_km": 9.414, "road_density_km_per_km2": 9.4123}, "geometry": {"type": "Polygon", "coordinates": [[[75.787636, 22.757207], [75.797374, 22.757207], [75.797374, 22.766216], [75.787636, 22.766216], [75.787636, 22.757207]]]}}, {"type": "Feature", "properties": {"layer": "road_density_grid", "cell_id": "r27_c19", "road_length_km": 9.3674, "road_density_km_per_km2": 9.3681}, "geometry": {"type": "Polygon", "coordinates": [[[75.88501, 22.793243], [75.894748, 22.793243], [75.894748, 22.802252], [75.88501, 22.802252], [75.88501, 22.793243]]]}}, {"type": "Feature", "properties": {"layer": "road_density_grid", "cell_id": "r13_c20", "road_length_km": 9.3059, "road_density_km_per_km2": 9.2981}, "geometry": {"type": "Polygon", "coordinates": [[[75.894748, 22.667117], [75.904485, 22.667117], [75.904485, 22.676126], [75.894748, 22.676126], [75.894748, 22.667117]]]}}, {"type": "Feature", "properties": {"layer": "road_density_grid", "cell_id": "r29_c22", "road_length_km": 9.2647, "road_density_km_per_km2": 9.2667}, "geometry": {"type": "Polygon", "coordinates": [[[75.914223, 22.811261], [75.92396, 22.811261], [75.92396, 22.82027], [75.914223, 22.82027], [75.914223, 22.811261]]]}}, {"type": "Feature", "properties": {"layer": "road_density_grid", "cell_id": "r11_c15", "road_length_km": 9.2626, "road_density_km_per_km2": 9.2536}, "geometry": {"type": "Polygon", "coordinates": [[[75.846061, 22.649099], [75.855798, 22.649099], [75.855798, 22.658108], [75.846061, 22.658108], [75.846061, 22.649099]]]}}, {"type": "Feature", "properties": {"layer": "road_density_grid", "cell_id": "r27_c13", "road_length_km": 9.244, "road_density_km_per_km2": 9.2448}, "geometry": {"type": "Polygon", "coordinates": [[[75.826586, 22.793243], [75.836323, 22.793243], [75.836323, 22.802252], [75.826586, 22.802252], [75.826586, 22.793243]]]}}, {"type": "Feature", "properties": {"layer": "road_density_grid", "cell_id": "r26_c25", "road_length_km": 9.2215, "road_density_km_per_km2": 9.2217}, "geometry": {"type": "Polygon", "coordinates": [[[75.943435, 22.784234], [75.953172, 22.784234], [75.953172, 22.793243], [75.943435, 22.793243], [75.943435, 22.784234]]]}}, {"type": "Feature", "properties": {"layer": "road_density_grid", "cell_id": "r15_c24", "road_length_km": 9.1752, "road_density_km_per_km2": 9.1687}, "geometry": {"type": "Polygon", "coordinates": [[[75.933697, 22.685135], [75.943435, 22.685135], [75.943435, 22.694144], [75.933697, 22.694144], [75.933697, 22.685135]]]}}, {"type": "Feature", "properties": {"layer": "road_density_grid", "cell_id": "r11_c8", "road_length_km": 9.1542, "road_density_km_per_km2": 9.1453}, "geometry": {"type": "Polygon", "coordinates": [[[75.777899, 22.649099], [75.787636, 22.649099], [75.787636, 22.658108], [75.777899, 22.658108], [75.777899, 22.649099]]]}}, {"type": "Feature", "properties": {"layer": "road_density_grid", "cell_id": "r17_c25", "road_length_km": 9.1392, "road_density_km_per_km2": 9.134}, "geometry": {"type": "Polygon", "coordinates": [[[75.943435, 22.703153], [75.953172, 22.703153], [75.953172, 22.712162], [75.943435, 22.712162], [75.943435, 22.703153]]]}}, {"type": "Feature", "properties": {"layer": "road_density_grid", "cell_id": "r4_c1", "road_length_km": 9.1097, "road_density_km_per_km2": 9.0967}, "geometry": {"type": "Polygon", "coordinates": [[[75.709737, 22.586036], [75.719475, 22.586036], [75.719475, 22.595045], [75.709737, 22.595045], [75.709737, 22.586036]]]}}, {"type": "Feature", "properties": {"layer": "road_density_grid", "cell_id": "r24_c9", "road_length_km": 9.0407, "road_density_km_per_km2": 9.0397}, "geometry": {"type": "Polygon", "coordinates": [[[75.787636, 22.766216], [75.797374, 22.766216], [75.797374, 22.775225], [75.787636, 22.775225], [75.787636, 22.766216]]]}}, {"type": "Feature", "properties": {"layer": "road_density_grid", "cell_id": "r16_c10", "road_length_km": 9.027, "road_density_km_per_km2": 9.0212}, "geometry": {"type": "Polygon", "coordinates": [[[75.797374, 22.694144], [75.807111, 22.694144], [75.807111, 22.703153], [75.797374, 22.703153], [75.797374, 22.694144]]]}}, {"type": "Feature", "properties": {"layer": "road_density_grid", "cell_id": "r7_c25", "road_length_km": 9.0159, "road_density_km_per_km2": 9.0048}, "geometry": {"type": "Polygon", "coordinates": [[[75.943435, 22.613063], [75.953172, 22.613063], [75.953172, 22.622072], [75.943435, 22.622072], [75.943435, 22.613063]]]}}, {"type": "Feature", "properties": {"layer": "road_density_grid", "cell_id": "r10_c20", "road_length_km": 8.9795, "road_density_km_per_km2": 8.9701}, "geometry": {"type": "Polygon", "coordinates": [[[75.894748, 22.64009], [75.904485, 22.64009], [75.904485, 22.649099], [75.894748, 22.649099], [75.894748, 22.64009]]]}}, {"type": "Feature", "properties": {"layer": "road_density_grid", "cell_id": "r14_c1", "road_length_km": 8.9559, "road_density_km_per_km2": 8.9489}, "geometry": {"type": "Polygon", "coordinates": [[[75.709737, 22.676126], [75.719475, 22.676126], [75.719475, 22.685135], [75.709737, 22.685135], [75.709737, 22.676126]]]}}, {"type": "Feature", "properties": {"layer": "road_density_grid", "cell_id": "r1_c3", "road_length_km": 8.9548, "road_density_km_per_km2": 8.9402}, "geometry": {"type": "Polygon", "coordinates": [[[75.729212, 22.559009], [75.73895, 22.559009], [75.73895, 22.568018], [75.729212, 22.568018], [75.729212, 22.559009]]]}}, {"type": "Feature", "properties": {"layer": "road_density_grid", "cell_id": "r9_c18", "road_length_km": 8.9287, "road_density_km_per_km2": 8.9188}, "geometry": {"type": "Polygon", "coordinates": [[[75.875273, 22.631081], [75.88501, 22.631081], [75.88501, 22.64009], [75.875273, 22.64009], [75.875273, 22.631081]]]}}, {"type": "Feature", "properties": {"layer": "road_density_grid", "cell_id": "r14_c5", "road_length_km": 8.9152, "road_density_km_per_km2": 8.9083}, "geometry": {"type": "Polygon", "coordinates": [[[75.748687, 22.676126], [75.758424, 22.676126], [75.758424, 22.685135], [75.748687, 22.685135], [75.748687, 22.676126]]]}}, {"type": "Feature", "properties": {"layer": "road_density_grid", "cell_id": "r16_c25", "road_length_km": 8.8836, "road_density_km_per_km2": 8.8779}, "geometry": {"type": "Polygon", "coordinates": [[[75.943435, 22.694144], [75.953172, 22.694144], [75.953172, 22.703153], [75.943435, 22.703153], [75.943435, 22.694144]]]}}, {"type": "Feature", "properties": {"layer": "road_density_grid", "cell_id": "r18_c10", "road_length_km": 8.8408, "road_density_km_per_km2": 8.8363}, "geometry": {"type": "Polygon", "coordinates": [[[75.797374, 22.712162], [75.807111, 22.712162], [75.807111, 22.721171], [75.797374, 22.721171], [75.797374, 22.712162]]]}}, {"type": "Feature", "properties": {"layer": "road_density_grid", "cell_id": "r0_c3", "road_length_km": 8.8286, "road_density_km_per_km2": 8.8137}, "geometry": {"type": "Polygon", "coordinates": [[[75.729212, 22.55], [75.73895, 22.55], [75.73895, 22.559009], [75.729212, 22.559009], [75.729212, 22.55]]]}}, {"type": "Feature", "properties": {"layer": "road_density_grid", "cell_id": "r7_c17", "road_length_km": 8.7157, "road_density_km_per_km2": 8.7049}, "geometry": {"type": "Polygon", "coordinates": [[[75.865536, 22.613063], [75.875273, 22.613063], [75.875273, 22.622072], [75.865536, 22.622072], [75.865536, 22.613063]]]}}, {"type": "Feature", "properties": {"layer": "road_density_grid", "cell_id": "r22_c7", "road_length_km": 8.7037, "road_density_km_per_km2": 8.7015}, "geometry": {"type": "Polygon", "coordinates": [[[75.768162, 22.748198], [75.777899, 22.748198], [75.777899, 22.757207], [75.768162, 22.757207], [75.768162, 22.748198]]]}}, {"type": "Feature", "properties": {"layer": "road_density_grid", "cell_id": "r26_c9", "road_length_km": 8.6883, "road_density_km_per_km2": 8.6884}, "geometry": {"type": "Polygon", "coordinates": [[[75.787636, 22.784234], [75.797374, 22.784234], [75.797374, 22.793243], [75.787636, 22.793243], [75.787636, 22.784234]]]}}, {"type": "Feature", "properties": {"layer": "road_density_grid", "cell_id": "r8_c20", "road_length_km": 8.5689, "road_density_km_per_km2": 8.5589}, "geometry": {"type": "Polygon", "coordinates": [[[75.894748, 22.622072], [75.904485, 22.622072], [75.904485, 22.631081], [75.894748, 22.631081], [75.894748, 22.622072]]]}}, {"type": "Feature", "properties": {"layer": "road_density_grid", "cell_id": "r13_c9", "road_length_km": 8.533, "road_density_km_per_km2": 8.5259}, "geometry": {"type": "Polygon", "coordinates": [[[75.787636, 22.667117], [75.797374, 22.667117], [75.797374, 22.676126], [75.787636, 22.676126], [75.787636, 22.667117]]]}}, {"type": "Feature", "properties": {"layer": "road_density_grid", "cell_id": "r18_c6", "road_length_km": 8.4937, "road_density_km_per_km2": 8.4893}, "geometry": {"type": "Polygon", "coordinates": [[[75.758424, 22.712162], [75.768162, 22.712162], [75.768162, 22.721171], [75.758424, 22.721171], [75.758424, 22.712162]]]}}, {"type": "Feature", "properties": {"layer": "road_density_grid", "cell_id": "r6_c0", "road_length_km": 8.4352, "road_density_km_per_km2": 8.4242}, "geometry": {"type": "Polygon", "coordinates": [[[75.7, 22.604054], [75.709737, 22.604054], [75.709737, 22.613063], [75.7, 22.613063], [75.7, 22.604054]]]}}, {"type": "Feature", "properties": {"layer": "road_density_grid", "cell_id": "r10_c15", "road_length_km": 8.4351, "road_density_km_per_km2": 8.4264}, "geometry": {"type": "Polygon", "coordinates": [[[75.846061, 22.64009], [75.855798, 22.64009], [75.855798, 22.649099], [75.846061, 22.649099], [75.846061, 22.64009]]]}}, {"type": "Feature", "properties": {"layer": "road_density_grid", "cell_id": "r30_c23", "road_length_km": 8.4158, "road_density_km_per_km2": 8.4181}, "geometry": {"type": "Polygon", "coordinates": [[[75.92396, 22.82027], [75.933697, 22.82027], [75.933697, 22.829279], [75.92396, 22.829279], [75.92396, 22.82027]]]}}, {"type": "Feature", "properties": {"layer": "road_density_grid", "cell_id": "r10_c25", "road_length_km": 8.4153, "road_density_km_per_km2": 8.4066}, "geometry": {"type": "Polygon", "coordinates": [[[75.943435, 22.64009], [75.953172, 22.64009], [75.953172, 22.649099], [75.943435, 22.649099], [75.943435, 22.64009]]]}}, {"type": "Feature", "properties": {"layer": "road_density_grid", "cell_id": "r28_c12", "road_length_km": 8.4036, "road_density_km_per_km2": 8.4048}, "geometry": {"type": "Polygon", "coordinates": [[[75.816849, 22.802252], [75.826586, 22.802252], [75.826586, 22.811261], [75.816849, 22.811261], [75.816849, 22.802252]]]}}, {"type": "Feature", "properties": {"layer": "road_density_grid", "cell_id": "r9_c23", "road_length_km": 8.3752, "road_density_km_per_km2": 8.3659}, "geometry": {"type": "Polygon", "coordinates": [[[75.92396, 22.631081], [75.933697, 22.631081], [75.933697, 22.64009], [75.92396, 22.64009], [75.92396, 22.631081]]]}}, {"type": "Feature", "properties": {"layer": "road_density_grid", "cell_id": "r2_c5", "road_length_km": 8.323, "road_density_km_per_km2": 8.31}, "geometry": {"type": "Polygon", "coordinates": [[[75.748687, 22.568018], [75.758424, 22.568018], [75.758424, 22.577027], [75.748687, 22.577027], [75.748687, 22.568018]]]}}, {"type": "Feature", "properties": {"layer": "road_density_grid", "cell_id": "r8_c5", "road_length_km": 8.3066, "road_density_km_per_km2": 8.2969}, "geometry": {"type": "Polygon", "coordinates": [[[75.748687, 22.622072], [75.758424, 22.622072], [75.758424, 22.631081], [75.748687, 22.631081], [75.748687, 22.622072]]]}}, {"type": "Feature", "properties": {"layer": "road_density_grid", "cell_id": "r9_c16", "road_length_km": 8.2696, "road_density_km_per_km2": 8.2605}, "geometry": {"type": "Polygon", "coordinates": [[[75.855798, 22.631081], [75.865536, 22.631081], [75.865536, 22.64009], [75.855798, 22.64009], [75.855798, 22.631081]]]}}, {"type": "Feature", "properties": {"layer": "road_density_grid", "cell_id": "r4_c20", "road_length_km": 8.2514, "road_density_km_per_km2": 8.2396}, "geometry": {"type": "Polygon", "coordinates": [[[75.894748, 22.586036], [75.904485, 22.586036], [75.904485, 22.595045], [75.894748, 22.595045], [75.894748, 22.586036]]]}}, {"type": "Feature", "properties": {"layer": "road_density_grid", "cell_id": "r7_c7", "road_length_km": 8.2132, "road_density_km_per_km2": 8.203}, "geometry": {"type": "Polygon", "coordinates": [[[75.768162, 22.613063], [75.777899, 22.613063], [75.777899, 22.622072], [75.768162, 22.622072], [75.768162, 22.613063]]]}}, {"type": "Feature", "properties": {"layer": "road_density_grid", "cell_id": "r17_c26", "road_length_km": 8.1792, "road_density_km_per_km2": 8.1745}, "geometry": {"type": "Polygon", "coordinates": [[[75.953172, 22.703153], [75.962909, 22.703153], [75.962909, 22.712162], [75.953172, 22.712162], [75.953172, 22.703153]]]}}, {"type": "Feature", "properties": {"layer": "road_density_grid", "cell_id": "r30_c12", "road_length_km": 8.1614, "road_density_km_per_km2": 8.1637}, "geometry": {"type": "Polygon", "coordinates": [[[75.816849, 22.82027], [75.826586, 22.82027], [75.826586, 22.829279], [75.816849, 22.829279], [75.816849, 22.82027]]]}}, {"type": "Feature", "properties": {"layer": "road_density_grid", "cell_id": "r6_c2", "road_length_km": 8.1434, "road_density_km_per_km2": 8.1328}, "geometry": {"type": "Polygon", "coordinates": [[[75.719475, 22.604054], [75.729212, 22.604054], [75.729212, 22.613063], [75.719475, 22.613063], [75.719475, 22.604054]]]}}, {"type": "Feature", "properties": {"layer": "road_density_grid", "cell_id": "r25_c9", "road_length_km": 8.143, "road_density_km_per_km2": 8.1426}, "geometry": {"type": "Polygon", "coordinates": [[[75.787636, 22.775225], [75.797374, 22.775225], [75.797374, 22.784234], [75.787636, 22.784234], [75.787636, 22.775225]]]}}, {"type": "Feature", "properties": {"layer": "road_density_grid", "cell_id": "r19_c26", "road_length_km": 8.0511, "road_density_km_per_km2": 8.0475}, "geometry": {"type": "Polygon", "coordinates": [[[75.953172, 22.721171], [75.962909, 22.721171], [75.962909, 22.73018], [75.953172, 22.73018], [75.953172, 22.721171]]]}}, {"type": "Feature", "properties": {"layer": "road_density_grid", "cell_id": "r0_c8", "road_length_km": 7.9925, "road_density_km_per_km2": 7.979}, "geometry": {"type": "Polygon", "coordinates": [[[75.777899, 22.55], [75.787636, 22.55], [75.787636, 22.559009], [75.777899, 22.559009], [75.777899, 22.55]]]}}, {"type": "Feature", "properties": {"layer": "road_density_grid", "cell_id": "r7_c24", "road_length_km": 7.9761, "road_density_km_per_km2": 7.9663}, "geometry": {"type": "Polygon", "coordinates": [[[75.933697, 22.613063], [75.943435, 22.613063], [75.943435, 22.622072], [75.933697, 22.622072], [75.933697, 22.613063]]]}}, {"type": "Feature", "properties": {"layer": "road_density_grid", "cell_id": "r14_c2", "road_length_km": 7.9473, "road_density_km_per_km2": 7.9411}, "geometry": {"type": "Polygon", "coordinates": [[[75.719475, 22.676126], [75.729212, 22.676126], [75.729212, 22.685135], [75.719475, 22.685135], [75.719475, 22.676126]]]}}, {"type": "Feature", "properties": {"layer": "road_density_grid", "cell_id": "r3_c2", "road_length_km": 7.9022, "road_density_km_per_km2": 7.8903}, "geometry": {"type": "Polygon", "coordinates": [[[75.719475, 22.577027], [75.729212, 22.577027], [75.729212, 22.586036], [75.719475, 22.586036], [75.719475, 22.577027]]]}}, {"type": "Feature", "properties": {"layer": "road_density_grid", "cell_id": "r7_c12", "road_length_km": 7.8346, "road_density_km_per_km2": 7.8249}, "geometry": {"type": "Polygon", "coordinates": [[[75.816849, 22.613063], [75.826586, 22.613063], [75.826586, 22.622072], [75.816849, 22.622072], [75.816849, 22.613063]]]}}, {"type": "Feature", "properties": {"layer": "road_density_grid", "cell_id": "r9_c17", "road_length_km": 7.832, "road_density_km_per_km2": 7.8233}, "geometry": {"type": "Polygon", "coordinates": [[[75.865536, 22.631081], [75.875273, 22.631081], [75.875273, 22.64009], [75.865536, 22.64009], [75.865536, 22.631081]]]}}, {"type": "Feature", "properties": {"layer": "road_density_grid", "cell_id": "r11_c23", "road_length_km": 7.8168, "road_density_km_per_km2": 7.8092}, "geometry": {"type": "Polygon", "coordinates": [[[75.92396, 22.649099], [75.933697, 22.649099], [75.933697, 22.658108], [75.92396, 22.658108], [75.92396, 22.649099]]]}}, {"type": "Feature", "properties": {"layer": "road_density_grid", "cell_id": "r4_c18", "road_length_km": 7.804, "road_density_km_per_km2": 7.7928}, "geometry": {"type": "Polygon", "coordinates": [[[75.875273, 22.586036], [75.88501, 22.586036], [75.88501, 22.595045], [75.875273, 22.595045], [75.875273, 22.586036]]]}}, {"type": "Feature", "properties": {"layer": "road_density_grid", "cell_id": "r12_c8", "road_length_km": 7.7694, "road_density_km_per_km2": 7.7624}, "geometry": {"type": "Polygon", "coordinates": [[[75.777899, 22.658108], [75.787636, 22.658108], [75.787636, 22.667117], [75.777899, 22.667117], [75.777899, 22.658108]]]}}, {"type": "Feature", "properties": {"layer": "road_density_grid", "cell_id": "r8_c15", "road_length_km": 7.7133, "road_density_km_per_km2": 7.7043}, "geometry": {"type": "Polygon", "coordinates": [[[75.846061, 22.622072], [75.855798, 22.622072], [75.855798, 22.631081], [75.846061, 22.631081], [75.846061, 22.622072]]]}}, {"type": "Feature", "properties": {"layer": "road_density_grid", "cell_id": "r6_c10", "road_length_km": 7.6941, "road_density_km_per_km2": 7.6841}, "geometry": {"type": "Polygon", "coordinates": [[[75.797374, 22.604054], [75.807111, 22.604054], [75.807111, 22.613063], [75.797374, 22.613063], [75.797374, 22.604054]]]}}, {"type": "Feature", "properties": {"layer": "road_density_grid", "cell_id": "r23_c10", "road_length_km": 7.6634, "road_density_km_per_km2": 7.662}, "geometry": {"type": "Polygon", "coordinates": [[[75.797374, 22.757207], [75.807111, 22.757207], [75.807111, 22.766216], [75.797374, 22.766216], [75.797374, 22.757207]]]}}, {"type": "Feature", "properties": {"layer": "road_density_grid", "cell_id": "r7_c2", "road_length_km": 7.6239, "road_density_km_per_km2": 7.6145}, "geometry": {"type": "Polygon", "coordinates": [[[75.719475, 22.613063], [75.729212, 22.613063], [75.729212, 22.622072], [75.719475, 22.622072], [75.719475, 22.613063]]]}}, {"type": "Feature", "properties": {"layer": "road_density_grid", "cell_id": "r19_c9", "road_length_km": 7.6048, "road_density_km_per_km2": 7.6014}, "geometry": {"type": "Polygon", "coordinates": [[[75.787636, 22.721171], [75.797374, 22.721171], [75.797374, 22.73018], [75.787636, 22.73018], [75.787636, 22.721171]]]}}, {"type": "Feature", "properties": {"layer": "road_density_grid", "cell_id": "r3_c9", "road_length_km": 7.5842, "road_density_km_per_km2": 7.5728}, "geometry": {"type": "Polygon", "coordinates": [[[75.787636, 22.577027], [75.797374, 22.577027], [75.797374, 22.586036], [75.787636, 22.586036], [75.787636, 22.577027]]]}}, {"type": "Feature", "properties": {"layer": "road_density_grid", "cell_id": "r23_c8", "road_length_km": 7.5604, "road_density_km_per_km2": 7.559}, "geometry": {"type": "Polygon", "coordinates": [[[75.777899, 22.757207], [75.787636, 22.757207], [75.787636, 22.766216], [75.777899, 22.766216], [75.777899, 22.757207]]]}}, {"type": "Feature", "properties": {"layer": "road_density_grid", "cell_id": "r33_c18", "road_length_km": 7.5538, "road_density_km_per_km2": 7.5575}, "geometry": {"type": "Polygon", "coordinates": [[[75.875273, 22.847297], [75.88501, 22.847297], [75.88501, 22.856306], [75.875273, 22.856306], [75.875273, 22.847297]]]}}, {"type": "Feature", "properties": {"layer": "road_density_grid", "cell_id": "r31_c25", "road_length_km": 7.434, "road_density_km_per_km2": 7.4365}, "geometry": {"type": "Polygon", "coordinates": [[[75.943435, 22.829279], [75.953172, 22.829279], [75.953172, 22.838288], [75.943435, 22.838288], [75.943435, 22.829279]]]}}, {"type": "Feature", "properties": {"layer": "road_density_grid", "cell_id": "r8_c12", "road_length_km": 7.3957, "road_density_km_per_km2": 7.3871}, "geometry": {"type": "Polygon", "coordinates": [[[75.816849, 22.622072], [75.826586, 22.622072], [75.826586, 22.631081], [75.816849, 22.631081], [75.816849, 22.622072]]]}}, {"type": "Feature", "properties": {"layer": "road_density_grid", "cell_id": "r1_c7", "road_length_km": 7.323, "road_density_km_per_km2": 7.3111}, "geometry": {"type": "Polygon", "coordinates": [[[75.768162, 22.559009], [75.777899, 22.559009], [75.777899, 22.568018], [75.768162, 22.568018], [75.768162, 22.559009]]]}}, {"type": "Feature", "properties": {"layer": "road_density_grid", "cell_id": "r5_c0", "road_length_km": 7.2653, "road_density_km_per_km2": 7.2554}, "geometry": {"type": "Polygon", "coordinates": [[[75.7, 22.595045], [75.709737, 22.595045], [75.709737, 22.604054], [75.7, 22.604054], [75.7, 22.595045]]]}}, {"type": "Feature", "properties": {"layer": "road_density_grid", "cell_id": "r29_c16", "road_length_km": 7.2651, "road_density_km_per_km2": 7.2666}, "geometry": {"type": "Polygon", "coordinates": [[[75.855798, 22.811261], [75.865536, 22.811261], [75.865536, 22.82027], [75.855798, 22.82027], [75.855798, 22.811261]]]}}, {"type": "Feature", "properties": {"layer": "road_density_grid", "cell_id": "r14_c27", "road_length_km": 7.2272, "road_density_km_per_km2": 7.2216}, "geometry": {"type": "Polygon", "coordinates": [[[75.962909, 22.676126], [75.972647, 22.676126], [75.972647, 22.685135], [75.962909, 22.685135], [75.962909, 22.676126]]]}}, {"type": "Feature", "properties": {"layer": "road_density_grid", "cell_id": "r15_c7", "road_length_km": 7.2198, "road_density_km_per_km2": 7.2147}, "geometry": {"type": "Polygon", "coordinates": [[[75.768162, 22.685135], [75.777899, 22.685135], [75.777899, 22.694144], [75.768162, 22.694144], [75.768162, 22.685135]]]}}, {"type": "Feature", "properties": {"layer": "road_density_grid", "cell_id": "r13_c10", "road_length_km": 7.1726, "road_density_km_per_km2": 7.1666}, "geometry": {"type": "Polygon", "coordinates": [[[75.797374, 22.667117], [75.807111, 22.667117], [75.807111, 22.676126], [75.797374, 22.676126], [75.797374, 22.667117]]]}}, {"type": "Feature", "properties": {"layer": "road_density_grid", "cell_id": "r18_c8", "road_length_km": 7.1278, "road_density_km_per_km2": 7.1241}, "geometry": {"type": "Polygon", "coordinates": [[[75.777899, 22.712162], [75.787636, 22.712162], [75.787636, 22.721171], [75.777899, 22.721171], [75.777899, 22.712162]]]}}, {"type": "Feature", "properties": {"layer": "road_density_grid", "cell_id": "r21_c25", "road_length_km": 7.1134, "road_density_km_per_km2": 7.1112}, "geometry": {"type": "Polygon", "coordinates": [[[75.943435, 22.739189], [75.953172, 22.739189], [75.953172, 22.748198], [75.943435, 22.748198], [75.943435, 22.739189]]]}}, {"type": "Feature", "properties": {"layer": "road_density_grid", "cell_id": "r11_c19", "road_length_km": 7.0279, "road_density_km_per_km2": 7.0211}, "geometry": {"type": "Polygon", "coordinates": [[[75.88501, 22.649099], [75.894748, 22.649099], [75.894748, 22.658108], [75.88501, 22.658108], [75.88501, 22.649099]]]}}, {"type": "Feature", "properties": {"layer": "road_density_grid", "cell_id": "r15_c6", "road_length_km": 7.0032, "road_density_km_per_km2": 6.9982}, "geometry": {"type": "Polygon", "coordinates": [[[75.758424, 22.685135], [75.768162, 22.685135], [75.768162, 22.694144], [75.758424, 22.694144], [75.758424, 22.685135]]]}}, {"type": "Feature", "properties": {"layer": "road_density_grid", "cell_id": "r29_c12", "road_length_km": 6.9835, "road_density_km_per_km2": 6.985}, "geometry": {"type": "Polygon", "coordinates": [[[75.816849, 22.811261], [75.826586, 22.811261], [75.826586, 22.82027], [75.816849, 22.82027], [75.816849, 22.811261]]]}}, {"type": "Feature", "properties": {"layer": "road_density_grid", "cell_id": "r8_c13", "road_length_km": 6.9812, "road_density_km_per_km2": 6.9731}, "geometry": {"type": "Polygon", "coordinates": [[[75.826586, 22.622072], [75.836323, 22.622072], [75.836323, 22.631081], [75.826586, 22.631081], [75.826586, 22.622072]]]}}, {"type": "Feature", "properties": {"layer": "road_density_grid", "cell_id": "r21_c27", "road_length_km": 6.9617, "road_density_km_per_km2": 6.9595}, "geometry": {"type": "Polygon", "coordinates": [[[75.962909, 22.739189], [75.972647, 22.739189], [75.972647, 22.748198], [75.962909, 22.748198], [75.962909, 22.739189]]]}}, {"type": "Feature", "properties": {"layer": "road_density_grid", "cell_id": "r32_c15", "road_length_km": 6.9567, "road_density_km_per_km2": 6.9596}, "geometry": {"type": "Polygon", "coordinates": [[[75.846061, 22.838288], [75.855798, 22.838288], [75.855798, 22.847297], [75.846061, 22.847297], [75.846061, 22.838288]]]}}, {"type": "Feature", "properties": {"layer": "road_density_grid", "cell_id": "r9_c24", "road_length_km": 6.9543, "road_density_km_per_km2": 6.9466}, "geometry": {"type": "Polygon", "coordinates": [[[75.933697, 22.631081], [75.943435, 22.631081], [75.943435, 22.64009], [75.933697, 22.64009], [75.933697, 22.631081]]]}}, {"type": "Feature", "properties": {"layer": "road_density_grid", "cell_id": "r13_c25", "road_length_km": 6.8645, "road_density_km_per_km2": 6.8587}, "geometry": {"type": "Polygon", "coordinates": [[[75.943435, 22.667117], [75.953172, 22.667117], [75.953172, 22.676126], [75.943435, 22.676126], [75.943435, 22.667117]]]}}, {"type": "Feature", "properties": {"layer": "road_density_grid", "cell_id": "r14_c25", "road_length_km": 6.7268, "road_density_km_per_km2": 6.7216}, "geometry": {"type": "Polygon", "coordinates": [[[75.943435, 22.676126], [75.953172, 22.676126], [75.953172, 22.685135], [75.943435, 22.685135], [75.943435, 22.676126]]]}}, {"type": "Feature", "properties": {"layer": "road_density_grid", "cell_id": "r14_c3", "road_length_km": 6.6894, "road_density_km_per_km2": 6.6842}, "geometry": {"type": "Polygon", "coordinates": [[[75.729212, 22.676126], [75.73895, 22.676126], [75.73895, 22.685135], [75.729212, 22.685135], [75.729212, 22.676126]]]}}, {"type": "Feature", "properties": {"layer": "road_density_grid", "cell_id": "r11_c18", "road_length_km": 6.661, "road_density_km_per_km2": 6.6545}, "geometry": {"type": "Polygon", "coordinates": [[[75.875273, 22.649099], [75.88501, 22.649099], [75.88501, 22.658108], [75.875273, 22.658108], [75.875273, 22.649099]]]}}, {"type": "Feature", "properties": {"layer": "road_density_grid", "cell_id": "r18_c24", "road_length_km": 6.6197, "road_density_km_per_km2": 6.6163}, "geometry": {"type": "Polygon", "coordinates": [[[75.933697, 22.712162], [75.943435, 22.712162], [75.943435, 22.721171], [75.933697, 22.721171], [75.933697, 22.712162]]]}}, {"type": "Feature", "properties": {"layer": "road_density_grid", "cell_id": "r27_c8", "road_length_km": 6.6105, "road_density_km_per_km2": 6.611}, "geometry": {"type": "Polygon", "coordinates": [[[75.777899, 22.793243], [75.787636, 22.793243], [75.787636, 22.802252], [75.777899, 22.802252], [75.777899, 22.793243]]]}}, {"type": "Feature", "properties": {"layer": "road_density_grid", "cell_id": "r26_c18", "road_length_km": 6.5888, "road_density_km_per_km2": 6.5889}, "geometry": {"type": "Polygon", "coordinates": [[[75.875273, 22.784234], [75.88501, 22.784234], [75.88501, 22.793243], [75.875273, 22.793243], [75.875273, 22.784234]]]}}, {"type": "Feature", "properties": {"layer": "road_density_grid", "cell_id": "r32_c24", "road_length_km": 6.5478, "road_density_km_per_km2": 6.5505}, "geometry": {"type": "Polygon", "coordinates": [[[75.933697, 22.838288], [75.943435, 22.838288], [75.943435, 22.847297], [75.933697, 22.847297], [75.933697, 22.838288]]]}}, {"type": "Feature", "properties": {"layer": "road_density_grid", "cell_id": "r2_c24", "road_length_km": 6.5471, "road_density_km_per_km2": 6.5369}, "geometry": {"type": "Polygon", "coordinates": [[[75.933697, 22.568018], [75.943435, 22.568018], [75.943435, 22.577027], [75.933697, 22.577027], [75.933697, 22.568018]]]}}, {"type": "Feature", "properties": {"layer": "road_density_grid", "cell_id": "r33_c15", "road_length_km": 6.545, "road_density_km_per_km2": 6.5482}, "geometry": {"type": "Polygon", "coordinates": [[[75.846061, 22.847297], [75.855798, 22.847297], [75.855798, 22.856306], [75.846061, 22.856306], [75.846061, 22.847297]]]}}, {"type": "Feature", "properties": {"layer": "road_density_grid", "cell_id": "r7_c1", "road_length_km": 6.5306, "road_density_km_per_km2": 6.5226}, "geometry": {"type": "Polygon", "coordinates": [[[75.709737, 22.613063], [75.719475, 22.613063], [75.719475, 22.622072], [75.709737, 22.622072], [75.709737, 22.613063]]]}}, {"type": "Feature", "properties": {"layer": "road_density_grid", "cell_id": "r14_c10", "road_length_km": 6.5287, "road_density_km_per_km2": 6.5237}, "geometry": {"type": "Polygon", "coordinates": [[[75.797374, 22.676126], [75.807111, 22.676126], [75.807111, 22.685135], [75.797374, 22.685135], [75.797374, 22.676126]]]}}, {"type": "Feature", "properties": {"layer": "road_density_grid", "cell_id": "r28_c13", "road_length_km": 6.5002, "road_density_km_per_km2": 6.5012}, "geometry": {"type": "Polygon", "coordinates": [[[75.826586, 22.802252], [75.836323, 22.802252], [75.836323, 22.811261], [75.826586, 22.811261], [75.826586, 22.802252]]]}}, {"type": "Feature", "properties": {"layer": "road_density_grid", "cell_id": "r21_c26", "road_length_km": 6.4941, "road_density_km_per_km2": 6.492}, "geometry": {"type": "Polygon", "coordinates": [[[75.953172, 22.739189], [75.962909, 22.739189], [75.962909, 22.748198], [75.953172, 22.748198], [75.953172, 22.739189]]]}}, {"type": "Feature", "properties": {"layer": "road_density_grid", "cell_id": "r2_c7", "road_length_km": 6.4584, "road_density_km_per_km2": 6.4483}, "geometry": {"type": "Polygon", "coordinates": [[[75.768162, 22.568018], [75.777899, 22.568018], [75.777899, 22.577027], [75.768162, 22.577027], [75.768162, 22.568018]]]}}, {"type": "Feature", "properties": {"layer": "road_density_grid", "cell_id": "r13_c16", "road_length_km": 6.4493, "road_density_km_per_km2": 6.4439}, "geometry": {"type": "Polygon", "coordinates": [[[75.855798, 22.667117], [75.865536, 22.667117], [75.865536, 22.676126], [75.855798, 22.676126], [75.855798, 22.667117]]]}}, {"type": "Feature", "properties": {"layer": "road_density_grid", "cell_id": "r6_c11", "road_length_km": 6.4023, "road_density_km_per_km2": 6.394}, "geometry": {"type": "Polygon", "coordinates": [[[75.807111, 22.604054], [75.816849, 22.604054], [75.816849, 22.613063], [75.807111, 22.613063], [75.807111, 22.604054]]]}}, {"type": "Feature", "properties": {"layer": "road_density_grid", "cell_id": "r5_c19", "road_length_km": 6.3911, "road_density_km_per_km2": 6.3824}, "geometry": {"type": "Polygon", "coordinates": [[[75.88501, 22.595045], [75.894748, 22.595045], [75.894748, 22.604054], [75.88501, 22.604054], [75.88501, 22.595045]]]}}, {"type": "Feature", "properties": {"layer": "road_density_grid", "cell_id": "r31_c16", "road_length_km": 6.3619, "road_density_km_per_km2": 6.3641}, "geometry": {"type": "Polygon", "coordinates": [[[75.855798, 22.829279], [75.865536, 22.829279], [75.865536, 22.838288], [75.855798, 22.838288], [75.855798, 22.829279]]]}}, {"type": "Feature", "properties": {"layer": "road_density_grid", "cell_id": "r11_c7", "road_length_km": 6.3374, "road_density_km_per_km2": 6.3313}, "geometry": {"type": "Polygon", "coordinates": [[[75.768162, 22.649099], [75.777899, 22.649099], [75.777899, 22.658108], [75.768162, 22.658108], [75.768162, 22.649099]]]}}, {"type": "Feature", "properties": {"layer": "road_density_grid", "cell_id": "r12_c20", "road_length_km": 6.2459, "road_density_km_per_km2": 6.2403}, "geometry": {"type": "Polygon", "coordinates": [[[75.894748, 22.658108], [75.904485, 22.658108], [75.904485, 22.667117], [75.894748, 22.667117], [75.894748, 22.658108]]]}}, {"type": "Feature", "properties": {"layer": "road_density_grid", "cell_id": "r24_c6", "road_length_km": 6.2446, "road_density_km_per_km2": 6.2438}, "geometry": {"type": "Polygon", "coordinates": [[[75.758424, 22.766216], [75.768162, 22.766216], [75.768162, 22.775225], [75.758424, 22.775225], [75.758424, 22.766216]]]}}, {"type": "Feature", "properties": {"layer": "road_density_grid", "cell_id": "r8_c6", "road_length_km": 6.2278, "road_density_km_per_km2": 6.2205}, "geometry": {"type": "Polygon", "coordinates": [[[75.758424, 22.622072], [75.768162, 22.622072], [75.768162, 22.631081], [75.758424, 22.631081], [75.758424, 22.622072]]]}}, {"type": "Feature", "properties": {"layer": "road_density_grid", "cell_id": "r4_c21", "road_length_km": 6.211, "road_density_km_per_km2": 6.2021}, "geometry": {"type": "Polygon", "coordinates": [[[75.904485, 22.586036], [75.914223, 22.586036], [75.914223, 22.595045], [75.904485, 22.595045], [75.904485, 22.586036]]]}}, {"type": "Feature", "properties": {"layer": "road_density_grid", "cell_id": "r0_c10", "road_length_km": 6.1613, "road_density_km_per_km2": 6.1509}, "geometry": {"type": "Polygon", "coordinates": [[[75.797374, 22.55], [75.807111, 22.55], [75.807111, 22.559009], [75.797374, 22.559009], [75.797374, 22.55]]]}}, {"type": "Feature", "properties": {"layer": "road_density_grid", "cell_id": "r9_c30", "road_length_km": 6.1532, "road_density_km_per_km2": 6.1464}, "geometry": {"type": "Polygon", "coordinates": [[[75.992122, 22.631081], [76.001859, 22.631081], [76.001859, 22.64009], [75.992122, 22.64009], [75.992122, 22.631081]]]}}, {"type": "Feature", "properties": {"layer": "road_density_grid", "cell_id": "r21_c29", "road_length_km": 6.1271, "road_density_km_per_km2": 6.1252}, "geometry": {"type": "Polygon", "coordinates": [[[75.982384, 22.739189], [75.992122, 22.739189], [75.992122, 22.748198], [75.982384, 22.748198], [75.982384, 22.739189]]]}}, {"type": "Feature", "properties": {"layer": "road_density_grid", "cell_id": "r17_c0", "road_length_km": 6.1005, "road_density_km_per_km2": 6.097}, "geometry": {"type": "Polygon", "coordinates": [[[75.7, 22.703153], [75.709737, 22.703153], [75.709737, 22.712162], [75.7, 22.712162], [75.7, 22.703153]]]}}, {"type": "Feature", "properties": {"layer": "road_density_grid", "cell_id": "r27_c26", "road_length_km": 6.0749, "road_density_km_per_km2": 6.0754}, "geometry": {"type": "Polygon", "coordinates": [[[75.953172, 22.793243], [75.962909, 22.793243], [75.962909, 22.802252], [75.953172, 22.802252], [75.953172, 22.793243]]]}}, {"type": "Feature", "properties": {"layer": "road_density_grid", "cell_id": "r30_c20", "road_length_km": 6.0691, "road_density_km_per_km2": 6.0708}, "geometry": {"type": "Polygon", "coordinates": [[[75.894748, 22.82027], [75.904485, 22.82027], [75.904485, 22.829279], [75.894748, 22.829279], [75.894748, 22.82027]]]}}, {"type": "Feature", "properties": {"layer": "road_density_grid", "cell_id": "r29_c10", "road_length_km": 6.0363, "road_density_km_per_km2": 6.0376}, "geometry": {"type": "Polygon", "coordinates": [[[75.797374, 22.811261], [75.807111, 22.811261], [75.807111, 22.82027], [75.797374, 22.82027], [75.797374, 22.811261]]]}}, {"type": "Feature", "properties": {"layer": "road_density_grid", "cell_id": "r1_c24", "road_length_km": 6.0173, "road_density_km_per_km2": 6.0076}, "geometry": {"type": "Polygon", "coordinates": [[[75.933697, 22.559009], [75.943435, 22.559009], [75.943435, 22.568018], [75.933697, 22.568018], [75.933697, 22.559009]]]}}, {"type": "Feature", "properties": {"layer": "road_density_grid", "cell_id": "r30_c0", "road_length_km": 5.9401, "road_density_km_per_km2": 5.9418}, "geometry": {"type": "Polygon", "coordinates": [[[75.7, 22.82027], [75.709737, 22.82027], [75.709737, 22.829279], [75.7, 22.829279], [75.7, 22.82027]]]}}, {"type": "Feature", "properties": {"layer": "road_density_grid", "cell_id": "r28_c4", "road_length_km": 5.934, "road_density_km_per_km2": 5.9349}, "geometry": {"type": "Polygon", "coordinates": [[[75.73895, 22.802252], [75.748687, 22.802252], [75.748687, 22.811261], [75.73895, 22.811261], [75.73895, 22.802252]]]}}, {"type": "Feature", "properties": {"layer": "road_density_grid", "cell_id": "r4_c7", "road_length_km": 5.9185, "road_density_km_per_km2": 5.9101}, "geometry": {"type": "Polygon", "coordinates": [[[75.768162, 22.586036], [75.777899, 22.586036], [75.777899, 22.595045], [75.768162, 22.595045], [75.768162, 22.586036]]]}}, {"type": "Feature", "properties": {"layer": "road_density_grid", "cell_id": "r14_c26", "road_length_km": 5.8878, "road_density_km_per_km2": 5.8833}, "geometry": {"type": "Polygon", "coordinates": [[[75.953172, 22.676126], [75.962909, 22.676126], [75.962909, 22.685135], [75.953172, 22.685135], [75.953172, 22.676126]]]}}, {"type": "Feature", "properties": {"layer": "road_density_grid", "cell_id": "r9_c8", "road_length_km": 5.8748, "road_density_km_per_km2": 5.8683}, "geometry": {"type": "Polygon", "coordinates": [[[75.777899, 22.631081], [75.787636, 22.631081], [75.787636, 22.64009], [75.777899, 22.64009], [75.777899, 22.631081]]]}}, {"type": "Feature", "properties": {"layer": "road_density_grid", "cell_id": "r25_c12", "road_length_km": 5.86, "road_density_km_per_km2": 5.8597}, "geometry": {"type": "Polygon", "coordinates": [[[75.816849, 22.775225], [75.826586, 22.775225], [75.826586, 22.784234], [75.816849, 22.784234], [75.816849, 22.775225]]]}}, {"type": "Feature", "properties": {"layer": "road_density_grid", "cell_id": "r21_c4", "road_length_km": 5.8438, "road_density_km_per_km2": 5.8419}, "geometry": {"type": "Polygon", "coordinates": [[[75.73895, 22.739189], [75.748687, 22.739189], [75.748687, 22.748198], [75.73895, 22.748198], [75.73895, 22.739189]]]}}, {"type": "Feature", "properties": {"layer": "road_density_grid", "cell_id": "r30_c14", "road_length_km": 5.8212, "road_density_km_per_km2": 5.8229}, "geometry": {"type": "Polygon", "coordinates": [[[75.836323, 22.82027], [75.846061, 22.82027], [75.846061, 22.829279], [75.836323, 22.829279], [75.836323, 22.82027]]]}}, {"type": "Feature", "properties": {"layer": "road_density_grid", "cell_id": "r20_c1", "road_length_km": 5.7483, "road_density_km_per_km2": 5.7461}, "geometry": {"type": "Polygon", "coordinates": [[[75.709737, 22.73018], [75.719475, 22.73018], [75.719475, 22.739189], [75.709737, 22.739189], [75.709737, 22.73018]]]}}, {"type": "Feature", "properties": {"layer": "road_density_grid", "cell_id": "r12_c18", "road_length_km": 5.7262, "road_density_km_per_km2": 5.721}, "geometry": {"type": "Polygon", "coordinates": [[[75.875273, 22.658108], [75.88501, 22.658108], [75.88501, 22.667117], [75.875273, 22.667117], [75.875273, 22.658108]]]}}, {"type": "Feature", "properties": {"layer": "road_density_grid", "cell_id": "r10_c8", "road_length_km": 5.7167, "road_density_km_per_km2": 5.7108}, "geometry": {"type": "Polygon", "coordinates": [[[75.777899, 22.64009], [75.787636, 22.64009], [75.787636, 22.649099], [75.777899, 22.649099], [75.777899, 22.64009]]]}}, {"type": "Feature", "properties": {"layer": "road_density_grid", "cell_id": "r8_c24", "road_length_km": 5.6931, "road_density_km_per_km2": 5.6865}, "geometry": {"type": "Polygon", "coordinates": [[[75.933697, 22.622072], [75.943435, 22.622072], [75.943435, 22.631081], [75.933697, 22.631081], [75.933697, 22.622072]]]}}, {"type": "Feature", "properties": {"layer": "road_density_grid", "cell_id": "r7_c3", "road_length_km": 5.6897, "road_density_km_per_km2": 5.6827}, "geometry": {"type": "Polygon", "coordinates": [[[75.729212, 22.613063], [75.73895, 22.613063], [75.73895, 22.622072], [75.729212, 22.622072], [75.729212, 22.613063]]]}}, {"type": "Feature", "properties": {"layer": "road_density_grid", "cell_id": "r16_c8", "road_length_km": 5.656, "road_density_km_per_km2": 5.6524}, "geometry": {"type": "Polygon", "coordinates": [[[75.777899, 22.694144], [75.787636, 22.694144], [75.787636, 22.703153], [75.777899, 22.703153], [75.777899, 22.694144]]]}}, {"type": "Feature", "properties": {"layer": "road_density_grid", "cell_id": "r25_c11", "road_length_km": 5.6036, "road_density_km_per_km2": 5.6034}, "geometry": {"type": "Polygon", "coordinates": [[[75.807111, 22.775225], [75.816849, 22.775225], [75.816849, 22.784234], [75.807111, 22.784234], [75.807111, 22.775225]]]}}, {"type": "Feature", "properties": {"layer": "road_density_grid", "cell_id": "r1_c1", "road_length_km": 5.6012, "road_density_km_per_km2": 5.5921}, "geometry": {"type": "Polygon", "coordinates": [[[75.709737, 22.559009], [75.719475, 22.559009], [75.719475, 22.568018], [75.709737, 22.568018], [75.709737, 22.559009]]]}}, {"type": "Feature", "properties": {"layer": "road_density_grid", "cell_id": "r10_c16", "road_length_km": 5.5953, "road_density_km_per_km2": 5.5895}, "geometry": {"type": "Polygon", "coordinates": [[[75.855798, 22.64009], [75.865536, 22.64009], [75.865536, 22.649099], [75.855798, 22.649099], [75.855798, 22.64009]]]}}, {"type": "Feature", "properties": {"layer": "road_density_grid", "cell_id": "r29_c18", "road_length_km": 5.5827, "road_density_km_per_km2": 5.5839}, "geometry": {"type": "Polygon", "coordinates": [[[75.875273, 22.811261], [75.88501, 22.811261], [75.88501, 22.82027], [75.875273, 22.82027], [75.875273, 22.811261]]]}}, {"type": "Feature", "properties": {"layer": "road_density_grid", "cell_id": "r8_c25", "road_length_km": 5.5821, "road_density_km_per_km2": 5.5756}, "geometry": {"type": "Polygon", "coordinates": [[[75.943435, 22.622072], [75.953172, 22.622072], [75.953172, 22.631081], [75.943435, 22.631081], [75.943435, 22.622072]]]}}, {"type": "Feature", "properties": {"layer": "road_density_grid", "cell_id": "r15_c8", "road_length_km": 5.5547, "road_density_km_per_km2": 5.5508}, "geometry": {"type": "Polygon", "coordinates": [[[75.777899, 22.685135], [75.787636, 22.685135], [75.787636, 22.694144], [75.777899, 22.694144], [75.777899, 22.685135]]]}}, {"type": "Feature", "properties": {"layer": "road_density_grid", "cell_id": "r0_c9", "road_length_km": 5.5315, "road_density_km_per_km2": 5.5222}, "geometry": {"type": "Polygon", "coordinates": [[[75.787636, 22.55], [75.797374, 22.55], [75.797374, 22.559009], [75.787636, 22.559009], [75.787636, 22.55]]]}}, {"type": "Feature", "properties": {"layer": "road_density_grid", "cell_id": "r9_c26", "road_length_km": 5.4696, "road_density_km_per_km2": 5.4636}, "geometry": {"type": "Polygon", "coordinates": [[[75.953172, 22.631081], [75.962909, 22.631081], [75.962909, 22.64009], [75.953172, 22.64009], [75.953172, 22.631081]]]}}, {"type": "Feature", "properties": {"layer": "road_density_grid", "cell_id": "r14_c28", "road_length_km": 5.4502, "road_density_km_per_km2": 5.446}, "geometry": {"type": "Polygon", "coordinates": [[[75.972647, 22.676126], [75.982384, 22.676126], [75.982384, 22.685135], [75.972647, 22.685135], [75.972647, 22.676126]]]}}, {"type": "Feature", "properties": {"layer": "road_density_grid", "cell_id": "r8_c4", "road_length_km": 5.4434, "road_density_km_per_km2": 5.437}, "geometry": {"type": "Polygon", "coordinates": [[[75.73895, 22.622072], [75.748687, 22.622072], [75.748687, 22.631081], [75.73895, 22.631081], [75.73895, 22.622072]]]}}, {"type": "Feature", "properties": {"layer": "road_density_grid", "cell_id": "r26_c5", "road_length_km": 5.3458, "road_density_km_per_km2": 5.3459}, "geometry": {"type": "Polygon", "coordinates": [[[75.748687, 22.784234], [75.758424, 22.784234], [75.758424, 22.793243], [75.748687, 22.793243], [75.748687, 22.784234]]]}}, {"type": "Feature", "properties": {"layer": "road_density_grid", "cell_id": "r14_c6", "road_length_km": 5.3218, "road_density_km_per_km2": 5.3177}, "geometry": {"type": "Polygon", "coordinates": [[[75.758424, 22.676126], [75.768162, 22.676126], [75.768162, 22.685135], [75.758424, 22.685135], [75.758424, 22.676126]]]}}, {"type": "Feature", "properties": {"layer": "road_density_grid", "cell_id": "r19_c27", "road_length_km": 5.3208, "road_density_km_per_km2": 5.3184}, "geometry": {"type": "Polygon", "coordinates": [[[75.962909, 22.721171], [75.972647, 22.721171], [75.972647, 22.73018], [75.962909, 22.73018], [75.962909, 22.721171]]]}}, {"type": "Feature", "properties": {"layer": "road_density_grid", "cell_id": "r14_c30", "road_length_km": 5.281, "road_density_km_per_km2": 5.2769}, "geometry": {"type": "Polygon", "coordinates": [[[75.992122, 22.676126], [76.001859, 22.676126], [76.001859, 22.685135], [75.992122, 22.685135], [75.992122, 22.676126]]]}}, {"type": "Feature", "properties": {"layer": "road_density_grid", "cell_id": "r30_c22", "road_length_km": 5.2723, "road_density_km_per_km2": 5.2737}, "geometry": {"type": "Polygon", "coordinates": [[[75.914223, 22.82027], [75.92396, 22.82027], [75.92396, 22.829279], [75.914223, 22.829279], [75.914223, 22.82027]]]}}, {"type": "Feature", "properties": {"layer": "road_density_grid", "cell_id": "r17_c27", "road_length_km": 5.2279, "road_density_km_per_km2": 5.2249}, "geometry": {"type": "Polygon", "coordinates": [[[75.962909, 22.703153], [75.972647, 22.703153], [75.972647, 22.712162], [75.962909, 22.712162], [75.962909, 22.703153]]]}}, {"type": "Feature", "properties": {"layer": "road_density_grid", "cell_id": "r14_c9", "road_length_km": 5.214, "road_density_km_per_km2": 5.21}, "geometry": {"type": "Polygon", "coordinates": [[[75.787636, 22.676126], [75.797374, 22.676126], [75.797374, 22.685135], [75.787636, 22.685135], [75.787636, 22.676126]]]}}, {"type": "Feature", "properties": {"layer": "road_density_grid", "cell_id": "r27_c18", "road_length_km": 5.1446, "road_density_km_per_km2": 5.145}, "geometry": {"type": "Polygon", "coordinates": [[[75.875273, 22.793243], [75.88501, 22.793243], [75.88501, 22.802252], [75.875273, 22.802252], [75.875273, 22.793243]]]}}, {"type": "Feature", "properties": {"layer": "road_density_grid", "cell_id": "r9_c25", "road_length_km": 5.129, "road_density_km_per_km2": 5.1234}, "geometry": {"type": "Polygon", "coordinates": [[[75.943435, 22.631081], [75.953172, 22.631081], [75.953172, 22.64009], [75.943435, 22.64009], [75.943435, 22.631081]]]}}, {"type": "Feature", "properties": {"layer": "road_density_grid", "cell_id": "r22_c28", "road_length_km": 5.1248, "road_density_km_per_km2": 5.1235}, "geometry": {"type": "Polygon", "coordinates": [[[75.972647, 22.748198], [75.982384, 22.748198], [75.982384, 22.757207], [75.972647, 22.757207], [75.972647, 22.748198]]]}}, {"type": "Feature", "properties": {"layer": "road_density_grid", "cell_id": "r18_c9", "road_length_km": 5.1146, "road_density_km_per_km2": 5.1119}, "geometry": {"type": "Polygon", "coordinates": [[[75.787636, 22.712162], [75.797374, 22.712162], [75.797374, 22.721171], [75.787636, 22.721171], [75.787636, 22.712162]]]}}, {"type": "Feature", "properties": {"layer": "road_density_grid", "cell_id": "r27_c3", "road_length_km": 5.1131, "road_density_km_per_km2": 5.1135}, "geometry": {"type": "Polygon", "coordinates": [[[75.729212, 22.793243], [75.73895, 22.793243], [75.73895, 22.802252], [75.729212, 22.802252], [75.729212, 22.793243]]]}}, {"type": "Feature", "properties": {"layer": "road_density_grid", "cell_id": "r30_c10", "road_length_km": 5.0972, "road_density_km_per_km2": 5.0986}, "geometry": {"type": "Polygon", "coordinates": [[[75.797374, 22.82027], [75.807111, 22.82027], [75.807111, 22.829279], [75.797374, 22.829279], [75.797374, 22.82027]]]}}, {"type": "Feature", "properties": {"layer": "road_density_grid", "cell_id": "r30_c13", "road_length_km": 5.071, "road_density_km_per_km2": 5.0724}, "geometry": {"type": "Polygon", "coordinates": [[[75.826586, 22.82027], [75.836323, 22.82027], [75.836323, 22.829279], [75.826586, 22.829279], [75.826586, 22.82027]]]}}, {"type": "Feature", "properties": {"layer": "road_density_grid", "cell_id": "r32_c18", "road_length_km": 5.0669, "road_density_km_per_km2": 5.069}, "geometry": {"type": "Polygon", "coordinates": [[[75.875273, 22.838288], [75.88501, 22.838288], [75.88501, 22.847297], [75.875273, 22.847297], [75.875273, 22.838288]]]}}, {"type": "Feature", "properties": {"layer": "road_density_grid", "cell_id": "r9_c7", "road_length_km": 5.0631, "road_density_km_per_km2": 5.0575}, "geometry": {"type": "Polygon", "coordinates": [[[75.768162, 22.631081], [75.777899, 22.631081], [75.777899, 22.64009], [75.768162, 22.64009], [75.768162, 22.631081]]]}}, {"type": "Feature", "properties": {"layer": "road_density_grid", "cell_id": "r5_c30", "road_length_km": 5.0397, "road_density_km_per_km2": 5.0328}, "geometry": {"type": "Polygon", "coordinates": [[[75.992122, 22.595045], [76.001859, 22.595045], [76.001859, 22.604054], [75.992122, 22.604054], [75.992122, 22.595045]]]}}, {"type": "Feature", "properties": {"layer": "road_density_grid", "cell_id": "r13_c0", "road_length_km": 5.0221, "road_density_km_per_km2": 5.0179}, "geometry": {"type": "Polygon", "coordinates": [[[75.7, 22.667117], [75.709737, 22.667117], [75.709737, 22.676126], [75.7, 22.676126], [75.7, 22.667117]]]}}, {"type": "Feature", "properties": {"layer": "road_density_grid", "cell_id": "r28_c14", "road_length_km": 5.0087, "road_density_km_per_km2": 5.0094}, "geometry": {"type": "Polygon", "coordinates": [[[75.836323, 22.802252], [75.846061, 22.802252], [75.846061, 22.811261], [75.836323, 22.811261], [75.836323, 22.802252]]]}}, {"type": "Feature", "properties": {"layer": "road_density_grid", "cell_id": "r19_c6", "road_length_km": 5.0054, "road_density_km_per_km2": 5.0032}, "geometry": {"type": "Polygon", "coordinates": [[[75.758424, 22.721171], [75.768162, 22.721171], [75.768162, 22.73018], [75.758424, 22.73018], [75.758424, 22.721171]]]}}, {"type": "Feature", "properties": {"layer": "road_density_grid", "cell_id": "r17_c28", "road_length_km": 5.0051, "road_density_km_per_km2": 5.0022}, "geometry": {"type": "Polygon", "coordinates": [[[75.972647, 22.703153], [75.982384, 22.703153], [75.982384, 22.712162], [75.972647, 22.712162], [75.972647, 22.703153]]]}}, {"type": "Feature", "properties": {"layer": "road_density_grid", "cell_id": "r29_c1", "road_length_km": 4.9845, "road_density_km_per_km2": 4.9856}, "geometry": {"type": "Polygon", "coordinates": [[[75.709737, 22.811261], [75.719475, 22.811261], [75.719475, 22.82027], [75.709737, 22.82027], [75.709737, 22.811261]]]}}, {"type": "Feature", "properties": {"layer": "road_density_grid", "cell_id": "r17_c8", "road_length_km": 4.9571, "road_density_km_per_km2": 4.9543}, "geometry": {"type": "Polygon", "coordinates": [[[75.777899, 22.703153], [75.787636, 22.703153], [75.787636, 22.712162], [75.777899, 22.712162], [75.777899, 22.703153]]]}}, {"type": "Feature", "properties": {"layer": "road_density_grid", "cell_id": "r28_c28", "road_length_km": 4.9329, "road_density_km_per_km2": 4.9337}, "geometry": {"type": "Polygon", "coordinates": [[[75.972647, 22.802252], [75.982384, 22.802252], [75.982384, 22.811261], [75.972647, 22.811261], [75.972647, 22.802252]]]}}, {"type": "Feature", "properties": {"layer": "road_density_grid", "cell_id": "r11_c16", "road_length_km": 4.9304, "road_density_km_per_km2": 4.9257}, "geometry": {"type": "Polygon", "coordinates": [[[75.855798, 22.649099], [75.865536, 22.649099], [75.865536, 22.658108], [75.855798, 22.658108], [75.855798, 22.649099]]]}}, {"type": "Feature", "properties": {"layer": "road_density_grid", "cell_id": "r6_c26", "road_length_km": 4.9155, "road_density_km_per_km2": 4.9091}, "geometry": {"type": "Polygon", "coordinates": [[[75.953172, 22.604054], [75.962909, 22.604054], [75.962909, 22.613063], [75.953172, 22.613063], [75.953172, 22.604054]]]}}, {"type": "Feature", "properties": {"layer": "road_density_grid", "cell_id": "r16_c6", "road_length_km": 4.913, "road_density_km_per_km2": 4.9098}, "geometry": {"type": "Polygon", "coordinates": [[[75.758424, 22.694144], [75.768162, 22.694144], [75.768162, 22.703153], [75.758424, 22.703153], [75.758424, 22.694144]]]}}, {"type": "Feature", "properties": {"layer": "road_density_grid", "cell_id": "r28_c18", "road_length_km": 4.8678, "road_density_km_per_km2": 4.8685}, "geometry": {"type": "Polygon", "coordinates": [[[75.875273, 22.802252], [75.88501, 22.802252], [75.88501, 22.811261], [75.875273, 22.811261], [75.875273, 22.802252]]]}}, {"type": "Feature", "properties": {"layer": "road_density_grid", "cell_id": "r3_c20", "road_length_km": 4.8314, "road_density_km_per_km2": 4.8241}, "geometry": {"type": "Polygon", "coordinates": [[[75.894748, 22.577027], [75.904485, 22.577027], [75.904485, 22.586036], [75.894748, 22.586036], [75.894748, 22.577027]]]}}, {"type": "Feature", "properties": {"layer": "road_density_grid", "cell_id": "r30_c9", "road_length_km": 4.8261, "road_density_km_per_km2": 4.8274}, "geometry": {"type": "Polygon", "coordinates": [[[75.787636, 22.82027], [75.797374, 22.82027], [75.797374, 22.829279], [75.787636, 22.829279], [75.787636, 22.82027]]]}}, {"type": "Feature", "properties": {"layer": "road_density_grid", "cell_id": "r4_c25", "road_length_km": 4.8161, "road_density_km_per_km2": 4.8092}, "geometry": {"type": "Polygon", "coordinates": [[[75.943435, 22.586036], [75.953172, 22.586036], [75.953172, 22.595045], [75.943435, 22.595045], [75.943435, 22.586036]]]}}, {"type": "Feature", "properties": {"layer": "road_density_grid", "cell_id": "r6_c23", "road_length_km": 4.7834, "road_density_km_per_km2": 4.7772}, "geometry": {"type": "Polygon", "coordinates": [[[75.92396, 22.604054], [75.933697, 22.604054], [75.933697, 22.613063], [75.92396, 22.613063], [75.92396, 22.604054]]]}}, {"type": "Feature", "properties": {"layer": "road_density_grid", "cell_id": "r12_c2", "road_length_km": 4.7358, "road_density_km_per_km2": 4.7315}, "geometry": {"type": "Polygon", "coordinates": [[[75.719475, 22.658108], [75.729212, 22.658108], [75.729212, 22.667117], [75.719475, 22.667117], [75.719475, 22.658108]]]}}, {"type": "Feature", "properties": {"layer": "road_density_grid", "cell_id": "r5_c1", "road_length_km": 4.6819, "road_density_km_per_km2": 4.6755}, "geometry": {"type": "Polygon", "coordinates": [[[75.709737, 22.595045], [75.719475, 22.595045], [75.719475, 22.604054], [75.709737, 22.604054], [75.709737, 22.595045]]]}}, {"type": "Feature", "properties": {"layer": "road_density_grid", "cell_id": "r9_c9", "road_length_km": 4.6667, "road_density_km_per_km2": 4.6615}, "geometry": {"type": "Polygon", "coordinates": [[[75.787636, 22.631081], [75.797374, 22.631081], [75.797374, 22.64009], [75.787636, 22.64009], [75.787636, 22.631081]]]}}, {"type": "Feature", "properties": {"layer": "road_density_grid", "cell_id": "r19_c2", "road_length_km": 4.6624, "road_density_km_per_km2": 4.6603}, "geometry": {"type": "Polygon", "coordinates": [[[75.719475, 22.721171], [75.729212, 22.721171], [75.729212, 22.73018], [75.719475, 22.73018], [75.719475, 22.721171]]]}}, {"type": "Feature", "properties": {"layer": "road_density_grid", "cell_id": "r23_c6", "road_length_km": 4.6502, "road_density_km_per_km2": 4.6493}, "geometry": {"type": "Polygon", "coordinates": [[[75.758424, 22.757207], [75.768162, 22.757207], [75.768162, 22.766216], [75.758424, 22.766216], [75.758424, 22.757207]]]}}, {"type": "Feature", "properties": {"layer": "road_density_grid", "cell_id": "r9_c21", "road_length_km": 4.6374, "road_density_km_per_km2": 4.6323}, "geometry": {"type": "Polygon", "coordinates": [[[75.904485, 22.631081], [75.914223, 22.631081], [75.914223, 22.64009], [75.904485, 22.64009], [75.904485, 22.631081]]]}}, {"type": "Feature", "properties": {"layer": "road_density_grid", "cell_id": "r28_c5", "road_length_km": 4.6312, "road_density_km_per_km2": 4.6319}, "geometry": {"type": "Polygon", "coordinates": [[[75.748687, 22.802252], [75.758424, 22.802252], [75.758424, 22.811261], [75.748687, 22.811261], [75.748687, 22.802252]]]}}, {"type": "Feature", "properties": {"layer": "road_density_grid", "cell_id": "r2_c8", "road_length_km": 4.6235, "road_density_km_per_km2": 4.6162}, "geometry": {"type": "Polygon", "coordinates": [[[75.777899, 22.568018], [75.787636, 22.568018], [75.787636, 22.577027], [75.777899, 22.577027], [75.777899, 22.568018]]]}}, {"type": "Feature", "properties": {"layer": "road_density_grid", "cell_id": "r24_c7", "road_length_km": 4.6168, "road_density_km_per_km2": 4.6163}, "geometry": {"type": "Polygon", "coordinates": [[[75.768162, 22.766216], [75.777899, 22.766216], [75.777899, 22.775225], [75.768162, 22.775225], [75.768162, 22.766216]]]}}, {"type": "Feature", "properties": {"layer": "road_density_grid", "cell_id": "r8_c16", "road_length_km": 4.609, "road_density_km_per_km2": 4.6037}, "geometry": {"type": "Polygon", "coordinates": [[[75.855798, 22.622072], [75.865536, 22.622072], [75.865536, 22.631081], [75.855798, 22.631081], [75.855798, 22.622072]]]}}, {"type": "Feature", "properties": {"layer": "road_density_grid", "cell_id": "r10_c6", "road_length_km": 4.6051, "road_density_km_per_km2": 4.6003}, "geometry": {"type": "Polygon", "coordinates": [[[75.758424, 22.64009], [75.768162, 22.64009], [75.768162, 22.649099], [75.758424, 22.649099], [75.758424, 22.64009]]]}}, {"type": "Feature", "properties": {"layer": "road_density_grid", "cell_id": "r22_c29", "road_length_km": 4.5826, "road_density_km_per_km2": 4.5814}, "geometry": {"type": "Polygon", "coordinates": [[[75.982384, 22.748198], [75.992122, 22.748198], [75.992122, 22.757207], [75.982384, 22.757207], [75.982384, 22.748198]]]}}, {"type": "Feature", "properties": {"layer": "road_density_grid", "cell_id": "r13_c1", "road_length_km": 4.5787, "road_density_km_per_km2": 4.5748}, "geometry": {"type": "Polygon", "coordinates": [[[75.709737, 22.667117], [75.719475, 22.667117], [75.719475, 22.676126], [75.709737, 22.676126], [75.709737, 22.667117]]]}}, {"type": "Feature", "properties": {"layer": "road_density_grid", "cell_id": "r23_c28", "road_length_km": 4.5742, "road_density_km_per_km2": 4.5733}, "geometry": {"type": "Polygon", "coordinates": [[[75.972647, 22.757207], [75.982384, 22.757207], [75.982384, 22.766216], [75.972647, 22.766216], [75.972647, 22.757207]]]}}, {"type": "Feature", "properties": {"layer": "road_density_grid", "cell_id": "r12_c16", "road_length_km": 4.5582, "road_density_km_per_km2": 4.5541}, "geometry": {"type": "Polygon", "coordinates": [[[75.855798, 22.658108], [75.865536, 22.658108], [75.865536, 22.667117], [75.855798, 22.667117], [75.855798, 22.658108]]]}}, {"type": "Feature", "properties": {"layer": "road_density_grid", "cell_id": "r29_c17", "road_length_km": 4.5421, "road_density_km_per_km2": 4.5431}, "geometry": {"type": "Polygon", "coordinates": [[[75.865536, 22.811261], [75.875273, 22.811261], [75.875273, 22.82027], [75.865536, 22.82027], [75.865536, 22.811261]]]}}, {"type": "Feature", "properties": {"layer": "road_density_grid", "cell_id": "r16_c11", "road_length_km": 4.5286, "road_density_km_per_km2": 4.5257}, "geometry": {"type": "Polygon", "coordinates": [[[75.807111, 22.694144], [75.816849, 22.694144], [75.816849, 22.703153], [75.807111, 22.703153], [75.807111, 22.694144]]]}}, {"type": "Feature", "properties": {"layer": "road_density_grid", "cell_id": "r28_c26", "road_length_km": 4.5272, "road_density_km_per_km2": 4.5279}, "geometry": {"type": "Polygon", "coordinates": [[[75.953172, 22.802252], [75.962909, 22.802252], [75.962909, 22.811261], [75.953172, 22.811261], [75.953172, 22.802252]]]}}, {"type": "Feature", "properties": {"layer": "road_density_grid", "cell_id": "r15_c10", "road_length_km": 4.5262, "road_density_km_per_km2": 4.523}, "geometry": {"type": "Polygon", "coordinates": [[[75.797374, 22.685135], [75.807111, 22.685135], [75.807111, 22.694144], [75.797374, 22.694144], [75.797374, 22.685135]]]}}, {"type": "Feature", "properties": {"layer": "road_density_grid", "cell_id": "r25_c17", "road_length_km": 4.5209, "road_density_km_per_km2": 4.5207}, "geometry": {"type": "Polygon", "coordinates": [[[75.865536, 22.775225], [75.875273, 22.775225], [75.875273, 22.784234], [75.865536, 22.784234], [75.865536, 22.775225]]]}}, {"type": "Feature", "properties": {"layer": "road_density_grid", "cell_id": "r4_c9", "road_length_km": 4.5125, "road_density_km_per_km2": 4.5061}, "geometry": {"type": "Polygon", "coordinates": [[[75.787636, 22.586036], [75.797374, 22.586036], [75.797374, 22.595045], [75.787636, 22.595045], [75.787636, 22.586036]]]}}, {"type": "Feature", "properties": {"layer": "road_density_grid", "cell_id": "r13_c6", "road_length_km": 4.5098, "road_density_km_per_km2": 4.506}, "geometry": {"type": "Polygon", "coordinates": [[[75.758424, 22.667117], [75.768162, 22.667117], [75.768162, 22.676126], [75.758424, 22.676126], [75.758424, 22.667117]]]}}, {"type": "Feature", "properties": {"layer": "road_density_grid", "cell_id": "r10_c26", "road_length_km": 4.4895, "road_density_km_per_km2": 4.4848}, "geometry": {"type": "Polygon", "coordinates": [[[75.953172, 22.64009], [75.962909, 22.64009], [75.962909, 22.649099], [75.953172, 22.649099], [75.953172, 22.64009]]]}}, {"type": "Feature", "properties": {"layer": "road_density_grid", "cell_id": "r3_c24", "road_length_km": 4.4791, "road_density_km_per_km2": 4.4724}, "geometry": {"type": "Polygon", "coordinates": [[[75.933697, 22.577027], [75.943435, 22.577027], [75.943435, 22.586036], [75.933697, 22.586036], [75.933697, 22.577027]]]}}, {"type": "Feature", "properties": {"layer": "road_density_grid", "cell_id": "r22_c6", "road_length_km": 4.4049, "road_density_km_per_km2": 4.4039}, "geometry": {"type": "Polygon", "coordinates": [[[75.758424, 22.748198], [75.768162, 22.748198], [75.768162, 22.757207], [75.758424, 22.757207], [75.758424, 22.748198]]]}}, {"type": "Feature", "properties": {"layer": "road_density_grid", "cell_id": "r14_c29", "road_length_km": 4.4019, "road_density_km_per_km2": 4.3985}, "geometry": {"type": "Polygon", "coordinates": [[[75.982384, 22.676126], [75.992122, 22.676126], [75.992122, 22.685135], [75.982384, 22.685135], [75.982384, 22.676126]]]}}, {"type": "Feature", "properties": {"layer": "road_density_grid", "cell_id": "r24_c28", "road_length_km": 4.3835, "road_density_km_per_km2": 4.3829}, "geometry": {"type": "Polygon", "coordinates": [[[75.972647, 22.766216], [75.982384, 22.766216], [75.982384, 22.775225], [75.972647, 22.775225], [75.972647, 22.766216]]]}}, {"type": "Feature", "properties": {"layer": "road_density_grid", "cell_id": "r5_c26", "road_length_km": 4.3369, "road_density_km_per_km2": 4.331}, "geometry": {"type": "Polygon", "coordinates": [[[75.953172, 22.595045], [75.962909, 22.595045], [75.962909, 22.604054], [75.953172, 22.604054], [75.953172, 22.595045]]]}}, {"type": "Feature", "properties": {"layer": "road_density_grid", "cell_id": "r15_c9", "road_length_km": 4.3122, "road_density_km_per_km2": 4.3091}, "geometry": {"type": "Polygon", "coordinates": [[[75.787636, 22.685135], [75.797374, 22.685135], [75.797374, 22.694144], [75.787636, 22.694144], [75.787636, 22.685135]]]}}, {"type": "Feature", "properties": {"layer": "road_density_grid", "cell_id": "r28_c17", "road_length_km": 4.3087, "road_density_km_per_km2": 4.3094}, "geometry": {"type": "Polygon", "coordinates": [[[75.865536, 22.802252], [75.875273, 22.802252], [75.875273, 22.811261], [75.865536, 22.811261], [75.865536, 22.802252]]]}}, {"type": "Feature", "properties": {"layer": "road_density_grid", "cell_id": "r3_c3", "road_length_km": 4.3074, "road_density_km_per_km2": 4.301}, "geometry": {"type": "Polygon", "coordinates": [[[75.729212, 22.577027], [75.73895, 22.577027], [75.73895, 22.586036], [75.729212, 22.586036], [75.729212, 22.577027]]]}}, {"type": "Feature", "properties": {"layer": "road_density_grid", "cell_id": "r26_c12", "road_length_km": 4.3018, "road_density_km_per_km2": 4.3019}, "geometry": {"type": "Polygon", "coordinates": [[[75.816849, 22.784234], [75.826586, 22.784234], [75.826586, 22.793243], [75.816849, 22.793243], [75.816849, 22.784234]]]}}, {"type": "Feature", "properties": {"layer": "road_density_grid", "cell_id": "r0_c2", "road_length_km": 4.291, "road_density_km_per_km2": 4.2838}, "geometry": {"type": "Polygon", "coordinates": [[[75.719475, 22.55], [75.729212, 22.55], [75.729212, 22.559009], [75.719475, 22.559009], [75.719475, 22.55]]]}}, {"type": "Feature", "properties": {"layer": "road_density_grid", "cell_id": "r6_c24", "road_length_km": 4.2847, "road_density_km_per_km2": 4.2792}, "geometry": {"type": "Polygon", "coordinates": [[[75.933697, 22.604054], [75.943435, 22.604054], [75.943435, 22.613063], [75.933697, 22.613063], [75.933697, 22.604054]]]}}, {"type": "Feature", "properties": {"layer": "road_density_grid", "cell_id": "r9_c28", "road_length_km": 4.2841, "road_density_km_per_km2": 4.2794}, "geometry": {"type": "Polygon", "coordinates": [[[75.972647, 22.631081], [75.982384, 22.631081], [75.982384, 22.64009], [75.972647, 22.64009], [75.972647, 22.631081]]]}}, {"type": "Feature", "properties": {"layer": "road_density_grid", "cell_id": "r11_c6", "road_length_km": 4.2659, "road_density_km_per_km2": 4.2618}, "geometry": {"type": "Polygon", "coordinates": [[[75.758424, 22.649099], [75.768162, 22.649099], [75.768162, 22.658108], [75.758424, 22.658108], [75.758424, 22.649099]]]}}, {"type": "Feature", "properties": {"layer": "road_density_grid", "cell_id": "r3_c7", "road_length_km": 4.2588, "road_density_km_per_km2": 4.2524}, "geometry": {"type": "Polygon", "coordinates": [[[75.768162, 22.577027], [75.777899, 22.577027], [75.777899, 22.586036], [75.768162, 22.586036], [75.768162, 22.577027]]]}}, {"type": "Feature", "properties": {"layer": "road_density_grid", "cell_id": "r15_c26", "road_length_km": 4.2544, "road_density_km_per_km2": 4.2513}, "geometry": {"type": "Polygon", "coordinates": [[[75.953172, 22.685135], [75.962909, 22.685135], [75.962909, 22.694144], [75.953172, 22.694144], [75.953172, 22.685135]]]}}, {"type": "Feature", "properties": {"layer": "road_density_grid", "cell_id": "r7_c6", "road_length_km": 4.2465, "road_density_km_per_km2": 4.2412}, "geometry": {"type": "Polygon", "coordinates": [[[75.758424, 22.613063], [75.768162, 22.613063], [75.768162, 22.622072], [75.758424, 22.622072], [75.758424, 22.613063]]]}}, {"type": "Feature", "properties": {"layer": "road_density_grid", "cell_id": "r16_c5", "road_length_km": 4.2311, "road_density_km_per_km2": 4.2284}, "geometry": {"type": "Polygon", "coordinates": [[[75.748687, 22.694144], [75.758424, 22.694144], [75.758424, 22.703153], [75.748687, 22.703153], [75.748687, 22.694144]]]}}, {"type": "Feature", "properties": {"layer": "road_density_grid", "cell_id": "r7_c27", "road_length_km": 4.2272, "road_density_km_per_km2": 4.2219}, "geometry": {"type": "Polygon", "coordinates": [[[75.962909, 22.613063], [75.972647, 22.613063], [75.972647, 22.622072], [75.962909, 22.622072], [75.962909, 22.613063]]]}}, {"type": "Feature", "properties": {"layer": "road_density_grid", "cell_id": "r33_c16", "road_length_km": 4.2109, "road_density_km_per_km2": 4.2129}, "geometry": {"type": "Polygon", "coordinates": [[[75.855798, 22.847297], [75.865536, 22.847297], [75.865536, 22.856306], [75.855798, 22.856306], [75.855798, 22.847297]]]}}, {"type": "Feature", "properties": {"layer": "road_density_grid", "cell_id": "r28_c10", "road_length_km": 4.1986, "road_density_km_per_km2": 4.1992}, "geometry": {"type": "Polygon", "coordinates": [[[75.797374, 22.802252], [75.807111, 22.802252], [75.807111, 22.811261], [75.797374, 22.811261], [75.797374, 22.802252]]]}}, {"type": "Feature", "properties": {"layer": "road_density_grid", "cell_id": "r13_c2", "road_length_km": 4.195, "road_density_km_per_km2": 4.1915}, "geometry": {"type": "Polygon", "coordinates": [[[75.719475, 22.667117], [75.729212, 22.667117], [75.729212, 22.676126], [75.719475, 22.676126], [75.719475, 22.667117]]]}}, {"type": "Feature", "properties": {"layer": "road_density_grid", "cell_id": "r0_c21", "road_length_km": 4.179, "road_density_km_per_km2": 4.1719}, "geometry": {"type": "Polygon", "coordinates": [[[75.904485, 22.55], [75.914223, 22.55], [75.914223, 22.559009], [75.904485, 22.559009], [75.904485, 22.55]]]}}, {"type": "Feature", "properties": {"layer": "road_density_grid", "cell_id": "r20_c28", "road_length_km": 4.171, "road_density_km_per_km2": 4.1694}, "geometry": {"type": "Polygon", "coordinates": [[[75.972647, 22.73018], [75.982384, 22.73018], [75.982384, 22.739189], [75.972647, 22.739189], [75.972647, 22.73018]]]}}, {"type": "Feature", "properties": {"layer": "road_density_grid", "cell_id": "r7_c18", "road_length_km": 4.1657, "road_density_km_per_km2": 4.1605}, "geometry": {"type": "Polygon", "coordinates": [[[75.875273, 22.613063], [75.88501, 22.613063], [75.88501, 22.622072], [75.875273, 22.622072], [75.875273, 22.613063]]]}}, {"type": "Feature", "properties": {"layer": "road_density_grid", "cell_id": "r24_c29", "road_length_km": 4.1547, "road_density_km_per_km2": 4.1542}, "geometry": {"type": "Polygon", "coordinates": [[[75.982384, 22.766216], [75.992122, 22.766216], [75.992122, 22.775225], [75.982384, 22.775225], [75.982384, 22.766216]]]}}, {"type": "Feature", "properties": {"layer": "road_density_grid", "cell_id": "r28_c16", "road_length_km": 4.1504, "road_density_km_per_km2": 4.1511}, "geometry": {"type": "Polygon", "coordinates": [[[75.855798, 22.802252], [75.865536, 22.802252], [75.865536, 22.811261], [75.855798, 22.811261], [75.855798, 22.802252]]]}}, {"type": "Feature", "properties": {"layer": "road_density_grid", "cell_id": "r5_c21", "road_length_km": 4.1478, "road_density_km_per_km2": 4.1422}, "geometry": {"type": "Polygon", "coordinates": [[[75.904485, 22.595045], [75.914223, 22.595045], [75.914223, 22.604054], [75.904485, 22.604054], [75.904485, 22.595045]]]}}, {"type": "Feature", "properties": {"layer": "road_density_grid", "cell_id": "r13_c26", "road_length_km": 4.1394, "road_density_km_per_km2": 4.1359}, "geometry": {"type": "Polygon", "coordinates": [[[75.953172, 22.667117], [75.962909, 22.667117], [75.962909, 22.676126], [75.953172, 22.676126], [75.953172, 22.667117]]]}}, {"type": "Feature", "properties": {"layer": "road_density_grid", "cell_id": "r10_c29", "road_length_km": 4.1327, "road_density_km_per_km2": 4.1284}, "geometry": {"type": "Polygon", "coordinates": [[[75.982384, 22.64009], [75.992122, 22.64009], [75.992122, 22.649099], [75.982384, 22.649099], [75.982384, 22.64009]]]}}, {"type": "Feature", "properties": {"layer": "road_density_grid", "cell_id": "r5_c8", "road_length_km": 4.1246, "road_density_km_per_km2": 4.119}, "geometry": {"type": "Polygon", "coordinates": [[[75.777899, 22.595045], [75.787636, 22.595045], [75.787636, 22.604054], [75.777899, 22.604054], [75.777899, 22.595045]]]}}, {"type": "Feature", "properties": {"layer": "road_density_grid", "cell_id": "r1_c27", "road_length_km": 4.122, "road_density_km_per_km2": 4.1153}, "geometry": {"type": "Polygon", "coordinates": [[[75.962909, 22.559009], [75.972647, 22.559009], [75.972647, 22.568018], [75.962909, 22.568018], [75.962909, 22.559009]]]}}, {"type": "Feature", "properties": {"layer": "road_density_grid", "cell_id": "r23_c1", "road_length_km": 4.1165, "road_density_km_per_km2": 4.1157}, "geometry": {"type": "Polygon", "coordinates": [[[75.709737, 22.757207], [75.719475, 22.757207], [75.719475, 22.766216], [75.709737, 22.766216], [75.709737, 22.757207]]]}}, {"type": "Feature", "properties": {"layer": "road_density_grid", "cell_id": "r9_c0", "road_length_km": 4.0826, "road_density_km_per_km2": 4.0781}, "geometry": {"type": "Polygon", "coordinates": [[[75.7, 22.631081], [75.709737, 22.631081], [75.709737, 22.64009], [75.7, 22.64009], [75.7, 22.631081]]]}}, {"type": "Feature", "properties": {"layer": "road_density_grid", "cell_id": "r12_c25", "road_length_km": 4.0729, "road_density_km_per_km2": 4.0692}, "geometry": {"type": "Polygon", "coordinates": [[[75.943435, 22.658108], [75.953172, 22.658108], [75.953172, 22.667117], [75.943435, 22.667117], [75.943435, 22.658108]]]}}, {"type": "Feature", "properties": {"layer": "road_density_grid", "cell_id": "r28_c23", "road_length_km": 4.0533, "road_density_km_per_km2": 4.0539}, "geometry": {"type": "Polygon", "coordinates": [[[75.92396, 22.802252], [75.933697, 22.802252], [75.933697, 22.811261], [75.92396, 22.811261], [75.92396, 22.802252]]]}}, {"type": "Feature", "properties": {"layer": "road_density_grid", "cell_id": "r7_c26", "road_length_km": 4.0529, "road_density_km_per_km2": 4.0479}, "geometry": {"type": "Polygon", "coordinates": [[[75.953172, 22.613063], [75.962909, 22.613063], [75.962909, 22.622072], [75.953172, 22.622072], [75.953172, 22.613063]]]}}, {"type": "Feature", "properties": {"layer": "road_density_grid", "cell_id": "r6_c8", "road_length_km": 4.0371, "road_density_km_per_km2": 4.0319}, "geometry": {"type": "Polygon", "coordinates": [[[75.777899, 22.604054], [75.787636, 22.604054], [75.787636, 22.613063], [75.777899, 22.613063], [75.777899, 22.604054]]]}}, {"type": "Feature", "properties": {"layer": "road_density_grid", "cell_id": "r8_c30", "road_length_km": 4.0014, "road_density_km_per_km2": 3.9967}, "geometry": {"type": "Polygon", "coordinates": [[[75.992122, 22.622072], [76.001859, 22.622072], [76.001859, 22.631081], [75.992122, 22.631081], [75.992122, 22.622072]]]}}, {"type": "Feature", "properties": {"layer": "road_density_grid", "cell_id": "r15_c2", "road_length_km": 3.9917, "road_density_km_per_km2": 3.9889}, "geometry": {"type": "Polygon", "coordinates": [[[75.719475, 22.685135], [75.729212, 22.685135], [75.729212, 22.694144], [75.719475, 22.694144], [75.719475, 22.685135]]]}}, {"type": "Feature", "properties": {"layer": "road_density_grid", "cell_id": "r22_c0", "road_length_km": 3.9888, "road_density_km_per_km2": 3.9879}, "geometry": {"type": "Polygon", "coordinates": [[[75.7, 22.748198], [75.709737, 22.748198], [75.709737, 22.757207], [75.7, 22.757207], [75.7, 22.748198]]]}}, {"type": "Feature", "properties": {"layer": "road_density_grid", "cell_id": "r16_c2", "road_length_km": 3.9813, "road_density_km_per_km2": 3.9787}, "geometry": {"type": "Polygon", "coordinates": [[[75.719475, 22.694144], [75.729212, 22.694144], [75.729212, 22.703153], [75.719475, 22.703153], [75.719475, 22.694144]]]}}, {"type": "Feature", "properties": {"layer": "road_density_grid", "cell_id": "r28_c19", "road_length_km": 3.9594, "road_density_km_per_km2": 3.96}, "geometry": {"type": "Polygon", "coordinates": [[[75.88501, 22.802252], [75.894748, 22.802252], [75.894748, 22.811261], [75.88501, 22.811261], [75.88501, 22.802252]]]}}, {"type": "Feature", "properties": {"layer": "road_density_grid", "cell_id": "r2_c27", "road_length_km": 3.9583, "road_density_km_per_km2": 3.9521}, "geometry": {"type": "Polygon", "coordinates": [[[75.962909, 22.568018], [75.972647, 22.568018], [75.972647, 22.577027], [75.962909, 22.577027], [75.962909, 22.568018]]]}}, {"type": "Feature", "properties": {"layer": "road_density_grid", "cell_id": "r16_c27", "road_length_km": 3.9456, "road_density_km_per_km2": 3.9431}, "geometry": {"type": "Polygon", "coordinates": [[[75.962909, 22.694144], [75.972647, 22.694144], [75.972647, 22.703153], [75.962909, 22.703153], [75.962909, 22.694144]]]}}, {"type": "Feature", "properties": {"layer": "road_density_grid", "cell_id": "r15_c27", "road_length_km": 3.9354, "road_density_km_per_km2": 3.9326}, "geometry": {"type": "Polygon", "coordinates": [[[75.962909, 22.685135], [75.972647, 22.685135], [75.972647, 22.694144], [75.962909, 22.694144], [75.962909, 22.685135]]]}}, {"type": "Feature", "properties": {"layer": "road_density_grid", "cell_id": "r12_c27", "road_length_km": 3.9334, "road_density_km_per_km2": 3.9299}, "geometry": {"type": "Polygon", "coordinates": [[[75.962909, 22.658108], [75.972647, 22.658108], [75.972647, 22.667117], [75.962909, 22.667117], [75.962909, 22.658108]]]}}, {"type": "Feature", "properties": {"layer": "road_density_grid", "cell_id": "r5_c25", "road_length_km": 3.9136, "road_density_km_per_km2": 3.9083}, "geometry": {"type": "Polygon", "coordinates": [[[75.943435, 22.595045], [75.953172, 22.595045], [75.953172, 22.604054], [75.943435, 22.604054], [75.943435, 22.595045]]]}}, {"type": "Feature", "properties": {"layer": "road_density_grid", "cell_id": "r26_c26", "road_length_km": 3.9092, "road_density_km_per_km2": 3.9092}, "geometry": {"type": "Polygon", "coordinates": [[[75.953172, 22.784234], [75.962909, 22.784234], [75.962909, 22.793243], [75.953172, 22.793243], [75.953172, 22.784234]]]}}, {"type": "Feature", "properties": {"layer": "road_density_grid", "cell_id": "r21_c5", "road_length_km": 3.9083, "road_density_km_per_km2": 3.9071}, "geometry": {"type": "Polygon", "coordinates": [[[75.748687, 22.739189], [75.758424, 22.739189], [75.758424, 22.748198], [75.748687, 22.748198], [75.748687, 22.739189]]]}}, {"type": "Feature", "properties": {"layer": "road_density_grid", "cell_id": "r21_c2", "road_length_km": 3.9039, "road_density_km_per_km2": 3.9027}, "geometry": {"type": "Polygon", "coordinates": [[[75.719475, 22.739189], [75.729212, 22.739189], [75.729212, 22.748198], [75.719475, 22.748198], [75.719475, 22.739189]]]}}, {"type": "Feature", "properties": {"layer": "road_density_grid", "cell_id": "r17_c5", "road_length_km": 3.8968, "road_density_km_per_km2": 3.8945}, "geometry": {"type": "Polygon", "coordinates": [[[75.748687, 22.703153], [75.758424, 22.703153], [75.758424, 22.712162], [75.748687, 22.712162], [75.748687, 22.703153]]]}}, {"type": "Feature", "properties": {"layer": "road_density_grid", "cell_id": "r15_c1", "road_length_km": 3.8944, "road_density_km_per_km2": 3.8916}, "geometry": {"type": "Polygon", "coordinates": [[[75.709737, 22.685135], [75.719475, 22.685135], [75.719475, 22.694144], [75.709737, 22.694144], [75.709737, 22.685135]]]}}, {"type": "Feature", "properties": {"layer": "road_density_grid", "cell_id": "r30_c16", "road_length_km": 3.8818, "road_density_km_per_km2": 3.8829}, "geometry": {"type": "Polygon", "coordinates": [[[75.855798, 22.82027], [75.865536, 22.82027], [75.865536, 22.829279], [75.855798, 22.829279], [75.855798, 22.82027]]]}}, {"type": "Feature", "properties": {"layer": "road_density_grid", "cell_id": "r25_c27", "road_length_km": 3.8759, "road_density_km_per_km2": 3.8757}, "geometry": {"type": "Polygon", "coordinates": [[[75.962909, 22.775225], [75.972647, 22.775225], [75.972647, 22.784234], [75.962909, 22.784234], [75.962909, 22.775225]]]}}, {"type": "Feature", "properties": {"layer": "road_density_grid", "cell_id": "r31_c9", "road_length_km": 3.8657, "road_density_km_per_km2": 3.867}, "geometry": {"type": "Polygon", "coordinates": [[[75.787636, 22.829279], [75.797374, 22.829279], [75.797374, 22.838288], [75.787636, 22.838288], [75.787636, 22.829279]]]}}, {"type": "Feature", "properties": {"layer": "road_density_grid", "cell_id": "r29_c19", "road_length_km": 3.858, "road_density_km_per_km2": 3.8588}, "geometry": {"type": "Polygon", "coordinates": [[[75.88501, 22.811261], [75.894748, 22.811261], [75.894748, 22.82027], [75.88501, 22.82027], [75.88501, 22.811261]]]}}, {"type": "Feature", "properties": {"layer": "road_density_grid", "cell_id": "r7_c28", "road_length_km": 3.84, "road_density_km_per_km2": 3.8352}, "geometry": {"type": "Polygon", "coordinates": [[[75.972647, 22.613063], [75.982384, 22.613063], [75.982384, 22.622072], [75.972647, 22.622072], [75.972647, 22.613063]]]}}, {"type": "Feature", "properties": {"layer": "road_density_grid", "cell_id": "r22_c30", "road_length_km": 3.8289, "road_density_km_per_km2": 3.828}, "geometry": {"type": "Polygon", "coordinates": [[[75.992122, 22.748198], [76.001859, 22.748198], [76.001859, 22.757207], [75.992122, 22.757207], [75.992122, 22.748198]]]}}, {"type": "Feature", "properties": {"layer": "road_density_grid", "cell_id": "r23_c0", "road_length_km": 3.8215, "road_density_km_per_km2": 3.8208}, "geometry": {"type": "Polygon", "coordinates": [[[75.7, 22.757207], [75.709737, 22.757207], [75.709737, 22.766216], [75.7, 22.766216], [75.7, 22.757207]]]}}, {"type": "Feature", "properties": {"layer": "road_density_grid", "cell_id": "r19_c28", "road_length_km": 3.8205, "road_density_km_per_km2": 3.8188}, "geometry": {"type": "Polygon", "coordinates": [[[75.972647, 22.721171], [75.982384, 22.721171], [75.982384, 22.73018], [75.972647, 22.73018], [75.972647, 22.721171]]]}}, {"type": "Feature", "properties": {"layer": "road_density_grid", "cell_id": "r5_c10", "road_length_km": 3.7967, "road_density_km_per_km2": 3.7915}, "geometry": {"type": "Polygon", "coordinates": [[[75.797374, 22.595045], [75.807111, 22.595045], [75.807111, 22.604054], [75.797374, 22.604054], [75.797374, 22.595045]]]}}, {"type": "Feature", "properties": {"layer": "road_density_grid", "cell_id": "r5_c13", "road_length_km": 3.7893, "road_density_km_per_km2": 3.7841}, "geometry": {"type": "Polygon", "coordinates": [[[75.826586, 22.595045], [75.836323, 22.595045], [75.836323, 22.604054], [75.826586, 22.604054], [75.826586, 22.595045]]]}}, {"type": "Feature", "properties": {"layer": "road_density_grid", "cell_id": "r27_c12", "road_length_km": 3.7822, "road_density_km_per_km2": 3.7825}, "geometry": {"type": "Polygon", "coordinates": [[[75.816849, 22.793243], [75.826586, 22.793243], [75.826586, 22.802252], [75.816849, 22.802252], [75.816849, 22.793243]]]}}, {"type": "Feature", "properties": {"layer": "road_density_grid", "cell_id": "r26_c3", "road_length_km": 3.7801, "road_density_km_per_km2": 3.7802}, "geometry": {"type": "Polygon", "coordinates": [[[75.729212, 22.784234], [75.73895, 22.784234], [75.73895, 22.793243], [75.729212, 22.793243], [75.729212, 22.784234]]]}}, {"type": "Feature", "properties": {"layer": "road_density_grid", "cell_id": "r13_c5", "road_length_km": 3.78, "road_density_km_per_km2": 3.7768}, "geometry": {"type": "Polygon", "coordinates": [[[75.748687, 22.667117], [75.758424, 22.667117], [75.758424, 22.676126], [75.748687, 22.676126], [75.748687, 22.667117]]]}}, {"type": "Feature", "properties": {"layer": "road_density_grid", "cell_id": "r16_c7", "road_length_km": 3.7791, "road_density_km_per_km2": 3.7766}, "geometry": {"type": "Polygon", "coordinates": [[[75.768162, 22.694144], [75.777899, 22.694144], [75.777899, 22.703153], [75.768162, 22.703153], [75.768162, 22.694144]]]}}, {"type": "Feature", "properties": {"layer": "road_density_grid", "cell_id": "r30_c1", "road_length_km": 3.7437, "road_density_km_per_km2": 3.7447}, "geometry": {"type": "Polygon", "coordinates": [[[75.709737, 22.82027], [75.719475, 22.82027], [75.719475, 22.829279], [75.709737, 22.829279], [75.709737, 22.82027]]]}}, {"type": "Feature", "properties": {"layer": "road_density_grid", "cell_id": "r11_c24", "road_length_km": 3.7162, "road_density_km_per_km2": 3.7126}, "geometry": {"type": "Polygon", "coordinates": [[[75.933697, 22.649099], [75.943435, 22.649099], [75.943435, 22.658108], [75.933697, 22.658108], [75.933697, 22.649099]]]}}, {"type": "Feature", "properties": {"layer": "road_density_grid", "cell_id": "r13_c27", "road_length_km": 3.7159, "road_density_km_per_km2": 3.7128}, "geometry": {"type": "Polygon", "coordinates": [[[75.962909, 22.667117], [75.972647, 22.667117], [75.972647, 22.676126], [75.962909, 22.676126], [75.962909, 22.667117]]]}}, {"type": "Feature", "properties": {"layer": "road_density_grid", "cell_id": "r5_c14", "road_length_km": 3.704, "road_density_km_per_km2": 3.6989}, "geometry": {"type": "Polygon", "coordinates": [[[75.836323, 22.595045], [75.846061, 22.595045], [75.846061, 22.604054], [75.836323, 22.604054], [75.836323, 22.595045]]]}}, {"type": "Feature", "properties": {"layer": "road_density_grid", "cell_id": "r16_c28", "road_length_km": 3.7013, "road_density_km_per_km2": 3.6989}, "geometry": {"type": "Polygon", "coordinates": [[[75.972647, 22.694144], [75.982384, 22.694144], [75.982384, 22.703153], [75.972647, 22.703153], [75.972647, 22.694144]]]}}, {"type": "Feature", "properties": {"layer": "road_density_grid", "cell_id": "r30_c4", "road_length_km": 3.6931, "road_density_km_per_km2": 3.6941}, "geometry": {"type": "Polygon", "coordinates": [[[75.73895, 22.82027], [75.748687, 22.82027], [75.748687, 22.829279], [75.73895, 22.829279], [75.73895, 22.82027]]]}}, {"type": "Feature", "properties": {"layer": "road_density_grid", "cell_id": "r8_c17", "road_length_km": 3.6859, "road_density_km_per_km2": 3.6816}, "geometry": {"type": "Polygon", "coordinates": [[[75.865536, 22.622072], [75.875273, 22.622072], [75.875273, 22.631081], [75.865536, 22.631081], [75.865536, 22.622072]]]}}, {"type": "Feature", "properties": {"layer": "road_density_grid", "cell_id": "r17_c30", "road_length_km": 3.6721, "road_density_km_per_km2": 3.67}, "geometry": {"type": "Polygon", "coordinates": [[[75.992122, 22.703153], [76.001859, 22.703153], [76.001859, 22.712162], [75.992122, 22.712162], [75.992122, 22.703153]]]}}, {"type": "Feature", "properties": {"layer": "road_density_grid", "cell_id": "r1_c22", "road_length_km": 3.6714, "road_density_km_per_km2": 3.6654}, "geometry": {"type": "Polygon", "coordinates": [[[75.914223, 22.559009], [75.92396, 22.559009], [75.92396, 22.568018], [75.914223, 22.568018], [75.914223, 22.559009]]]}}, {"type": "Feature", "properties": {"layer": "road_density_grid", "cell_id": "r18_c5", "road_length_km": 3.6642, "road_density_km_per_km2": 3.6623}, "geometry": {"type": "Polygon", "coordinates": [[[75.748687, 22.712162], [75.758424, 22.712162], [75.758424, 22.721171], [75.748687, 22.721171], [75.748687, 22.712162]]]}}, {"type": "Feature", "properties": {"layer": "road_density_grid", "cell_id": "r18_c25", "road_length_km": 3.6568, "road_density_km_per_km2": 3.6549}, "geometry": {"type": "Polygon", "coordinates": [[[75.943435, 22.712162], [75.953172, 22.712162], [75.953172, 22.721171], [75.943435, 22.721171], [75.943435, 22.712162]]]}}, {"type": "Feature", "properties": {"layer": "road_density_grid", "cell_id": "r26_c4", "road_length_km": 3.641, "road_density_km_per_km2": 3.6411}, "geometry": {"type": "Polygon", "coordinates": [[[75.73895, 22.784234], [75.748687, 22.784234], [75.748687, 22.793243], [75.73895, 22.793243], [75.73895, 22.784234]]]}}, {"type": "Feature", "properties": {"layer": "road_density_grid", "cell_id": "r7_c4", "road_length_km": 3.6383, "road_density_km_per_km2": 3.6338}, "geometry": {"type": "Polygon", "coordinates": [[[75.73895, 22.613063], [75.748687, 22.613063], [75.748687, 22.622072], [75.73895, 22.622072], [75.73895, 22.613063]]]}}, {"type": "Feature", "properties": {"layer": "road_density_grid", "cell_id": "r29_c15", "road_length_km": 3.637, "road_density_km_per_km2": 3.6378}, "geometry": {"type": "Polygon", "coordinates": [[[75.846061, 22.811261], [75.855798, 22.811261], [75.855798, 22.82027], [75.846061, 22.82027], [75.846061, 22.811261]]]}}, {"type": "Feature", "properties": {"layer": "road_density_grid", "cell_id": "r18_c29", "road_length_km": 3.6334, "road_density_km_per_km2": 3.6315}, "geometry": {"type": "Polygon", "coordinates": [[[75.982384, 22.712162], [75.992122, 22.712162], [75.992122, 22.721171], [75.982384, 22.721171], [75.982384, 22.712162]]]}}, {"type": "Feature", "properties": {"layer": "road_density_grid", "cell_id": "r10_c24", "road_length_km": 3.6333, "road_density_km_per_km2": 3.6295}, "geometry": {"type": "Polygon", "coordinates": [[[75.933697, 22.64009], [75.943435, 22.64009], [75.943435, 22.649099], [75.933697, 22.649099], [75.933697, 22.64009]]]}}, {"type": "Feature", "properties": {"layer": "road_density_grid", "cell_id": "r17_c6", "road_length_km": 3.6283, "road_density_km_per_km2": 3.6263}, "geometry": {"type": "Polygon", "coordinates": [[[75.758424, 22.703153], [75.768162, 22.703153], [75.768162, 22.712162], [75.758424, 22.712162], [75.758424, 22.703153]]]}}, {"type": "Feature", "properties": {"layer": "road_density_grid", "cell_id": "r4_c24", "road_length_km": 3.6204, "road_density_km_per_km2": 3.6152}, "geometry": {"type": "Polygon", "coordinates": [[[75.933697, 22.586036], [75.943435, 22.586036], [75.943435, 22.595045], [75.933697, 22.595045], [75.933697, 22.586036]]]}}, {"type": "Feature", "properties": {"layer": "road_density_grid", "cell_id": "r0_c22", "road_length_km": 3.606, "road_density_km_per_km2": 3.5999}, "geometry": {"type": "Polygon", "coordinates": [[[75.914223, 22.55], [75.92396, 22.55], [75.92396, 22.559009], [75.914223, 22.559009], [75.914223, 22.55]]]}}, {"type": "Feature", "properties": {"layer": "road_density_grid", "cell_id": "r6_c18", "road_length_km": 3.5752, "road_density_km_per_km2": 3.5706}, "geometry": {"type": "Polygon", "coordinates": [[[75.875273, 22.604054], [75.88501, 22.604054], [75.88501, 22.613063], [75.875273, 22.613063], [75.875273, 22.604054]]]}}, {"type": "Feature", "properties": {"layer": "road_density_grid", "cell_id": "r30_c29", "road_length_km": 3.5599, "road_density_km_per_km2": 3.5609}, "geometry": {"type": "Polygon", "coordinates": [[[75.982384, 22.82027], [75.992122, 22.82027], [75.992122, 22.829279], [75.982384, 22.829279], [75.982384, 22.82027]]]}}, {"type": "Feature", "properties": {"layer": "road_density_grid", "cell_id": "r17_c3", "road_length_km": 3.5422, "road_density_km_per_km2": 3.5402}, "geometry": {"type": "Polygon", "coordinates": [[[75.729212, 22.703153], [75.73895, 22.703153], [75.73895, 22.712162], [75.729212, 22.712162], [75.729212, 22.703153]]]}}, {"type": "Feature", "properties": {"layer": "road_density_grid", "cell_id": "r2_c9", "road_length_km": 3.5367, "road_density_km_per_km2": 3.5312}, "geometry": {"type": "Polygon", "coordinates": [[[75.787636, 22.568018], [75.797374, 22.568018], [75.797374, 22.577027], [75.787636, 22.577027], [75.787636, 22.568018]]]}}, {"type": "Feature", "properties": {"layer": "road_density_grid", "cell_id": "r6_c27", "road_length_km": 3.5356, "road_density_km_per_km2": 3.531}, "geometry": {"type": "Polygon", "coordinates": [[[75.962909, 22.604054], [75.972647, 22.604054], [75.972647, 22.613063], [75.962909, 22.613063], [75.962909, 22.604054]]]}}, {"type": "Feature", "properties": {"layer": "road_density_grid", "cell_id": "r8_c21", "road_length_km": 3.5342, "road_density_km_per_km2": 3.5301}, "geometry": {"type": "Polygon", "coordinates": [[[75.904485, 22.622072], [75.914223, 22.622072], [75.914223, 22.631081], [75.904485, 22.631081], [75.904485, 22.622072]]]}}, {"type": "Feature", "properties": {"layer": "road_density_grid", "cell_id": "r22_c8", "road_length_km": 3.5237, "road_density_km_per_km2": 3.5228}, "geometry": {"type": "Polygon", "coordinates": [[[75.777899, 22.748198], [75.787636, 22.748198], [75.787636, 22.757207], [75.777899, 22.757207], [75.777899, 22.748198]]]}}, {"type": "Feature", "properties": {"layer": "road_density_grid", "cell_id": "r9_c22", "road_length_km": 3.5232, "road_density_km_per_km2": 3.5194}, "geometry": {"type": "Polygon", "coordinates": [[[75.914223, 22.631081], [75.92396, 22.631081], [75.92396, 22.64009], [75.914223, 22.64009], [75.914223, 22.631081]]]}}, {"type": "Feature", "properties": {"layer": "road_density_grid", "cell_id": "r27_c10", "road_length_km": 3.5151, "road_density_km_per_km2": 3.5154}, "geometry": {"type": "Polygon", "coordinates": [[[75.797374, 22.793243], [75.807111, 22.793243], [75.807111, 22.802252], [75.797374, 22.802252], [75.797374, 22.793243]]]}}, {"type": "Feature", "properties": {"layer": "road_density_grid", "cell_id": "r7_c5", "road_length_km": 3.5095, "road_density_km_per_km2": 3.5051}, "geometry": {"type": "Polygon", "coordinates": [[[75.748687, 22.613063], [75.758424, 22.613063], [75.758424, 22.622072], [75.748687, 22.622072], [75.748687, 22.613063]]]}}, {"type": "Feature", "properties": {"layer": "road_density_grid", "cell_id": "r16_c1", "road_length_km": 3.5093, "road_density_km_per_km2": 3.5071}, "geometry": {"type": "Polygon", "coordinates": [[[75.709737, 22.694144], [75.719475, 22.694144], [75.719475, 22.703153], [75.709737, 22.703153], [75.709737, 22.694144]]]}}, {"type": "Feature", "properties": {"layer": "road_density_grid", "cell_id": "r2_c11", "road_length_km": 3.5045, "road_density_km_per_km2": 3.4991}, "geometry": {"type": "Polygon", "coordinates": [[[75.807111, 22.568018], [75.816849, 22.568018], [75.816849, 22.577027], [75.807111, 22.577027], [75.807111, 22.568018]]]}}, {"type": "Feature", "properties": {"layer": "road_density_grid", "cell_id": "r3_c6", "road_length_km": 3.4548, "road_density_km_per_km2": 3.4496}, "geometry": {"type": "Polygon", "coordinates": [[[75.758424, 22.577027], [75.768162, 22.577027], [75.768162, 22.586036], [75.758424, 22.586036], [75.758424, 22.577027]]]}}, {"type": "Feature", "properties": {"layer": "road_density_grid", "cell_id": "r16_c26", "road_length_km": 3.4545, "road_density_km_per_km2": 3.4522}, "geometry": {"type": "Polygon", "coordinates": [[[75.953172, 22.694144], [75.962909, 22.694144], [75.962909, 22.703153], [75.953172, 22.703153], [75.953172, 22.694144]]]}}, {"type": "Feature", "properties": {"layer": "road_density_grid", "cell_id": "r33_c25", "road_length_km": 3.4505, "road_density_km_per_km2": 3.4522}, "geometry": {"type": "Polygon", "coordinates": [[[75.943435, 22.847297], [75.953172, 22.847297], [75.953172, 22.856306], [75.943435, 22.856306], [75.943435, 22.847297]]]}}, {"type": "Feature", "properties": {"layer": "road_density_grid", "cell_id": "r29_c14", "road_length_km": 3.4392, "road_density_km_per_km2": 3.4399}, "geometry": {"type": "Polygon", "coordinates": [[[75.836323, 22.811261], [75.846061, 22.811261], [75.846061, 22.82027], [75.836323, 22.82027], [75.836323, 22.811261]]]}}, {"type": "Feature", "properties": {"layer": "road_density_grid", "cell_id": "r15_c25", "road_length_km": 3.4276, "road_density_km_per_km2": 3.4252}, "geometry": {"type": "Polygon", "coordinates": [[[75.943435, 22.685135], [75.953172, 22.685135], [75.953172, 22.694144], [75.943435, 22.694144], [75.943435, 22.685135]]]}}, {"type": "Feature", "properties": {"layer": "road_density_grid", "cell_id": "r9_c27", "road_length_km": 3.4215, "road_density_km_per_km2": 3.4177}, "geometry": {"type": "Polygon", "coordinates": [[[75.962909, 22.631081], [75.972647, 22.631081], [75.972647, 22.64009], [75.962909, 22.64009], [75.962909, 22.631081]]]}}, {"type": "Feature", "properties": {"layer": "road_density_grid", "cell_id": "r5_c20", "road_length_km": 3.4173, "road_density_km_per_km2": 3.4127}, "geometry": {"type": "Polygon", "coordinates": [[[75.894748, 22.595045], [75.904485, 22.595045], [75.904485, 22.604054], [75.894748, 22.604054], [75.894748, 22.595045]]]}}, {"type": "Feature", "properties": {"layer": "road_density_grid", "cell_id": "r8_c26", "road_length_km": 3.4154, "road_density_km_per_km2": 3.4114}, "geometry": {"type": "Polygon", "coordinates": [[[75.953172, 22.622072], [75.962909, 22.622072], [75.962909, 22.631081], [75.953172, 22.631081], [75.953172, 22.622072]]]}}, {"type": "Feature", "properties": {"layer": "road_density_grid", "cell_id": "r3_c4", "road_length_km": 3.4126, "road_density_km_per_km2": 3.4075}, "geometry": {"type": "Polygon", "coordinates": [[[75.73895, 22.577027], [75.748687, 22.577027], [75.748687, 22.586036], [75.73895, 22.586036], [75.73895, 22.577027]]]}}, {"type": "Feature", "properties": {"layer": "road_density_grid", "cell_id": "r30_c28", "road_length_km": 3.3967, "road_density_km_per_km2": 3.3976}, "geometry": {"type": "Polygon", "coordinates": [[[75.972647, 22.82027], [75.982384, 22.82027], [75.982384, 22.829279], [75.972647, 22.829279], [75.972647, 22.82027]]]}}, {"type": "Feature", "properties": {"layer": "road_density_grid", "cell_id": "r19_c29", "road_length_km": 3.3962, "road_density_km_per_km2": 3.3947}, "geometry": {"type": "Polygon", "coordinates": [[[75.982384, 22.721171], [75.992122, 22.721171], [75.992122, 22.73018], [75.982384, 22.73018], [75.982384, 22.721171]]]}}, {"type": "Feature", "properties": {"layer": "road_density_grid", "cell_id": "r23_c27", "road_length_km": 3.3903, "road_density_km_per_km2": 3.3897}, "geometry": {"type": "Polygon", "coordinates": [[[75.962909, 22.757207], [75.972647, 22.757207], [75.972647, 22.766216], [75.962909, 22.766216], [75.962909, 22.757207]]]}}, {"type": "Feature", "properties": {"layer": "road_density_grid", "cell_id": "r18_c27", "road_length_km": 3.3788, "road_density_km_per_km2": 3.3771}, "geometry": {"type": "Polygon", "coordinates": [[[75.962909, 22.712162], [75.972647, 22.712162], [75.972647, 22.721171], [75.962909, 22.721171], [75.962909, 22.712162]]]}}, {"type": "Feature", "properties": {"layer": "road_density_grid", "cell_id": "r31_c15", "road_length_km": 3.3611, "road_density_km_per_km2": 3.3623}, "geometry": {"type": "Polygon", "coordinates": [[[75.846061, 22.829279], [75.855798, 22.829279], [75.855798, 22.838288], [75.846061, 22.838288], [75.846061, 22.829279]]]}}, {"type": "Feature", "properties": {"layer": "road_density_grid", "cell_id": "r29_c7", "road_length_km": 3.36, "road_density_km_per_km2": 3.3607}, "geometry": {"type": "Polygon", "coordinates": [[[75.768162, 22.811261], [75.777899, 22.811261], [75.777899, 22.82027], [75.768162, 22.82027], [75.768162, 22.811261]]]}}, {"type": "Feature", "properties": {"layer": "road_density_grid", "cell_id": "r5_c12", "road_length_km": 3.358, "road_density_km_per_km2": 3.3534}, "geometry": {"type": "Polygon", "coordinates": [[[75.816849, 22.595045], [75.826586, 22.595045], [75.826586, 22.604054], [75.816849, 22.604054], [75.816849, 22.595045]]]}}, {"type": "Feature", "properties": {"layer": "road_density_grid", "cell_id": "r24_c2", "road_length_km": 3.3282, "road_density_km_per_km2": 3.3278}, "geometry": {"type": "Polygon", "coordinates": [[[75.719475, 22.766216], [75.729212, 22.766216], [75.729212, 22.775225], [75.719475, 22.775225], [75.719475, 22.766216]]]}}, {"type": "Feature", "properties": {"layer": "road_density_grid", "cell_id": "r15_c30", "road_length_km": 3.3259, "road_density_km_per_km2": 3.3235}, "geometry": {"type": "Polygon", "coordinates": [[[75.992122, 22.685135], [76.001859, 22.685135], [76.001859, 22.694144], [75.992122, 22.694144], [75.992122, 22.685135]]]}}, {"type": "Feature", "properties": {"layer": "road_density_grid", "cell_id": "r4_c14", "road_length_km": 3.2809, "road_density_km_per_km2": 3.2762}, "geometry": {"type": "Polygon", "coordinates": [[[75.836323, 22.586036], [75.846061, 22.586036], [75.846061, 22.595045], [75.836323, 22.595045], [75.836323, 22.586036]]]}}, {"type": "Feature", "properties": {"layer": "road_density_grid", "cell_id": "r8_c3", "road_length_km": 3.2778, "road_density_km_per_km2": 3.2739}, "geometry": {"type": "Polygon", "coordinates": [[[75.729212, 22.622072], [75.73895, 22.622072], [75.73895, 22.631081], [75.729212, 22.631081], [75.729212, 22.622072]]]}}, {"type": "Feature", "properties": {"layer": "road_density_grid", "cell_id": "r11_c11", "road_length_km": 3.2727, "road_density_km_per_km2": 3.2696}, "geometry": {"type": "Polygon", "coordinates": [[[75.807111, 22.649099], [75.816849, 22.649099], [75.816849, 22.658108], [75.807111, 22.658108], [75.807111, 22.649099]]]}}, {"type": "Feature", "properties": {"layer": "road_density_grid", "cell_id": "r11_c25", "road_length_km": 3.2717, "road_density_km_per_km2": 3.2686}, "geometry": {"type": "Polygon", "coordinates": [[[75.943435, 22.649099], [75.953172, 22.649099], [75.953172, 22.658108], [75.943435, 22.658108], [75.943435, 22.649099]]]}}, {"type": "Feature", "properties": {"layer": "road_density_grid", "cell_id": "r12_c23", "road_length_km": 3.2565, "road_density_km_per_km2": 3.2535}, "geometry": {"type": "Polygon", "coordinates": [[[75.92396, 22.658108], [75.933697, 22.658108], [75.933697, 22.667117], [75.92396, 22.667117], [75.92396, 22.658108]]]}}, {"type": "Feature", "properties": {"layer": "road_density_grid", "cell_id": "r6_c6", "road_length_km": 3.2365, "road_density_km_per_km2": 3.2323}, "geometry": {"type": "Polygon", "coordinates": [[[75.758424, 22.604054], [75.768162, 22.604054], [75.768162, 22.613063], [75.758424, 22.613063], [75.758424, 22.604054]]]}}, {"type": "Feature", "properties": {"layer": "road_density_grid", "cell_id": "r3_c17", "road_length_km": 3.214, "road_density_km_per_km2": 3.2092}, "geometry": {"type": "Polygon", "coordinates": [[[75.865536, 22.577027], [75.875273, 22.577027], [75.875273, 22.586036], [75.865536, 22.586036], [75.865536, 22.577027]]]}}, {"type": "Feature", "properties": {"layer": "road_density_grid", "cell_id": "r1_c10", "road_length_km": 3.2123, "road_density_km_per_km2": 3.2071}, "geometry": {"type": "Polygon", "coordinates": [[[75.797374, 22.559009], [75.807111, 22.559009], [75.807111, 22.568018], [75.797374, 22.568018], [75.797374, 22.559009]]]}}, {"type": "Feature", "properties": {"layer": "road_density_grid", "cell_id": "r31_c18", "road_length_km": 3.2113, "road_density_km_per_km2": 3.2124}, "geometry": {"type": "Polygon", "coordinates": [[[75.875273, 22.829279], [75.88501, 22.829279], [75.88501, 22.838288], [75.875273, 22.838288], [75.875273, 22.829279]]]}}, {"type": "Feature", "properties": {"layer": "road_density_grid", "cell_id": "r2_c20", "road_length_km": 3.2104, "road_density_km_per_km2": 3.2054}, "geometry": {"type": "Polygon", "coordinates": [[[75.894748, 22.568018], [75.904485, 22.568018], [75.904485, 22.577027], [75.894748, 22.577027], [75.894748, 22.568018]]]}}, {"type": "Feature", "properties": {"layer": "road_density_grid", "cell_id": "r26_c8", "road_length_km": 3.1994, "road_density_km_per_km2": 3.1995}, "geometry": {"type": "Polygon", "coordinates": [[[75.777899, 22.784234], [75.787636, 22.784234], [75.787636, 22.793243], [75.777899, 22.793243], [75.777899, 22.784234]]]}}, {"type": "Feature", "properties": {"layer": "road_density_grid", "cell_id": "r11_c20", "road_length_km": 3.1916, "road_density_km_per_km2": 3.1885}, "geometry": {"type": "Polygon", "coordinates": [[[75.894748, 22.649099], [75.904485, 22.649099], [75.904485, 22.658108], [75.894748, 22.658108], [75.894748, 22.649099]]]}}, {"type": "Feature", "properties": {"layer": "road_density_grid", "cell_id": "r2_c23", "road_length_km": 3.191, "road_density_km_per_km2": 3.186}, "geometry": {"type": "Polygon", "coordinates": [[[75.92396, 22.568018], [75.933697, 22.568018], [75.933697, 22.577027], [75.92396, 22.577027], [75.92396, 22.568018]]]}}, {"type": "Feature", "properties": {"layer": "road_density_grid", "cell_id": "r17_c7", "road_length_km": 3.1745, "road_density_km_per_km2": 3.1726}, "geometry": {"type": "Polygon", "coordinates": [[[75.768162, 22.703153], [75.777899, 22.703153], [75.777899, 22.712162], [75.768162, 22.712162], [75.768162, 22.703153]]]}}, {"type": "Feature", "properties": {"layer": "road_density_grid", "cell_id": "r17_c29", "road_length_km": 3.1709, "road_density_km_per_km2": 3.169}, "geometry": {"type": "Polygon", "coordinates": [[[75.982384, 22.703153], [75.992122, 22.703153], [75.992122, 22.712162], [75.982384, 22.712162], [75.982384, 22.703153]]]}}, {"type": "Feature", "properties": {"layer": "road_density_grid", "cell_id": "r19_c0", "road_length_km": 3.1697, "road_density_km_per_km2": 3.1683}, "geometry": {"type": "Polygon", "coordinates": [[[75.7, 22.721171], [75.709737, 22.721171], [75.709737, 22.73018], [75.7, 22.73018], [75.7, 22.721171]]]}}, {"type": "Feature", "properties": {"layer": "road_density_grid", "cell_id": "r8_c23", "road_length_km": 3.1602, "road_density_km_per_km2": 3.1565}, "geometry": {"type": "Polygon", "coordinates": [[[75.92396, 22.622072], [75.933697, 22.622072], [75.933697, 22.631081], [75.92396, 22.631081], [75.92396, 22.622072]]]}}, {"type": "Feature", "properties": {"layer": "road_density_grid", "cell_id": "r8_c27", "road_length_km": 3.155, "road_density_km_per_km2": 3.1513}, "geometry": {"type": "Polygon", "coordinates": [[[75.962909, 22.622072], [75.972647, 22.622072], [75.972647, 22.631081], [75.962909, 22.631081], [75.962909, 22.622072]]]}}, {"type": "Feature", "properties": {"layer": "road_density_grid", "cell_id": "r5_c6", "road_length_km": 3.1508, "road_density_km_per_km2": 3.1465}, "geometry": {"type": "Polygon", "coordinates": [[[75.758424, 22.595045], [75.768162, 22.595045], [75.768162, 22.604054], [75.758424, 22.604054], [75.758424, 22.595045]]]}}, {"type": "Feature", "properties": {"layer": "road_density_grid", "cell_id": "r2_c25", "road_length_km": 3.1479, "road_density_km_per_km2": 3.143}, "geometry": {"type": "Polygon", "coordinates": [[[75.943435, 22.568018], [75.953172, 22.568018], [75.953172, 22.577027], [75.943435, 22.577027], [75.943435, 22.568018]]]}}, {"type": "Feature", "properties": {"layer": "road_density_grid", "cell_id": "r31_c17", "road_length_km": 3.1251, "road_density_km_per_km2": 3.1262}, "geometry": {"type": "Polygon", "coordinates": [[[75.865536, 22.829279], [75.875273, 22.829279], [75.875273, 22.838288], [75.865536, 22.838288], [75.865536, 22.829279]]]}}, {"type": "Feature", "properties": {"layer": "road_density_grid", "cell_id": "r30_c6", "road_length_km": 3.1206, "road_density_km_per_km2": 3.1215}, "geometry": {"type": "Polygon", "coordinates": [[[75.758424, 22.82027], [75.768162, 22.82027], [75.768162, 22.829279], [75.758424, 22.829279], [75.758424, 22.82027]]]}}, {"type": "Feature", "properties": {"layer": "road_density_grid", "cell_id": "r10_c22", "road_length_km": 3.1203, "road_density_km_per_km2": 3.1171}, "geometry": {"type": "Polygon", "coordinates": [[[75.914223, 22.64009], [75.92396, 22.64009], [75.92396, 22.649099], [75.914223, 22.649099], [75.914223, 22.64009]]]}}, {"type": "Feature", "properties": {"layer": "road_density_grid", "cell_id": "r6_c25", "road_length_km": 3.1162, "road_density_km_per_km2": 3.1122}, "geometry": {"type": "Polygon", "coordinates": [[[75.943435, 22.604054], [75.953172, 22.604054], [75.953172, 22.613063], [75.943435, 22.613063], [75.943435, 22.604054]]]}}, {"type": "Feature", "properties": {"layer": "road_density_grid", "cell_id": "r13_c29", "road_length_km": 3.1141, "road_density_km_per_km2": 3.1115}, "geometry": {"type": "Polygon", "coordinates": [[[75.982384, 22.667117], [75.992122, 22.667117], [75.992122, 22.676126], [75.982384, 22.676126], [75.982384, 22.667117]]]}}, {"type": "Feature", "properties": {"layer": "road_density_grid", "cell_id": "r30_c27", "road_length_km": 3.108, "road_density_km_per_km2": 3.1089}, "geometry": {"type": "Polygon", "coordinates": [[[75.962909, 22.82027], [75.972647, 22.82027], [75.972647, 22.829279], [75.962909, 22.829279], [75.962909, 22.82027]]]}}, {"type": "Feature", "properties": {"layer": "road_density_grid", "cell_id": "r12_c4", "road_length_km": 3.106, "road_density_km_per_km2": 3.1031}, "geometry": {"type": "Polygon", "coordinates": [[[75.73895, 22.658108], [75.748687, 22.658108], [75.748687, 22.667117], [75.73895, 22.667117], [75.73895, 22.658108]]]}}, {"type": "Feature", "properties": {"layer": "road_density_grid", "cell_id": "r3_c10", "road_length_km": 3.0932, "road_density_km_per_km2": 3.0886}, "geometry": {"type": "Polygon", "coordinates": [[[75.797374, 22.577027], [75.807111, 22.577027], [75.807111, 22.586036], [75.797374, 22.586036], [75.797374, 22.577027]]]}}, {"type": "Feature", "properties": {"layer": "road_density_grid", "cell_id": "r3_c13", "road_length_km": 3.0879, "road_density_km_per_km2": 3.0833}, "geometry": {"type": "Polygon", "coordinates": [[[75.826586, 22.577027], [75.836323, 22.577027], [75.836323, 22.586036], [75.826586, 22.586036], [75.826586, 22.577027]]]}}, {"type": "Feature", "properties": {"layer": "road_density_grid", "cell_id": "r30_c21", "road_length_km": 3.084, "road_density_km_per_km2": 3.0848}, "geometry": {"type": "Polygon", "coordinates": [[[75.904485, 22.82027], [75.914223, 22.82027], [75.914223, 22.829279], [75.904485, 22.829279], [75.904485, 22.82027]]]}}, {"type": "Feature", "properties": {"layer": "road_density_grid", "cell_id": "r28_c1", "road_length_km": 3.0827, "road_density_km_per_km2": 3.0831}, "geometry": {"type": "Polygon", "coordinates": [[[75.709737, 22.802252], [75.719475, 22.802252], [75.719475, 22.811261], [75.709737, 22.811261], [75.709737, 22.802252]]]}}, {"type": "Feature", "properties": {"layer": "road_density_grid", "cell_id": "r29_c11", "road_length_km": 3.0815, "road_density_km_per_km2": 3.0822}, "geometry": {"type": "Polygon", "coordinates": [[[75.807111, 22.811261], [75.816849, 22.811261], [75.816849, 22.82027], [75.807111, 22.82027], [75.807111, 22.811261]]]}}, {"type": "Feature", "properties": {"layer": "road_density_grid", "cell_id": "r0_c26", "road_length_km": 3.0774, "road_density_km_per_km2": 3.0722}, "geometry": {"type": "Polygon", "coordinates": [[[75.953172, 22.55], [75.962909, 22.55], [75.962909, 22.559009], [75.953172, 22.559009], [75.953172, 22.55]]]}}, {"type": "Feature", "properties": {"layer": "road_density_grid", "cell_id": "r29_c8", "road_length_km": 3.0548, "road_density_km_per_km2": 3.0554}, "geometry": {"type": "Polygon", "coordinates": [[[75.777899, 22.811261], [75.787636, 22.811261], [75.787636, 22.82027], [75.777899, 22.82027], [75.777899, 22.811261]]]}}, {"type": "Feature", "properties": {"layer": "road_density_grid", "cell_id": "r5_c23", "road_length_km": 3.0499, "road_density_km_per_km2": 3.0458}, "geometry": {"type": "Polygon", "coordinates": [[[75.92396, 22.595045], [75.933697, 22.595045], [75.933697, 22.604054], [75.92396, 22.604054], [75.92396, 22.595045]]]}}, {"type": "Feature", "properties": {"layer": "road_density_grid", "cell_id": "r23_c7", "road_length_km": 3.0461, "road_density_km_per_km2": 3.0456}, "geometry": {"type": "Polygon", "coordinates": [[[75.768162, 22.757207], [75.777899, 22.757207], [75.777899, 22.766216], [75.768162, 22.766216], [75.768162, 22.757207]]]}}, {"type": "Feature", "properties": {"layer": "road_density_grid", "cell_id": "r1_c23", "road_length_km": 3.0452, "road_density_km_per_km2": 3.0403}, "geometry": {"type": "Polygon", "coordinates": [[[75.92396, 22.559009], [75.933697, 22.559009], [75.933697, 22.568018], [75.92396, 22.568018], [75.92396, 22.559009]]]}}, {"type": "Feature", "properties": {"layer": "road_density_grid", "cell_id": "r9_c29", "road_length_km": 3.037, "road_density_km_per_km2": 3.0337}, "geometry": {"type": "Polygon", "coordinates": [[[75.982384, 22.631081], [75.992122, 22.631081], [75.992122, 22.64009], [75.982384, 22.64009], [75.982384, 22.631081]]]}}, {"type": "Feature", "properties": {"layer": "road_density_grid", "cell_id": "r17_c9", "road_length_km": 3.0335, "road_density_km_per_km2": 3.0318}, "geometry": {"type": "Polygon", "coordinates": [[[75.787636, 22.703153], [75.797374, 22.703153], [75.797374, 22.712162], [75.787636, 22.712162], [75.787636, 22.703153]]]}}, {"type": "Feature", "properties": {"layer": "road_density_grid", "cell_id": "r6_c22", "road_length_km": 3.0318, "road_density_km_per_km2": 3.0278}, "geometry": {"type": "Polygon", "coordinates": [[[75.914223, 22.604054], [75.92396, 22.604054], [75.92396, 22.613063], [75.914223, 22.613063], [75.914223, 22.604054]]]}}, {"type": "Feature", "properties": {"layer": "road_density_grid", "cell_id": "r26_c2", "road_length_km": 3.0239, "road_density_km_per_km2": 3.024}, "geometry": {"type": "Polygon", "coordinates": [[[75.719475, 22.784234], [75.729212, 22.784234], [75.729212, 22.793243], [75.719475, 22.793243], [75.719475, 22.784234]]]}}, {"type": "Feature", "properties": {"layer": "road_density_grid", "cell_id": "r29_c6", "road_length_km": 3.0224, "road_density_km_per_km2": 3.0231}, "geometry": {"type": "Polygon", "coordinates": [[[75.758424, 22.811261], [75.768162, 22.811261], [75.768162, 22.82027], [75.758424, 22.82027], [75.758424, 22.811261]]]}}, {"type": "Feature", "properties": {"layer": "road_density_grid", "cell_id": "r27_c11", "road_length_km": 3.0222, "road_density_km_per_km2": 3.0224}, "geometry": {"type": "Polygon", "coordinates": [[[75.807111, 22.793243], [75.816849, 22.793243], [75.816849, 22.802252], [75.807111, 22.802252], [75.807111, 22.793243]]]}}, {"type": "Feature", "properties": {"layer": "road_density_grid", "cell_id": "r3_c5", "road_length_km": 3.0203, "road_density_km_per_km2": 3.0158}, "geometry": {"type": "Polygon", "coordinates": [[[75.748687, 22.577027], [75.758424, 22.577027], [75.758424, 22.586036], [75.748687, 22.586036], [75.748687, 22.577027]]]}}, {"type": "Feature", "properties": {"layer": "road_density_grid", "cell_id": "r33_c0", "road_length_km": 3.0104, "road_density_km_per_km2": 3.0118}, "geometry": {"type": "Polygon", "coordinates": [[[75.7, 22.847297], [75.709737, 22.847297], [75.709737, 22.856306], [75.7, 22.856306], [75.7, 22.847297]]]}}, {"type": "Feature", "properties": {"layer": "road_density_grid", "cell_id": "r9_c5", "road_length_km": 3.0019, "road_density_km_per_km2": 2.9986}, "geometry": {"type": "Polygon", "coordinates": [[[75.748687, 22.631081], [75.758424, 22.631081], [75.758424, 22.64009], [75.748687, 22.64009], [75.748687, 22.631081]]]}}, {"type": "Feature", "properties": {"layer": "road_density_grid", "cell_id": "r9_c6", "road_length_km": 2.9952, "road_density_km_per_km2": 2.9919}, "geometry": {"type": "Polygon", "coordinates": [[[75.758424, 22.631081], [75.768162, 22.631081], [75.768162, 22.64009], [75.758424, 22.64009], [75.758424, 22.631081]]]}}, {"type": "Feature", "properties": {"layer": "road_density_grid", "cell_id": "r14_c7", "road_length_km": 2.989, "road_density_km_per_km2": 2.9867}, "geometry": {"type": "Polygon", "coordinates": [[[75.768162, 22.676126], [75.777899, 22.676126], [75.777899, 22.685135], [75.768162, 22.685135], [75.768162, 22.676126]]]}}, {"type": "Feature", "properties": {"layer": "road_density_grid", "cell_id": "r20_c30", "road_length_km": 2.9608, "road_density_km_per_km2": 2.9597}, "geometry": {"type": "Polygon", "coordinates": [[[75.992122, 22.73018], [76.001859, 22.73018], [76.001859, 22.739189], [75.992122, 22.739189], [75.992122, 22.73018]]]}}, {"type": "Feature", "properties": {"layer": "road_density_grid", "cell_id": "r19_c5", "road_length_km": 2.9576, "road_density_km_per_km2": 2.9563}, "geometry": {"type": "Polygon", "coordinates": [[[75.748687, 22.721171], [75.758424, 22.721171], [75.758424, 22.73018], [75.748687, 22.73018], [75.748687, 22.721171]]]}}, {"type": "Feature", "properties": {"layer": "road_density_grid", "cell_id": "r6_c5", "road_length_km": 2.9509, "road_density_km_per_km2": 2.947}, "geometry": {"type": "Polygon", "coordinates": [[[75.748687, 22.604054], [75.758424, 22.604054], [75.758424, 22.613063], [75.748687, 22.613063], [75.748687, 22.604054]]]}}, {"type": "Feature", "properties": {"layer": "road_density_grid", "cell_id": "r10_c30", "road_length_km": 2.948, "road_density_km_per_km2": 2.9449}, "geometry": {"type": "Polygon", "coordinates": [[[75.992122, 22.64009], [76.001859, 22.64009], [76.001859, 22.649099], [75.992122, 22.649099], [75.992122, 22.64009]]]}}, {"type": "Feature", "properties": {"layer": "road_density_grid", "cell_id": "r1_c11", "road_length_km": 2.9444, "road_density_km_per_km2": 2.9396}, "geometry": {"type": "Polygon", "coordinates": [[[75.807111, 22.559009], [75.816849, 22.559009], [75.816849, 22.568018], [75.807111, 22.568018], [75.807111, 22.559009]]]}}, {"type": "Feature", "properties": {"layer": "road_density_grid", "cell_id": "r10_c27", "road_length_km": 2.9438, "road_density_km_per_km2": 2.9407}, "geometry": {"type": "Polygon", "coordinates": [[[75.962909, 22.64009], [75.972647, 22.64009], [75.972647, 22.649099], [75.962909, 22.649099], [75.962909, 22.64009]]]}}, {"type": "Feature", "properties": {"layer": "road_density_grid", "cell_id": "r30_c11", "road_length_km": 2.9328, "road_density_km_per_km2": 2.9336}, "geometry": {"type": "Polygon", "coordinates": [[[75.807111, 22.82027], [75.816849, 22.82027], [75.816849, 22.829279], [75.807111, 22.829279], [75.807111, 22.82027]]]}}, {"type": "Feature", "properties": {"layer": "road_density_grid", "cell_id": "r1_c8", "road_length_km": 2.9219, "road_density_km_per_km2": 2.9172}, "geometry": {"type": "Polygon", "coordinates": [[[75.777899, 22.559009], [75.787636, 22.559009], [75.787636, 22.568018], [75.777899, 22.568018], [75.777899, 22.559009]]]}}, {"type": "Feature", "properties": {"layer": "road_density_grid", "cell_id": "r5_c29", "road_length_km": 2.9106, "road_density_km_per_km2": 2.9067}, "geometry": {"type": "Polygon", "coordinates": [[[75.982384, 22.595045], [75.992122, 22.595045], [75.992122, 22.604054], [75.982384, 22.604054], [75.982384, 22.595045]]]}}, {"type": "Feature", "properties": {"layer": "road_density_grid", "cell_id": "r25_c28", "road_length_km": 2.9064, "road_density_km_per_km2": 2.9063}, "geometry": {"type": "Polygon", "coordinates": [[[75.972647, 22.775225], [75.982384, 22.775225], [75.982384, 22.784234], [75.972647, 22.784234], [75.972647, 22.775225]]]}}, {"type": "Feature", "properties": {"layer": "road_density_grid", "cell_id": "r7_c22", "road_length_km": 2.9032, "road_density_km_per_km2": 2.8997}, "geometry": {"type": "Polygon", "coordinates": [[[75.914223, 22.613063], [75.92396, 22.613063], [75.92396, 22.622072], [75.914223, 22.622072], [75.914223, 22.613063]]]}}, {"type": "Feature", "properties": {"layer": "road_density_grid", "cell_id": "r29_c4", "road_length_km": 2.897, "road_density_km_per_km2": 2.8976}, "geometry": {"type": "Polygon", "coordinates": [[[75.73895, 22.811261], [75.748687, 22.811261], [75.748687, 22.82027], [75.73895, 22.82027], [75.73895, 22.811261]]]}}, {"type": "Feature", "properties": {"layer": "road_density_grid", "cell_id": "r4_c23", "road_length_km": 2.8908, "road_density_km_per_km2": 2.8866}, "geometry": {"type": "Polygon", "coordinates": [[[75.92396, 22.586036], [75.933697, 22.586036], [75.933697, 22.595045], [75.92396, 22.595045], [75.92396, 22.586036]]]}}, {"type": "Feature", "properties": {"layer": "road_density_grid", "cell_id": "r27_c1", "road_length_km": 2.8704, "road_density_km_per_km2": 2.8706}, "geometry": {"type": "Polygon", "coordinates": [[[75.709737, 22.793243], [75.719475, 22.793243], [75.719475, 22.802252], [75.709737, 22.802252], [75.709737, 22.793243]]]}}, {"type": "Feature", "properties": {"layer": "road_density_grid", "cell_id": "r14_c0", "road_length_km": 2.8638, "road_density_km_per_km2": 2.8616}, "geometry": {"type": "Polygon", "coordinates": [[[75.7, 22.676126], [75.709737, 22.676126], [75.709737, 22.685135], [75.7, 22.685135], [75.7, 22.676126]]]}}, {"type": "Feature", "properties": {"layer": "road_density_grid", "cell_id": "r20_c0", "road_length_km": 2.8594, "road_density_km_per_km2": 2.8583}, "geometry": {"type": "Polygon", "coordinates": [[[75.7, 22.73018], [75.709737, 22.73018], [75.709737, 22.739189], [75.7, 22.739189], [75.7, 22.73018]]]}}, {"type": "Feature", "properties": {"layer": "road_density_grid", "cell_id": "r3_c16", "road_length_km": 2.8434, "road_density_km_per_km2": 2.8392}, "geometry": {"type": "Polygon", "coordinates": [[[75.855798, 22.577027], [75.865536, 22.577027], [75.865536, 22.586036], [75.855798, 22.586036], [75.855798, 22.577027]]]}}, {"type": "Feature", "properties": {"layer": "road_density_grid", "cell_id": "r10_c7", "road_length_km": 2.8392, "road_density_km_per_km2": 2.8362}, "geometry": {"type": "Polygon", "coordinates": [[[75.768162, 22.64009], [75.777899, 22.64009], [75.777899, 22.649099], [75.768162, 22.649099], [75.768162, 22.64009]]]}}, {"type": "Feature", "properties": {"layer": "road_density_grid", "cell_id": "r3_c23", "road_length_km": 2.8336, "road_density_km_per_km2": 2.8294}, "geometry": {"type": "Polygon", "coordinates": [[[75.92396, 22.577027], [75.933697, 22.577027], [75.933697, 22.586036], [75.92396, 22.586036], [75.92396, 22.577027]]]}}, {"type": "Feature", "properties": {"layer": "road_density_grid", "cell_id": "r28_c27", "road_length_km": 2.8286, "road_density_km_per_km2": 2.829}, "geometry": {"type": "Polygon", "coordinates": [[[75.962909, 22.802252], [75.972647, 22.802252], [75.972647, 22.811261], [75.962909, 22.811261], [75.962909, 22.802252]]]}}, {"type": "Feature", "properties": {"layer": "road_density_grid", "cell_id": "r15_c28", "road_length_km": 2.8221, "road_density_km_per_km2": 2.8201}, "geometry": {"type": "Polygon", "coordinates": [[[75.972647, 22.685135], [75.982384, 22.685135], [75.982384, 22.694144], [75.972647, 22.694144], [75.972647, 22.685135]]]}}, {"type": "Feature", "properties": {"layer": "road_density_grid", "cell_id": "r13_c23", "road_length_km": 2.8033, "road_density_km_per_km2": 2.801}, "geometry": {"type": "Polygon", "coordinates": [[[75.92396, 22.667117], [75.933697, 22.667117], [75.933697, 22.676126], [75.92396, 22.676126], [75.92396, 22.667117]]]}}, {"type": "Feature", "properties": {"layer": "road_density_grid", "cell_id": "r6_c3", "road_length_km": 2.7911, "road_density_km_per_km2": 2.7874}, "geometry": {"type": "Polygon", "coordinates": [[[75.729212, 22.604054], [75.73895, 22.604054], [75.73895, 22.613063], [75.729212, 22.613063], [75.729212, 22.604054]]]}}, {"type": "Feature", "properties": {"layer": "road_density_grid", "cell_id": "r10_c5", "road_length_km": 2.7773, "road_density_km_per_km2": 2.7745}, "geometry": {"type": "Polygon", "coordinates": [[[75.748687, 22.64009], [75.758424, 22.64009], [75.758424, 22.649099], [75.748687, 22.649099], [75.748687, 22.64009]]]}}, {"type": "Feature", "properties": {"layer": "road_density_grid", "cell_id": "r13_c7", "road_length_km": 2.773, "road_density_km_per_km2": 2.7706}, "geometry": {"type": "Polygon", "coordinates": [[[75.768162, 22.667117], [75.777899, 22.667117], [75.777899, 22.676126], [75.768162, 22.676126], [75.768162, 22.667117]]]}}, {"type": "Feature", "properties": {"layer": "road_density_grid", "cell_id": "r4_c11", "road_length_km": 2.769, "road_density_km_per_km2": 2.765}, "geometry": {"type": "Polygon", "coordinates": [[[75.807111, 22.586036], [75.816849, 22.586036], [75.816849, 22.595045], [75.807111, 22.595045], [75.807111, 22.586036]]]}}, {"type": "Feature", "properties": {"layer": "road_density_grid", "cell_id": "r27_c2", "road_length_km": 2.7626, "road_density_km_per_km2": 2.7629}, "geometry": {"type": "Polygon", "coordinates": [[[75.719475, 22.793243], [75.729212, 22.793243], [75.729212, 22.802252], [75.719475, 22.802252], [75.719475, 22.793243]]]}}, {"type": "Feature", "properties": {"layer": "road_density_grid", "cell_id": "r1_c19", "road_length_km": 2.7615, "road_density_km_per_km2": 2.757}, "geometry": {"type": "Polygon", "coordinates": [[[75.88501, 22.559009], [75.894748, 22.559009], [75.894748, 22.568018], [75.88501, 22.568018], [75.88501, 22.559009]]]}}, {"type": "Feature", "properties": {"layer": "road_density_grid", "cell_id": "r10_c0", "road_length_km": 2.7401, "road_density_km_per_km2": 2.7372}, "geometry": {"type": "Polygon", "coordinates": [[[75.7, 22.64009], [75.709737, 22.64009], [75.709737, 22.649099], [75.7, 22.649099], [75.7, 22.64009]]]}}, {"type": "Feature", "properties": {"layer": "road_density_grid", "cell_id": "r18_c0", "road_length_km": 2.7399, "road_density_km_per_km2": 2.7385}, "geometry": {"type": "Polygon", "coordinates": [[[75.7, 22.712162], [75.709737, 22.712162], [75.709737, 22.721171], [75.7, 22.721171], [75.7, 22.712162]]]}}, {"type": "Feature", "properties": {"layer": "road_density_grid", "cell_id": "r12_c26", "road_length_km": 2.7342, "road_density_km_per_km2": 2.7317}, "geometry": {"type": "Polygon", "coordinates": [[[75.953172, 22.658108], [75.962909, 22.658108], [75.962909, 22.667117], [75.953172, 22.667117], [75.953172, 22.658108]]]}}, {"type": "Feature", "properties": {"layer": "road_density_grid", "cell_id": "r18_c28", "road_length_km": 2.7258, "road_density_km_per_km2": 2.7244}, "geometry": {"type": "Polygon", "coordinates": [[[75.972647, 22.712162], [75.982384, 22.712162], [75.982384, 22.721171], [75.972647, 22.721171], [75.972647, 22.712162]]]}}, {"type": "Feature", "properties": {"layer": "road_density_grid", "cell_id": "r13_c3", "road_length_km": 2.723, "road_density_km_per_km2": 2.7207}, "geometry": {"type": "Polygon", "coordinates": [[[75.729212, 22.667117], [75.73895, 22.667117], [75.73895, 22.676126], [75.729212, 22.676126], [75.729212, 22.667117]]]}}, {"type": "Feature", "properties": {"layer": "road_density_grid", "cell_id": "r30_c26", "road_length_km": 2.7191, "road_density_km_per_km2": 2.7198}, "geometry": {"type": "Polygon", "coordinates": [[[75.953172, 22.82027], [75.962909, 22.82027], [75.962909, 22.829279], [75.953172, 22.829279], [75.953172, 22.82027]]]}}, {"type": "Feature", "properties": {"layer": "road_density_grid", "cell_id": "r9_c2", "road_length_km": 2.7055, "road_density_km_per_km2": 2.7026}, "geometry": {"type": "Polygon", "coordinates": [[[75.719475, 22.631081], [75.729212, 22.631081], [75.729212, 22.64009], [75.719475, 22.64009], [75.719475, 22.631081]]]}}, {"type": "Feature", "properties": {"layer": "road_density_grid", "cell_id": "r32_c0", "road_length_km": 2.6915, "road_density_km_per_km2": 2.6926}, "geometry": {"type": "Polygon", "coordinates": [[[75.7, 22.838288], [75.709737, 22.838288], [75.709737, 22.847297], [75.7, 22.847297], [75.7, 22.838288]]]}}, {"type": "Feature", "properties": {"layer": "road_density_grid", "cell_id": "r6_c1", "road_length_km": 2.6907, "road_density_km_per_km2": 2.6872}, "geometry": {"type": "Polygon", "coordinates": [[[75.709737, 22.604054], [75.719475, 22.604054], [75.719475, 22.613063], [75.709737, 22.613063], [75.709737, 22.604054]]]}}, {"type": "Feature", "properties": {"layer": "road_density_grid", "cell_id": "r0_c28", "road_length_km": 2.6874, "road_density_km_per_km2": 2.6829}, "geometry": {"type": "Polygon", "coordinates": [[[75.972647, 22.55], [75.982384, 22.55], [75.982384, 22.559009], [75.972647, 22.559009], [75.972647, 22.55]]]}}, {"type": "Feature", "properties": {"layer": "road_density_grid", "cell_id": "r8_c2", "road_length_km": 2.6828, "road_density_km_per_km2": 2.6797}, "geometry": {"type": "Polygon", "coordinates": [[[75.719475, 22.622072], [75.729212, 22.622072], [75.729212, 22.631081], [75.719475, 22.631081], [75.719475, 22.622072]]]}}, {"type": "Feature", "properties": {"layer": "road_density_grid", "cell_id": "r7_c-1", "road_length_km": 2.6778, "road_density_km_per_km2": 2.6745}, "geometry": {"type": "Polygon", "coordinates": [[[75.690263, 22.613063], [75.7, 22.613063], [75.7, 22.622072], [75.690263, 22.622072], [75.690263, 22.613063]]]}}, {"type": "Feature", "properties": {"layer": "road_density_grid", "cell_id": "r12_c17", "road_length_km": 2.6761, "road_density_km_per_km2": 2.6737}, "geometry": {"type": "Polygon", "coordinates": [[[75.865536, 22.658108], [75.875273, 22.658108], [75.875273, 22.667117], [75.865536, 22.667117], [75.865536, 22.658108]]]}}, {"type": "Feature", "properties": {"layer": "road_density_grid", "cell_id": "r26_c0", "road_length_km": 2.6738, "road_density_km_per_km2": 2.6738}, "geometry": {"type": "Polygon", "coordinates": [[[75.7, 22.784234], [75.709737, 22.784234], [75.709737, 22.793243], [75.7, 22.793243], [75.7, 22.784234]]]}}, {"type": "Feature", "properties": {"layer": "road_density_grid", "cell_id": "r3_c19", "road_length_km": 2.6728, "road_density_km_per_km2": 2.6688}, "geometry": {"type": "Polygon", "coordinates": [[[75.88501, 22.577027], [75.894748, 22.577027], [75.894748, 22.586036], [75.88501, 22.586036], [75.88501, 22.577027]]]}}, {"type": "Feature", "properties": {"layer": "road_density_grid", "cell_id": "r20_c29", "road_length_km": 2.67, "road_density_km_per_km2": 2.669}, "geometry": {"type": "Polygon", "coordinates": [[[75.982384, 22.73018], [75.992122, 22.73018], [75.992122, 22.739189], [75.982384, 22.739189], [75.982384, 22.73018]]]}}, {"type": "Feature", "properties": {"layer": "road_density_grid", "cell_id": "r30_c8", "road_length_km": 2.6656, "road_density_km_per_km2": 2.6664}, "geometry": {"type": "Polygon", "coordinates": [[[75.777899, 22.82027], [75.787636, 22.82027], [75.787636, 22.829279], [75.777899, 22.829279], [75.777899, 22.82027]]]}}, {"type": "Feature", "properties": {"layer": "road_density_grid", "cell_id": "r26_c27", "road_length_km": 2.6638, "road_density_km_per_km2": 2.6638}, "geometry": {"type": "Polygon", "coordinates": [[[75.962909, 22.784234], [75.972647, 22.784234], [75.972647, 22.793243], [75.962909, 22.793243], [75.962909, 22.784234]]]}}, {"type": "Feature", "properties": {"layer": "road_density_grid", "cell_id": "r22_c5", "road_length_km": 2.663, "road_density_km_per_km2": 2.6624}, "geometry": {"type": "Polygon", "coordinates": [[[75.748687, 22.748198], [75.758424, 22.748198], [75.758424, 22.757207], [75.748687, 22.757207], [75.748687, 22.748198]]]}}, {"type": "Feature", "properties": {"layer": "road_density_grid", "cell_id": "r27_c28", "road_length_km": 2.6603, "road_density_km_per_km2": 2.6605}, "geometry": {"type": "Polygon", "coordinates": [[[75.972647, 22.793243], [75.982384, 22.793243], [75.982384, 22.802252], [75.972647, 22.802252], [75.972647, 22.793243]]]}}, {"type": "Feature", "properties": {"layer": "road_density_grid", "cell_id": "r4_c16", "road_length_km": 2.6463, "road_density_km_per_km2": 2.6425}, "geometry": {"type": "Polygon", "coordinates": [[[75.855798, 22.586036], [75.865536, 22.586036], [75.865536, 22.595045], [75.855798, 22.595045], [75.855798, 22.586036]]]}}, {"type": "Feature", "properties": {"layer": "road_density_grid", "cell_id": "r10_c2", "road_length_km": 2.6376, "road_density_km_per_km2": 2.6349}, "geometry": {"type": "Polygon", "coordinates": [[[75.719475, 22.64009], [75.729212, 22.64009], [75.729212, 22.649099], [75.719475, 22.649099], [75.719475, 22.64009]]]}}, {"type": "Feature", "properties": {"layer": "road_density_grid", "cell_id": "r8_c28", "road_length_km": 2.6252, "road_density_km_per_km2": 2.6221}, "geometry": {"type": "Polygon", "coordinates": [[[75.972647, 22.622072], [75.982384, 22.622072], [75.982384, 22.631081], [75.972647, 22.631081], [75.972647, 22.622072]]]}}, {"type": "Feature", "properties": {"layer": "road_density_grid", "cell_id": "r18_c30", "road_length_km": 2.6239, "road_density_km_per_km2": 2.6225}, "geometry": {"type": "Polygon", "coordinates": [[[75.992122, 22.712162], [76.001859, 22.712162], [76.001859, 22.721171], [75.992122, 22.721171], [75.992122, 22.712162]]]}}, {"type": "Feature", "properties": {"layer": "road_density_grid", "cell_id": "r13_c28", "road_length_km": 2.6181, "road_density_km_per_km2": 2.6159}, "geometry": {"type": "Polygon", "coordinates": [[[75.972647, 22.667117], [75.982384, 22.667117], [75.982384, 22.676126], [75.972647, 22.676126], [75.972647, 22.667117]]]}}, {"type": "Feature", "properties": {"layer": "road_density_grid", "cell_id": "r3_c14", "road_length_km": 2.6105, "road_density_km_per_km2": 2.6066}, "geometry": {"type": "Polygon", "coordinates": [[[75.836323, 22.577027], [75.846061, 22.577027], [75.846061, 22.586036], [75.836323, 22.586036], [75.836323, 22.577027]]]}}, {"type": "Feature", "properties": {"layer": "road_density_grid", "cell_id": "r8_c29", "road_length_km": 2.6089, "road_density_km_per_km2": 2.6058}, "geometry": {"type": "Polygon", "coordinates": [[[75.982384, 22.622072], [75.992122, 22.622072], [75.992122, 22.631081], [75.982384, 22.631081], [75.982384, 22.622072]]]}}, {"type": "Feature", "properties": {"layer": "road_density_grid", "cell_id": "r27_c27", "road_length_km": 2.5921, "road_density_km_per_km2": 2.5923}, "geometry": {"type": "Polygon", "coordinates": [[[75.962909, 22.793243], [75.972647, 22.793243], [75.972647, 22.802252], [75.962909, 22.802252], [75.962909, 22.793243]]]}}, {"type": "Feature", "properties": {"layer": "road_density_grid", "cell_id": "r11_c29", "road_length_km": 2.582, "road_density_km_per_km2": 2.5795}, "geometry": {"type": "Polygon", "coordinates": [[[75.982384, 22.649099], [75.992122, 22.649099], [75.992122, 22.658108], [75.982384, 22.658108], [75.982384, 22.649099]]]}}, {"type": "Feature", "properties": {"layer": "road_density_grid", "cell_id": "r11_c5", "road_length_km": 2.559, "road_density_km_per_km2": 2.5565}, "geometry": {"type": "Polygon", "coordinates": [[[75.748687, 22.649099], [75.758424, 22.649099], [75.758424, 22.658108], [75.748687, 22.658108], [75.748687, 22.649099]]]}}, {"type": "Feature", "properties": {"layer": "road_density_grid", "cell_id": "r22_c2", "road_length_km": 2.5554, "road_density_km_per_km2": 2.5548}, "geometry": {"type": "Polygon", "coordinates": [[[75.719475, 22.748198], [75.729212, 22.748198], [75.729212, 22.757207], [75.719475, 22.757207], [75.719475, 22.748198]]]}}, {"type": "Feature", "properties": {"layer": "road_density_grid", "cell_id": "r6_c12", "road_length_km": 2.5503, "road_density_km_per_km2": 2.5469}, "geometry": {"type": "Polygon", "coordinates": [[[75.816849, 22.604054], [75.826586, 22.604054], [75.826586, 22.613063], [75.816849, 22.613063], [75.816849, 22.604054]]]}}, {"type": "Feature", "properties": {"layer": "road_density_grid", "cell_id": "r2_c10", "road_length_km": 2.5441, "road_density_km_per_km2": 2.5401}, "geometry": {"type": "Polygon", "coordinates": [[[75.797374, 22.568018], [75.807111, 22.568018], [75.807111, 22.577027], [75.797374, 22.577027], [75.797374, 22.568018]]]}}, {"type": "Feature", "properties": {"layer": "road_density_grid", "cell_id": "r30_c18", "road_length_km": 2.5425, "road_density_km_per_km2": 2.5433}, "geometry": {"type": "Polygon", "coordinates": [[[75.875273, 22.82027], [75.88501, 22.82027], [75.88501, 22.829279], [75.875273, 22.829279], [75.875273, 22.82027]]]}}, {"type": "Feature", "properties": {"layer": "road_density_grid", "cell_id": "r7_c29", "road_length_km": 2.5332, "road_density_km_per_km2": 2.5301}, "geometry": {"type": "Polygon", "coordinates": [[[75.982384, 22.613063], [75.992122, 22.613063], [75.992122, 22.622072], [75.982384, 22.622072], [75.982384, 22.613063]]]}}, {"type": "Feature", "properties": {"layer": "road_density_grid", "cell_id": "r0_c19", "road_length_km": 2.5283, "road_density_km_per_km2": 2.524}, "geometry": {"type": "Polygon", "coordinates": [[[75.88501, 22.55], [75.894748, 22.55], [75.894748, 22.559009], [75.88501, 22.559009], [75.88501, 22.55]]]}}, {"type": "Feature", "properties": {"layer": "road_density_grid", "cell_id": "r13_c30", "road_length_km": 2.5261, "road_density_km_per_km2": 2.524}, "geometry": {"type": "Polygon", "coordinates": [[[75.992122, 22.667117], [76.001859, 22.667117], [76.001859, 22.676126], [75.992122, 22.676126], [75.992122, 22.667117]]]}}, {"type": "Feature", "properties": {"layer": "road_density_grid", "cell_id": "r27_c5", "road_length_km": 2.522, "road_density_km_per_km2": 2.5222}, "geometry": {"type": "Polygon", "coordinates": [[[75.748687, 22.793243], [75.758424, 22.793243], [75.758424, 22.802252], [75.748687, 22.802252], [75.748687, 22.793243]]]}}, {"type": "Feature", "properties": {"layer": "road_density_grid", "cell_id": "r5_c11", "road_length_km": 2.5142, "road_density_km_per_km2": 2.5108}, "geometry": {"type": "Polygon", "coordinates": [[[75.807111, 22.595045], [75.816849, 22.595045], [75.816849, 22.604054], [75.807111, 22.604054], [75.807111, 22.595045]]]}}, {"type": "Feature", "properties": {"layer": "road_density_grid", "cell_id": "r0_c17", "road_length_km": 2.4781, "road_density_km_per_km2": 2.4739}, "geometry": {"type": "Polygon", "coordinates": [[[75.865536, 22.55], [75.875273, 22.55], [75.875273, 22.559009], [75.865536, 22.559009], [75.865536, 22.55]]]}}, {"type": "Feature", "properties": {"layer": "road_density_grid", "cell_id": "r29_c26", "road_length_km": 2.463, "road_density_km_per_km2": 2.4636}, "geometry": {"type": "Polygon", "coordinates": [[[75.953172, 22.811261], [75.962909, 22.811261], [75.962909, 22.82027], [75.953172, 22.82027], [75.953172, 22.811261]]]}}, {"type": "Feature", "properties": {"layer": "road_density_grid", "cell_id": "r2_c12", "road_length_km": 2.4555, "road_density_km_per_km2": 2.4516}, "geometry": {"type": "Polygon", "coordinates": [[[75.816849, 22.568018], [75.826586, 22.568018], [75.826586, 22.577027], [75.816849, 22.577027], [75.816849, 22.568018]]]}}, {"type": "Feature", "properties": {"layer": "road_density_grid", "cell_id": "r11_c4", "road_length_km": 2.4552, "road_density_km_per_km2": 2.4528}, "geometry": {"type": "Polygon", "coordinates": [[[75.73895, 22.649099], [75.748687, 22.649099], [75.748687, 22.658108], [75.73895, 22.658108], [75.73895, 22.649099]]]}}, {"type": "Feature", "properties": {"layer": "road_density_grid", "cell_id": "r4_c4", "road_length_km": 2.4498, "road_density_km_per_km2": 2.4463}, "geometry": {"type": "Polygon", "coordinates": [[[75.73895, 22.586036], [75.748687, 22.586036], [75.748687, 22.595045], [75.73895, 22.595045], [75.73895, 22.586036]]]}}, {"type": "Feature", "properties": {"layer": "road_density_grid", "cell_id": "r6_c21", "road_length_km": 2.4446, "road_density_km_per_km2": 2.4414}, "geometry": {"type": "Polygon", "coordinates": [[[75.904485, 22.604054], [75.914223, 22.604054], [75.914223, 22.613063], [75.904485, 22.613063], [75.904485, 22.604054]]]}}, {"type": "Feature", "properties": {"layer": "road_density_grid", "cell_id": "r10_c1", "road_length_km": 2.4399, "road_density_km_per_km2": 2.4374}, "geometry": {"type": "Polygon", "coordinates": [[[75.709737, 22.64009], [75.719475, 22.64009], [75.719475, 22.649099], [75.709737, 22.649099], [75.709737, 22.64009]]]}}, {"type": "Feature", "properties": {"layer": "road_density_grid", "cell_id": "r0_c25", "road_length_km": 2.4356, "road_density_km_per_km2": 2.4315}, "geometry": {"type": "Polygon", "coordinates": [[[75.943435, 22.55], [75.953172, 22.55], [75.953172, 22.559009], [75.943435, 22.559009], [75.943435, 22.55]]]}}, {"type": "Feature", "properties": {"layer": "road_density_grid", "cell_id": "r12_c6", "road_length_km": 2.431, "road_density_km_per_km2": 2.4288}, "geometry": {"type": "Polygon", "coordinates": [[[75.758424, 22.658108], [75.768162, 22.658108], [75.768162, 22.667117], [75.758424, 22.667117], [75.758424, 22.658108]]]}}, {"type": "Feature", "properties": {"layer": "road_density_grid", "cell_id": "r6_c28", "road_length_km": 2.4214, "road_density_km_per_km2": 2.4182}, "geometry": {"type": "Polygon", "coordinates": [[[75.972647, 22.604054], [75.982384, 22.604054], [75.982384, 22.613063], [75.972647, 22.613063], [75.972647, 22.604054]]]}}, {"type": "Feature", "properties": {"layer": "road_density_grid", "cell_id": "r28_c11", "road_length_km": 2.4052, "road_density_km_per_km2": 2.4056}, "geometry": {"type": "Polygon", "coordinates": [[[75.807111, 22.802252], [75.816849, 22.802252], [75.816849, 22.811261], [75.807111, 22.811261], [75.807111, 22.802252]]]}}, {"type": "Feature", "properties": {"layer": "road_density_grid", "cell_id": "r4_c13", "road_length_km": 2.397, "road_density_km_per_km2": 2.3935}, "geometry": {"type": "Polygon", "coordinates": [[[75.826586, 22.586036], [75.836323, 22.586036], [75.836323, 22.595045], [75.826586, 22.595045], [75.826586, 22.586036]]]}}, {"type": "Feature", "properties": {"layer": "road_density_grid", "cell_id": "r17_c2", "road_length_km": 2.3926, "road_density_km_per_km2": 2.3912}, "geometry": {"type": "Polygon", "coordinates": [[[75.719475, 22.703153], [75.729212, 22.703153], [75.729212, 22.712162], [75.719475, 22.712162], [75.719475, 22.703153]]]}}, {"type": "Feature", "properties": {"layer": "road_density_grid", "cell_id": "r22_c1", "road_length_km": 2.3892, "road_density_km_per_km2": 2.3886}, "geometry": {"type": "Polygon", "coordinates": [[[75.709737, 22.748198], [75.719475, 22.748198], [75.719475, 22.757207], [75.709737, 22.757207], [75.709737, 22.748198]]]}}, {"type": "Feature", "properties": {"layer": "road_density_grid", "cell_id": "r9_c4", "road_length_km": 2.3759, "road_density_km_per_km2": 2.3733}, "geometry": {"type": "Polygon", "coordinates": [[[75.73895, 22.631081], [75.748687, 22.631081], [75.748687, 22.64009], [75.73895, 22.64009], [75.73895, 22.631081]]]}}, {"type": "Feature", "properties": {"layer": "road_density_grid", "cell_id": "r20_c4", "road_length_km": 2.3613, "road_density_km_per_km2": 2.3604}, "geometry": {"type": "Polygon", "coordinates": [[[75.73895, 22.73018], [75.748687, 22.73018], [75.748687, 22.739189], [75.73895, 22.739189], [75.73895, 22.73018]]]}}, {"type": "Feature", "properties": {"layer": "road_density_grid", "cell_id": "r34_c3", "road_length_km": 2.3579, "road_density_km_per_km2": 2.3591}, "geometry": {"type": "Polygon", "coordinates": [[[75.729212, 22.856306], [75.73895, 22.856306], [75.73895, 22.865315], [75.729212, 22.865315], [75.729212, 22.856306]]]}}, {"type": "Feature", "properties": {"layer": "road_density_grid", "cell_id": "r25_c6", "road_length_km": 2.3483, "road_density_km_per_km2": 2.3482}, "geometry": {"type": "Polygon", "coordinates": [[[75.758424, 22.775225], [75.768162, 22.775225], [75.768162, 22.784234], [75.758424, 22.784234], [75.758424, 22.775225]]]}}, {"type": "Feature", "properties": {"layer": "road_density_grid", "cell_id": "r17_c4", "road_length_km": 2.3444, "road_density_km_per_km2": 2.343}, "geometry": {"type": "Polygon", "coordinates": [[[75.73895, 22.703153], [75.748687, 22.703153], [75.748687, 22.712162], [75.73895, 22.712162], [75.73895, 22.703153]]]}}, {"type": "Feature", "properties": {"layer": "road_density_grid", "cell_id": "r30_c15", "road_length_km": 2.3442, "road_density_km_per_km2": 2.3449}, "geometry": {"type": "Polygon", "coordinates": [[[75.846061, 22.82027], [75.855798, 22.82027], [75.855798, 22.829279], [75.846061, 22.829279], [75.846061, 22.82027]]]}}, {"type": "Feature", "properties": {"layer": "road_density_grid", "cell_id": "r14_c-12", "road_length_km": 2.3331, "road_density_km_per_km2": 2.3313}, "geometry": {"type": "Polygon", "coordinates": [[[75.583151, 22.676126], [75.592889, 22.676126], [75.592889, 22.685135], [75.583151, 22.685135], [75.583151, 22.676126]]]}}, {"type": "Feature", "properties": {"layer": "road_density_grid", "cell_id": "r26_c29", "road_length_km": 2.3315, "road_density_km_per_km2": 2.3316}, "geometry": {"type": "Polygon", "coordinates": [[[75.982384, 22.784234], [75.992122, 22.784234], [75.992122, 22.793243], [75.982384, 22.793243], [75.982384, 22.784234]]]}}, {"type": "Feature", "properties": {"layer": "road_density_grid", "cell_id": "r4_c6", "road_length_km": 2.3241, "road_density_km_per_km2": 2.3207}, "geometry": {"type": "Polygon", "coordinates": [[[75.758424, 22.586036], [75.768162, 22.586036], [75.768162, 22.595045], [75.758424, 22.595045], [75.758424, 22.586036]]]}}, {"type": "Feature", "properties": {"layer": "road_density_grid", "cell_id": "r0_c27", "road_length_km": 2.3237, "road_density_km_per_km2": 2.3198}, "geometry": {"type": "Polygon", "coordinates": [[[75.962909, 22.55], [75.972647, 22.55], [75.972647, 22.559009], [75.962909, 22.559009], [75.962909, 22.55]]]}}, {"type": "Feature", "properties": {"layer": "road_density_grid", "cell_id": "r1_c26", "road_length_km": 2.3237, "road_density_km_per_km2": 2.3199}, "geometry": {"type": "Polygon", "coordinates": [[[75.953172, 22.559009], [75.962909, 22.559009], [75.962909, 22.568018], [75.953172, 22.568018], [75.953172, 22.559009]]]}}, {"type": "Feature", "properties": {"layer": "road_density_grid", "cell_id": "r21_c3", "road_length_km": 2.3155, "road_density_km_per_km2": 2.3148}, "geometry": {"type": "Polygon", "coordinates": [[[75.729212, 22.739189], [75.73895, 22.739189], [75.73895, 22.748198], [75.729212, 22.748198], [75.729212, 22.739189]]]}}, {"type": "Feature", "properties": {"layer": "road_density_grid", "cell_id": "r12_c30", "road_length_km": 2.3127, "road_density_km_per_km2": 2.3106}, "geometry": {"type": "Polygon", "coordinates": [[[75.992122, 22.658108], [76.001859, 22.658108], [76.001859, 22.667117], [75.992122, 22.667117], [75.992122, 22.658108]]]}}, {"type": "Feature", "properties": {"layer": "road_density_grid", "cell_id": "r3_c11", "road_length_km": 2.3104, "road_density_km_per_km2": 2.307}, "geometry": {"type": "Polygon", "coordinates": [[[75.807111, 22.577027], [75.816849, 22.577027], [75.816849, 22.586036], [75.807111, 22.586036], [75.807111, 22.577027]]]}}, {"type": "Feature", "properties": {"layer": "road_density_grid", "cell_id": "r5_c5", "road_length_km": 2.3085, "road_density_km_per_km2": 2.3054}, "geometry": {"type": "Polygon", "coordinates": [[[75.748687, 22.595045], [75.758424, 22.595045], [75.758424, 22.604054], [75.748687, 22.604054], [75.748687, 22.595045]]]}}, {"type": "Feature", "properties": {"layer": "road_density_grid", "cell_id": "r4_c26", "road_length_km": 2.3067, "road_density_km_per_km2": 2.3034}, "geometry": {"type": "Polygon", "coordinates": [[[75.953172, 22.586036], [75.962909, 22.586036], [75.962909, 22.595045], [75.953172, 22.595045], [75.953172, 22.586036]]]}}, {"type": "Feature", "properties": {"layer": "road_density_grid", "cell_id": "r8_c0", "road_length_km": 2.3027, "road_density_km_per_km2": 2.3}, "geometry": {"type": "Polygon", "coordinates": [[[75.7, 22.622072], [75.709737, 22.622072], [75.709737, 22.631081], [75.7, 22.631081], [75.7, 22.622072]]]}}, {"type": "Feature", "properties": {"layer": "road_density_grid", "cell_id": "r24_c0", "road_length_km": 2.3025, "road_density_km_per_km2": 2.3022}, "geometry": {"type": "Polygon", "coordinates": [[[75.7, 22.766216], [75.709737, 22.766216], [75.709737, 22.775225], [75.7, 22.775225], [75.7, 22.766216]]]}}, {"type": "Feature", "properties": {"layer": "road_density_grid", "cell_id": "r32_c25", "road_length_km": 2.2818, "road_density_km_per_km2": 2.2828}, "geometry": {"type": "Polygon", "coordinates": [[[75.943435, 22.838288], [75.953172, 22.838288], [75.953172, 22.847297], [75.943435, 22.847297], [75.943435, 22.838288]]]}}, {"type": "Feature", "properties": {"layer": "road_density_grid", "cell_id": "r33_c26", "road_length_km": 2.2702, "road_density_km_per_km2": 2.2713}, "geometry": {"type": "Polygon", "coordinates": [[[75.953172, 22.847297], [75.962909, 22.847297], [75.962909, 22.856306], [75.953172, 22.856306], [75.953172, 22.847297]]]}}, {"type": "Feature", "properties": {"layer": "road_density_grid", "cell_id": "r14_c-5", "road_length_km": 2.2677, "road_density_km_per_km2": 2.2659}, "geometry": {"type": "Polygon", "coordinates": [[[75.651313, 22.676126], [75.66105, 22.676126], [75.66105, 22.685135], [75.651313, 22.685135], [75.651313, 22.676126]]]}}, {"type": "Feature", "properties": {"layer": "road_density_grid", "cell_id": "r31_c30", "road_length_km": 2.2339, "road_density_km_per_km2": 2.2346}, "geometry": {"type": "Polygon", "coordinates": [[[75.992122, 22.829279], [76.001859, 22.829279], [76.001859, 22.838288], [75.992122, 22.838288], [75.992122, 22.829279]]]}}, {"type": "Feature", "properties": {"layer": "road_density_grid", "cell_id": "r26_c1", "road_length_km": 2.2332, "road_density_km_per_km2": 2.2333}, "geometry": {"type": "Polygon", "coordinates": [[[75.709737, 22.784234], [75.719475, 22.784234], [75.719475, 22.793243], [75.709737, 22.793243], [75.709737, 22.784234]]]}}, {"type": "Feature", "properties": {"layer": "road_density_grid", "cell_id": "r1_c12", "road_length_km": 2.2277, "road_density_km_per_km2": 2.2241}, "geometry": {"type": "Polygon", "coordinates": [[[75.816849, 22.559009], [75.826586, 22.559009], [75.826586, 22.568018], [75.816849, 22.568018], [75.816849, 22.559009]]]}}, {"type": "Feature", "properties": {"layer": "road_density_grid", "cell_id": "r2_c18", "road_length_km": 2.2211, "road_density_km_per_km2": 2.2177}, "geometry": {"type": "Polygon", "coordinates": [[[75.875273, 22.568018], [75.88501, 22.568018], [75.88501, 22.577027], [75.875273, 22.577027], [75.875273, 22.568018]]]}}, {"type": "Feature", "properties": {"layer": "road_density_grid", "cell_id": "r12_c7", "road_length_km": 2.2181, "road_density_km_per_km2": 2.2161}, "geometry": {"type": "Polygon", "coordinates": [[[75.768162, 22.658108], [75.777899, 22.658108], [75.777899, 22.667117], [75.768162, 22.667117], [75.768162, 22.658108]]]}}, {"type": "Feature", "properties": {"layer": "road_density_grid", "cell_id": "r14_c-6", "road_length_km": 2.2069, "road_density_km_per_km2": 2.2052}, "geometry": {"type": "Polygon", "coordinates": [[[75.641576, 22.676126], [75.651313, 22.676126], [75.651313, 22.685135], [75.641576, 22.685135], [75.641576, 22.676126]]]}}, {"type": "Feature", "properties": {"layer": "road_density_grid", "cell_id": "r6_c4", "road_length_km": 2.1915, "road_density_km_per_km2": 2.1886}, "geometry": {"type": "Polygon", "coordinates": [[[75.73895, 22.604054], [75.748687, 22.604054], [75.748687, 22.613063], [75.73895, 22.613063], [75.73895, 22.604054]]]}}, {"type": "Feature", "properties": {"layer": "road_density_grid", "cell_id": "r19_c4", "road_length_km": 2.1861, "road_density_km_per_km2": 2.1851}, "geometry": {"type": "Polygon", "coordinates": [[[75.73895, 22.721171], [75.748687, 22.721171], [75.748687, 22.73018], [75.73895, 22.73018], [75.73895, 22.721171]]]}}, {"type": "Feature", "properties": {"layer": "road_density_grid", "cell_id": "r19_c3", "road_length_km": 2.1832, "road_density_km_per_km2": 2.1823}, "geometry": {"type": "Polygon", "coordinates": [[[75.729212, 22.721171], [75.73895, 22.721171], [75.73895, 22.73018], [75.729212, 22.73018], [75.729212, 22.721171]]]}}, {"type": "Feature", "properties": {"layer": "road_density_grid", "cell_id": "r14_c-9", "road_length_km": 2.1804, "road_density_km_per_km2": 2.1787}, "geometry": {"type": "Polygon", "coordinates": [[[75.612364, 22.676126], [75.622101, 22.676126], [75.622101, 22.685135], [75.612364, 22.685135], [75.612364, 22.676126]]]}}, {"type": "Feature", "properties": {"layer": "road_density_grid", "cell_id": "r13_c-2", "road_length_km": 2.1768, "road_density_km_per_km2": 2.1749}, "geometry": {"type": "Polygon", "coordinates": [[[75.680525, 22.667117], [75.690263, 22.667117], [75.690263, 22.676126], [75.680525, 22.676126], [75.680525, 22.667117]]]}}, {"type": "Feature", "properties": {"layer": "road_density_grid", "cell_id": "r36_c16", "road_length_km": 2.1683, "road_density_km_per_km2": 2.1697}, "geometry": {"type": "Polygon", "coordinates": [[[75.855798, 22.874324], [75.865536, 22.874324], [75.865536, 22.883333], [75.855798, 22.883333], [75.855798, 22.874324]]]}}, {"type": "Feature", "properties": {"layer": "road_density_grid", "cell_id": "r6_c20", "road_length_km": 2.1618, "road_density_km_per_km2": 2.159}, "geometry": {"type": "Polygon", "coordinates": [[[75.894748, 22.604054], [75.904485, 22.604054], [75.904485, 22.613063], [75.894748, 22.613063], [75.894748, 22.604054]]]}}, {"type": "Feature", "properties": {"layer": "road_density_grid", "cell_id": "r25_c7", "road_length_km": 2.151, "road_density_km_per_km2": 2.1509}, "geometry": {"type": "Polygon", "coordinates": [[[75.768162, 22.775225], [75.777899, 22.775225], [75.777899, 22.784234], [75.768162, 22.784234], [75.768162, 22.775225]]]}}, {"type": "Feature", "properties": {"layer": "road_density_grid", "cell_id": "r34_c9", "road_length_km": 2.1506, "road_density_km_per_km2": 2.1518}, "geometry": {"type": "Polygon", "coordinates": [[[75.787636, 22.856306], [75.797374, 22.856306], [75.797374, 22.865315], [75.787636, 22.865315], [75.787636, 22.856306]]]}}, {"type": "Feature", "properties": {"layer": "road_density_grid", "cell_id": "r10_c17", "road_length_km": 2.1482, "road_density_km_per_km2": 2.1459}, "geometry": {"type": "Polygon", "coordinates": [[[75.865536, 22.64009], [75.875273, 22.64009], [75.875273, 22.649099], [75.865536, 22.649099], [75.865536, 22.64009]]]}}, {"type": "Feature", "properties": {"layer": "road_density_grid", "cell_id": "r3_c25", "road_length_km": 2.1416, "road_density_km_per_km2": 2.1384}, "geometry": {"type": "Polygon", "coordinates": [[[75.943435, 22.577027], [75.953172, 22.577027], [75.953172, 22.586036], [75.943435, 22.586036], [75.943435, 22.577027]]]}}, {"type": "Feature", "properties": {"layer": "road_density_grid", "cell_id": "r23_c30", "road_length_km": 2.1395, "road_density_km_per_km2": 2.1391}, "geometry": {"type": "Polygon", "coordinates": [[[75.992122, 22.757207], [76.001859, 22.757207], [76.001859, 22.766216], [75.992122, 22.766216], [75.992122, 22.757207]]]}}, {"type": "Feature", "properties": {"layer": "road_density_grid", "cell_id": "r1_c28", "road_length_km": 2.1365, "road_density_km_per_km2": 2.1331}, "geometry": {"type": "Polygon", "coordinates": [[[75.972647, 22.559009], [75.982384, 22.559009], [75.982384, 22.568018], [75.972647, 22.568018], [75.972647, 22.559009]]]}}, {"type": "Feature", "properties": {"layer": "road_density_grid", "cell_id": "r27_c6", "road_length_km": 2.1331, "road_density_km_per_km2": 2.1333}, "geometry": {"type": "Polygon", "coordinates": [[[75.758424, 22.793243], [75.768162, 22.793243], [75.768162, 22.802252], [75.758424, 22.802252], [75.758424, 22.793243]]]}}, {"type": "Feature", "properties": {"layer": "road_density_grid", "cell_id": "r14_c-8", "road_length_km": 2.1295, "road_density_km_per_km2": 2.1278}, "geometry": {"type": "Polygon", "coordinates": [[[75.622101, 22.676126], [75.631838, 22.676126], [75.631838, 22.685135], [75.622101, 22.685135], [75.622101, 22.676126]]]}}, {"type": "Feature", "properties": {"layer": "road_density_grid", "cell_id": "r13_c-15", "road_length_km": 2.1286, "road_density_km_per_km2": 2.1268}, "geometry": {"type": "Polygon", "coordinates": [[[75.553939, 22.667117], [75.563677, 22.667117], [75.563677, 22.676126], [75.553939, 22.676126], [75.553939, 22.667117]]]}}, {"type": "Feature", "properties": {"layer": "road_density_grid", "cell_id": "r5_c24", "road_length_km": 2.1274, "road_density_km_per_km2": 2.1245}, "geometry": {"type": "Polygon", "coordinates": [[[75.933697, 22.595045], [75.943435, 22.595045], [75.943435, 22.604054], [75.933697, 22.604054], [75.933697, 22.595045]]]}}, {"type": "Feature", "properties": {"layer": "road_density_grid", "cell_id": "r31_c12", "road_length_km": 2.1182, "road_density_km_per_km2": 2.119}, "geometry": {"type": "Polygon", "coordinates": [[[75.816849, 22.829279], [75.826586, 22.829279], [75.826586, 22.838288], [75.816849, 22.838288], [75.816849, 22.829279]]]}}, {"type": "Feature", "properties": {"layer": "road_density_grid", "cell_id": "r31_c0", "road_length_km": 2.1182, "road_density_km_per_km2": 2.1189}, "geometry": {"type": "Polygon", "coordinates": [[[75.7, 22.829279], [75.709737, 22.829279], [75.709737, 22.838288], [75.7, 22.838288], [75.7, 22.829279]]]}}, {"type": "Feature", "properties": {"layer": "road_density_grid", "cell_id": "r6_c17", "road_length_km": 2.1181, "road_density_km_per_km2": 2.1153}, "geometry": {"type": "Polygon", "coordinates": [[[75.865536, 22.604054], [75.875273, 22.604054], [75.875273, 22.613063], [75.865536, 22.613063], [75.865536, 22.604054]]]}}, {"type": "Feature", "properties": {"layer": "road_density_grid", "cell_id": "r0_c12", "road_length_km": 2.1159, "road_density_km_per_km2": 2.1123}, "geometry": {"type": "Polygon", "coordinates": [[[75.816849, 22.55], [75.826586, 22.55], [75.826586, 22.559009], [75.816849, 22.559009], [75.816849, 22.55]]]}}, {"type": "Feature", "properties": {"layer": "road_density_grid", "cell_id": "r29_c27", "road_length_km": 2.1106, "road_density_km_per_km2": 2.1111}, "geometry": {"type": "Polygon", "coordinates": [[[75.962909, 22.811261], [75.972647, 22.811261], [75.972647, 22.82027], [75.962909, 22.82027], [75.962909, 22.811261]]]}}, {"type": "Feature", "properties": {"layer": "road_density_grid", "cell_id": "r33_c24", "road_length_km": 2.0907, "road_density_km_per_km2": 2.0917}, "geometry": {"type": "Polygon", "coordinates": [[[75.933697, 22.847297], [75.943435, 22.847297], [75.943435, 22.856306], [75.933697, 22.856306], [75.933697, 22.847297]]]}}, {"type": "Feature", "properties": {"layer": "road_density_grid", "cell_id": "r38_c16", "road_length_km": 2.09, "road_density_km_per_km2": 2.0917}, "geometry": {"type": "Polygon", "coordinates": [[[75.855798, 22.892342], [75.865536, 22.892342], [75.865536, 22.901351], [75.855798, 22.901351], [75.855798, 22.892342]]]}}, {"type": "Feature", "properties": {"layer": "road_density_grid", "cell_id": "r21_c0", "road_length_km": 2.0897, "road_density_km_per_km2": 2.0891}, "geometry": {"type": "Polygon", "coordinates": [[[75.7, 22.739189], [75.709737, 22.739189], [75.709737, 22.748198], [75.7, 22.748198], [75.7, 22.739189]]]}}, {"type": "Feature", "properties": {"layer": "road_density_grid", "cell_id": "r25_c1", "road_length_km": 2.0884, "road_density_km_per_km2": 2.0883}, "geometry": {"type": "Polygon", "coordinates": [[[75.709737, 22.775225], [75.719475, 22.775225], [75.719475, 22.784234], [75.709737, 22.784234], [75.709737, 22.775225]]]}}, {"type": "Feature", "properties": {"layer": "road_density_grid", "cell_id": "r25_c2", "road_length_km": 2.0861, "road_density_km_per_km2": 2.086}, "geometry": {"type": "Polygon", "coordinates": [[[75.719475, 22.775225], [75.729212, 22.775225], [75.729212, 22.784234], [75.719475, 22.784234], [75.719475, 22.775225]]]}}, {"type": "Feature", "properties": {"layer": "road_density_grid", "cell_id": "r33_c2", "road_length_km": 2.0851, "road_density_km_per_km2": 2.0861}, "geometry": {"type": "Polygon", "coordinates": [[[75.719475, 22.847297], [75.729212, 22.847297], [75.729212, 22.856306], [75.719475, 22.856306], [75.719475, 22.847297]]]}}, {"type": "Feature", "properties": {"layer": "road_density_grid", "cell_id": "r28_c30", "road_length_km": 2.0702, "road_density_km_per_km2": 2.0705}, "geometry": {"type": "Polygon", "coordinates": [[[75.992122, 22.802252], [76.001859, 22.802252], [76.001859, 22.811261], [75.992122, 22.811261], [75.992122, 22.802252]]]}}, {"type": "Feature", "properties": {"layer": "road_density_grid", "cell_id": "r13_c-14", "road_length_km": 2.0663, "road_density_km_per_km2": 2.0646}, "geometry": {"type": "Polygon", "coordinates": [[[75.563677, 22.667117], [75.573414, 22.667117], [75.573414, 22.676126], [75.563677, 22.676126], [75.563677, 22.667117]]]}}, {"type": "Feature", "properties": {"layer": "road_density_grid", "cell_id": "r12_c5", "road_length_km": 2.043, "road_density_km_per_km2": 2.0411}, "geometry": {"type": "Polygon", "coordinates": [[[75.748687, 22.658108], [75.758424, 22.658108], [75.758424, 22.667117], [75.748687, 22.667117], [75.748687, 22.658108]]]}}, {"type": "Feature", "properties": {"layer": "road_density_grid", "cell_id": "r1_c20", "road_length_km": 2.0245, "road_density_km_per_km2": 2.0212}, "geometry": {"type": "Polygon", "coordinates": [[[75.894748, 22.559009], [75.904485, 22.559009], [75.904485, 22.568018], [75.894748, 22.568018], [75.894748, 22.559009]]]}}, {"type": "Feature", "properties": {"layer": "road_density_grid", "cell_id": "r34_c15", "road_length_km": 2.0174, "road_density_km_per_km2": 2.0185}, "geometry": {"type": "Polygon", "coordinates": [[[75.846061, 22.856306], [75.855798, 22.856306], [75.855798, 22.865315], [75.846061, 22.865315], [75.846061, 22.856306]]]}}, {"type": "Feature", "properties": {"layer": "road_density_grid", "cell_id": "r7_c13", "road_length_km": 2.0161, "road_density_km_per_km2": 2.0136}, "geometry": {"type": "Polygon", "coordinates": [[[75.826586, 22.613063], [75.836323, 22.613063], [75.836323, 22.622072], [75.826586, 22.622072], [75.826586, 22.613063]]]}}, {"type": "Feature", "properties": {"layer": "road_density_grid", "cell_id": "r4_c-1", "road_length_km": 2.0157, "road_density_km_per_km2": 2.0128}, "geometry": {"type": "Polygon", "coordinates": [[[75.690263, 22.586036], [75.7, 22.586036], [75.7, 22.595045], [75.690263, 22.595045], [75.690263, 22.586036]]]}}, {"type": "Feature", "properties": {"layer": "road_density_grid", "cell_id": "r14_c-11", "road_length_km": 2.0072, "road_density_km_per_km2": 2.0056}, "geometry": {"type": "Polygon", "coordinates": [[[75.592889, 22.676126], [75.602626, 22.676126], [75.602626, 22.685135], [75.592889, 22.685135], [75.592889, 22.676126]]]}}, {"type": "Feature", "properties": {"layer": "road_density_grid", "cell_id": "r4_c-2", "road_length_km": 2.0054, "road_density_km_per_km2": 2.0026}, "geometry": {"type": "Polygon", "coordinates": [[[75.680525, 22.586036], [75.690263, 22.586036], [75.690263, 22.595045], [75.680525, 22.595045], [75.680525, 22.586036]]]}}, {"type": "Feature", "properties": {"layer": "road_density_grid", "cell_id": "r24_c4", "road_length_km": 1.9911, "road_density_km_per_km2": 1.9909}, "geometry": {"type": "Polygon", "coordinates": [[[75.73895, 22.766216], [75.748687, 22.766216], [75.748687, 22.775225], [75.73895, 22.775225], [75.73895, 22.766216]]]}}, {"type": "Feature", "properties": {"layer": "road_density_grid", "cell_id": "r14_c-10", "road_length_km": 1.988, "road_density_km_per_km2": 1.9864}, "geometry": {"type": "Polygon", "coordinates": [[[75.602626, 22.676126], [75.612364, 22.676126], [75.612364, 22.685135], [75.602626, 22.685135], [75.602626, 22.676126]]]}}, {"type": "Feature", "properties": {"layer": "road_density_grid", "cell_id": "r11_c2", "road_length_km": 1.9868, "road_density_km_per_km2": 1.9849}, "geometry": {"type": "Polygon", "coordinates": [[[75.719475, 22.649099], [75.729212, 22.649099], [75.729212, 22.658108], [75.719475, 22.658108], [75.719475, 22.649099]]]}}, {"type": "Feature", "properties": {"layer": "road_density_grid", "cell_id": "r7_c21", "road_length_km": 1.9728, "road_density_km_per_km2": 1.9704}, "geometry": {"type": "Polygon", "coordinates": [[[75.904485, 22.613063], [75.914223, 22.613063], [75.914223, 22.622072], [75.904485, 22.622072], [75.904485, 22.613063]]]}}, {"type": "Feature", "properties": {"layer": "road_density_grid", "cell_id": "r11_c28", "road_length_km": 1.969, "road_density_km_per_km2": 1.9671}, "geometry": {"type": "Polygon", "coordinates": [[[75.972647, 22.649099], [75.982384, 22.649099], [75.982384, 22.658108], [75.972647, 22.658108], [75.972647, 22.649099]]]}}, {"type": "Feature", "properties": {"layer": "road_density_grid", "cell_id": "r37_c16", "road_length_km": 1.9661, "road_density_km_per_km2": 1.9676}, "geometry": {"type": "Polygon", "coordinates": [[[75.855798, 22.883333], [75.865536, 22.883333], [75.865536, 22.892342], [75.855798, 22.892342], [75.855798, 22.883333]]]}}, {"type": "Feature", "properties": {"layer": "road_density_grid", "cell_id": "r17_c1", "road_length_km": 1.9651, "road_density_km_per_km2": 1.9639}, "geometry": {"type": "Polygon", "coordinates": [[[75.709737, 22.703153], [75.719475, 22.703153], [75.719475, 22.712162], [75.709737, 22.712162], [75.709737, 22.703153]]]}}, {"type": "Feature", "properties": {"layer": "road_density_grid", "cell_id": "r0_c13", "road_length_km": 1.9519, "road_density_km_per_km2": 1.9486}, "geometry": {"type": "Polygon", "coordinates": [[[75.826586, 22.55], [75.836323, 22.55], [75.836323, 22.559009], [75.826586, 22.559009], [75.826586, 22.55]]]}}, {"type": "Feature", "properties": {"layer": "road_density_grid", "cell_id": "r0_c1", "road_length_km": 1.9516, "road_density_km_per_km2": 1.9483}, "geometry": {"type": "Polygon", "coordinates": [[[75.709737, 22.55], [75.719475, 22.55], [75.719475, 22.559009], [75.709737, 22.559009], [75.709737, 22.55]]]}}, {"type": "Feature", "properties": {"layer": "road_density_grid", "cell_id": "r2_c19", "road_length_km": 1.9509, "road_density_km_per_km2": 1.9478}, "geometry": {"type": "Polygon", "coordinates": [[[75.88501, 22.568018], [75.894748, 22.568018], [75.894748, 22.577027], [75.88501, 22.577027], [75.88501, 22.568018]]]}}, {"type": "Feature", "properties": {"layer": "road_density_grid", "cell_id": "r11_c3", "road_length_km": 1.946, "road_density_km_per_km2": 1.9441}, "geometry": {"type": "Polygon", "coordinates": [[[75.729212, 22.649099], [75.73895, 22.649099], [75.73895, 22.658108], [75.729212, 22.658108], [75.729212, 22.649099]]]}}, {"type": "Feature", "properties": {"layer": "road_density_grid", "cell_id": "r35_c16", "road_length_km": 1.9443, "road_density_km_per_km2": 1.9454}, "geometry": {"type": "Polygon", "coordinates": [[[75.855798, 22.865315], [75.865536, 22.865315], [75.865536, 22.874324], [75.855798, 22.874324], [75.855798, 22.865315]]]}}, {"type": "Feature", "properties": {"layer": "road_density_grid", "cell_id": "r25_c4", "road_length_km": 1.9393, "road_density_km_per_km2": 1.9392}, "geometry": {"type": "Polygon", "coordinates": [[[75.73895, 22.775225], [75.748687, 22.775225], [75.748687, 22.784234], [75.73895, 22.784234], [75.73895, 22.775225]]]}}, {"type": "Feature", "properties": {"layer": "road_density_grid", "cell_id": "r32_c12", "road_length_km": 1.9356, "road_density_km_per_km2": 1.9364}, "geometry": {"type": "Polygon", "coordinates": [[[75.816849, 22.838288], [75.826586, 22.838288], [75.826586, 22.847297], [75.816849, 22.847297], [75.816849, 22.838288]]]}}, {"type": "Feature", "properties": {"layer": "road_density_grid", "cell_id": "r13_c-3", "road_length_km": 1.9275, "road_density_km_per_km2": 1.9259}, "geometry": {"type": "Polygon", "coordinates": [[[75.670788, 22.667117], [75.680525, 22.667117], [75.680525, 22.676126], [75.670788, 22.676126], [75.670788, 22.667117]]]}}, {"type": "Feature", "properties": {"layer": "road_density_grid", "cell_id": "r2_c17", "road_length_km": 1.9229, "road_density_km_per_km2": 1.9199}, "geometry": {"type": "Polygon", "coordinates": [[[75.865536, 22.568018], [75.875273, 22.568018], [75.875273, 22.577027], [75.865536, 22.577027], [75.865536, 22.568018]]]}}, {"type": "Feature", "properties": {"layer": "road_density_grid", "cell_id": "r11_c26", "road_length_km": 1.9021, "road_density_km_per_km2": 1.9002}, "geometry": {"type": "Polygon", "coordinates": [[[75.953172, 22.649099], [75.962909, 22.649099], [75.962909, 22.658108], [75.953172, 22.658108], [75.953172, 22.649099]]]}}, {"type": "Feature", "properties": {"layer": "road_density_grid", "cell_id": "r9_c3", "road_length_km": 1.8902, "road_density_km_per_km2": 1.8881}, "geometry": {"type": "Polygon", "coordinates": [[[75.729212, 22.631081], [75.73895, 22.631081], [75.73895, 22.64009], [75.729212, 22.64009], [75.729212, 22.631081]]]}}, {"type": "Feature", "properties": {"layer": "road_density_grid", "cell_id": "r7_c31", "road_length_km": 1.8887, "road_density_km_per_km2": 1.8864}, "geometry": {"type": "Polygon", "coordinates": [[[76.001859, 22.613063], [76.011596, 22.613063], [76.011596, 22.622072], [76.001859, 22.622072], [76.001859, 22.613063]]]}}, {"type": "Feature", "properties": {"layer": "road_density_grid", "cell_id": "r7_c16", "road_length_km": 1.8886, "road_density_km_per_km2": 1.8863}, "geometry": {"type": "Polygon", "coordinates": [[[75.855798, 22.613063], [75.865536, 22.613063], [75.865536, 22.622072], [75.855798, 22.622072], [75.855798, 22.613063]]]}}, {"type": "Feature", "properties": {"layer": "road_density_grid", "cell_id": "r24_c5", "road_length_km": 1.8746, "road_density_km_per_km2": 1.8744}, "geometry": {"type": "Polygon", "coordinates": [[[75.748687, 22.766216], [75.758424, 22.766216], [75.758424, 22.775225], [75.748687, 22.775225], [75.748687, 22.766216]]]}}, {"type": "Feature", "properties": {"layer": "road_density_grid", "cell_id": "r7_c20", "road_length_km": 1.8743, "road_density_km_per_km2": 1.872}, "geometry": {"type": "Polygon", "coordinates": [[[75.894748, 22.613063], [75.904485, 22.613063], [75.904485, 22.622072], [75.894748, 22.622072], [75.894748, 22.613063]]]}}, {"type": "Feature", "properties": {"layer": "road_density_grid", "cell_id": "r13_c-16", "road_length_km": 1.8734, "road_density_km_per_km2": 1.8718}, "geometry": {"type": "Polygon", "coordinates": [[[75.544202, 22.667117], [75.553939, 22.667117], [75.553939, 22.676126], [75.544202, 22.676126], [75.544202, 22.667117]]]}}, {"type": "Feature", "properties": {"layer": "road_density_grid", "cell_id": "r27_c0", "road_length_km": 1.8667, "road_density_km_per_km2": 1.8669}, "geometry": {"type": "Polygon", "coordinates": [[[75.7, 22.793243], [75.709737, 22.793243], [75.709737, 22.802252], [75.7, 22.802252], [75.7, 22.793243]]]}}, {"type": "Feature", "properties": {"layer": "road_density_grid", "cell_id": "r29_c28", "road_length_km": 1.836, "road_density_km_per_km2": 1.8364}, "geometry": {"type": "Polygon", "coordinates": [[[75.972647, 22.811261], [75.982384, 22.811261], [75.982384, 22.82027], [75.972647, 22.82027], [75.972647, 22.811261]]]}}, {"type": "Feature", "properties": {"layer": "road_density_grid", "cell_id": "r28_c8", "road_length_km": 1.8284, "road_density_km_per_km2": 1.8287}, "geometry": {"type": "Polygon", "coordinates": [[[75.777899, 22.802252], [75.787636, 22.802252], [75.787636, 22.811261], [75.777899, 22.811261], [75.777899, 22.802252]]]}}, {"type": "Feature", "properties": {"layer": "road_density_grid", "cell_id": "r33_c19", "road_length_km": 1.8243, "road_density_km_per_km2": 1.8252}, "geometry": {"type": "Polygon", "coordinates": [[[75.88501, 22.847297], [75.894748, 22.847297], [75.894748, 22.856306], [75.88501, 22.856306], [75.88501, 22.847297]]]}}, {"type": "Feature", "properties": {"layer": "road_density_grid", "cell_id": "r1_c18", "road_length_km": 1.8218, "road_density_km_per_km2": 1.8189}, "geometry": {"type": "Polygon", "coordinates": [[[75.875273, 22.559009], [75.88501, 22.559009], [75.88501, 22.568018], [75.875273, 22.568018], [75.875273, 22.559009]]]}}, {"type": "Feature", "properties": {"layer": "road_density_grid", "cell_id": "r39_c16", "road_length_km": 1.8105, "road_density_km_per_km2": 1.812}, "geometry": {"type": "Polygon", "coordinates": [[[75.855798, 22.901351], [75.865536, 22.901351], [75.865536, 22.91036], [75.855798, 22.91036], [75.855798, 22.901351]]]}}, {"type": "Feature", "properties": {"layer": "road_density_grid", "cell_id": "r31_c19", "road_length_km": 1.791, "road_density_km_per_km2": 1.7916}, "geometry": {"type": "Polygon", "coordinates": [[[75.88501, 22.829279], [75.894748, 22.829279], [75.894748, 22.838288], [75.88501, 22.838288], [75.88501, 22.829279]]]}}, {"type": "Feature", "properties": {"layer": "road_density_grid", "cell_id": "r1_c9", "road_length_km": 1.7755, "road_density_km_per_km2": 1.7727}, "geometry": {"type": "Polygon", "coordinates": [[[75.787636, 22.559009], [75.797374, 22.559009], [75.797374, 22.568018], [75.787636, 22.568018], [75.787636, 22.559009]]]}}, {"type": "Feature", "properties": {"layer": "road_density_grid", "cell_id": "r4_c22", "road_length_km": 1.7752, "road_density_km_per_km2": 1.7727}, "geometry": {"type": "Polygon", "coordinates": [[[75.914223, 22.586036], [75.92396, 22.586036], [75.92396, 22.595045], [75.914223, 22.595045], [75.914223, 22.586036]]]}}, {"type": "Feature", "properties": {"layer": "road_density_grid", "cell_id": "r6_c7", "road_length_km": 1.7722, "road_density_km_per_km2": 1.7699}, "geometry": {"type": "Polygon", "coordinates": [[[75.768162, 22.604054], [75.777899, 22.604054], [75.777899, 22.613063], [75.768162, 22.613063], [75.768162, 22.604054]]]}}, {"type": "Feature", "properties": {"layer": "road_density_grid", "cell_id": "r12_c28", "road_length_km": 1.7682, "road_density_km_per_km2": 1.7666}, "geometry": {"type": "Polygon", "coordinates": [[[75.972647, 22.658108], [75.982384, 22.658108], [75.982384, 22.667117], [75.972647, 22.667117], [75.972647, 22.658108]]]}}, {"type": "Feature", "properties": {"layer": "road_density_grid", "cell_id": "r6_c29", "road_length_km": 1.7606, "road_density_km_per_km2": 1.7583}, "geometry": {"type": "Polygon", "coordinates": [[[75.982384, 22.604054], [75.992122, 22.604054], [75.992122, 22.613063], [75.982384, 22.613063], [75.982384, 22.604054]]]}}, {"type": "Feature", "properties": {"layer": "road_density_grid", "cell_id": "r14_c8", "road_length_km": 1.7567, "road_density_km_per_km2": 1.7554}, "geometry": {"type": "Polygon", "coordinates": [[[75.777899, 22.676126], [75.787636, 22.676126], [75.787636, 22.685135], [75.777899, 22.685135], [75.777899, 22.676126]]]}}, {"type": "Feature", "properties": {"layer": "road_density_grid", "cell_id": "r3_c27", "road_length_km": 1.7554, "road_density_km_per_km2": 1.7528}, "geometry": {"type": "Polygon", "coordinates": [[[75.962909, 22.577027], [75.972647, 22.577027], [75.972647, 22.586036], [75.962909, 22.586036], [75.962909, 22.577027]]]}}, {"type": "Feature", "properties": {"layer": "road_density_grid", "cell_id": "r24_c27", "road_length_km": 1.7499, "road_density_km_per_km2": 1.7497}, "geometry": {"type": "Polygon", "coordinates": [[[75.962909, 22.766216], [75.972647, 22.766216], [75.972647, 22.775225], [75.962909, 22.775225], [75.962909, 22.766216]]]}}, {"type": "Feature", "properties": {"layer": "road_density_grid", "cell_id": "r4_c10", "road_length_km": 1.7458, "road_density_km_per_km2": 1.7433}, "geometry": {"type": "Polygon", "coordinates": [[[75.797374, 22.586036], [75.807111, 22.586036], [75.807111, 22.595045], [75.797374, 22.595045], [75.797374, 22.586036]]]}}, {"type": "Feature", "properties": {"layer": "road_density_grid", "cell_id": "r7_c15", "road_length_km": 1.739, "road_density_km_per_km2": 1.7368}, "geometry": {"type": "Polygon", "coordinates": [[[75.846061, 22.613063], [75.855798, 22.613063], [75.855798, 22.622072], [75.846061, 22.622072], [75.846061, 22.613063]]]}}, {"type": "Feature", "properties": {"layer": "road_density_grid", "cell_id": "r16_c3", "road_length_km": 1.7366, "road_density_km_per_km2": 1.7355}, "geometry": {"type": "Polygon", "coordinates": [[[75.729212, 22.694144], [75.73895, 22.694144], [75.73895, 22.703153], [75.729212, 22.703153], [75.729212, 22.694144]]]}}, {"type": "Feature", "properties": {"layer": "road_density_grid", "cell_id": "r31_c1", "road_length_km": 1.7221, "road_density_km_per_km2": 1.7227}, "geometry": {"type": "Polygon", "coordinates": [[[75.709737, 22.829279], [75.719475, 22.829279], [75.719475, 22.838288], [75.709737, 22.838288], [75.709737, 22.829279]]]}}, {"type": "Feature", "properties": {"layer": "road_density_grid", "cell_id": "r13_c-4", "road_length_km": 1.7111, "road_density_km_per_km2": 1.7097}, "geometry": {"type": "Polygon", "coordinates": [[[75.66105, 22.667117], [75.670788, 22.667117], [75.670788, 22.676126], [75.66105, 22.676126], [75.66105, 22.667117]]]}}, {"type": "Feature", "properties": {"layer": "road_density_grid", "cell_id": "r22_c27", "road_length_km": 1.6961, "road_density_km_per_km2": 1.6957}, "geometry": {"type": "Polygon", "coordinates": [[[75.962909, 22.748198], [75.972647, 22.748198], [75.972647, 22.757207], [75.962909, 22.757207], [75.962909, 22.748198]]]}}, {"type": "Feature", "properties": {"layer": "road_density_grid", "cell_id": "r15_c4", "road_length_km": 1.6958, "road_density_km_per_km2": 1.6946}, "geometry": {"type": "Polygon", "coordinates": [[[75.73895, 22.685135], [75.748687, 22.685135], [75.748687, 22.694144], [75.73895, 22.694144], [75.73895, 22.685135]]]}}, {"type": "Feature", "properties": {"layer": "road_density_grid", "cell_id": "r5_c22", "road_length_km": 1.6916, "road_density_km_per_km2": 1.6893}, "geometry": {"type": "Polygon", "coordinates": [[[75.914223, 22.595045], [75.92396, 22.595045], [75.92396, 22.604054], [75.914223, 22.604054], [75.914223, 22.595045]]]}}, {"type": "Feature", "properties": {"layer": "road_density_grid", "cell_id": "r0_c20", "road_length_km": 1.6907, "road_density_km_per_km2": 1.6878}, "geometry": {"type": "Polygon", "coordinates": [[[75.894748, 22.55], [75.904485, 22.55], [75.904485, 22.559009], [75.894748, 22.559009], [75.894748, 22.55]]]}}, {"type": "Feature", "properties": {"layer": "road_density_grid", "cell_id": "r31_c10", "road_length_km": 1.6819, "road_density_km_per_km2": 1.6825}, "geometry": {"type": "Polygon", "coordinates": [[[75.797374, 22.829279], [75.807111, 22.829279], [75.807111, 22.838288], [75.797374, 22.838288], [75.797374, 22.829279]]]}}, {"type": "Feature", "properties": {"layer": "road_density_grid", "cell_id": "r25_c3", "road_length_km": 1.6744, "road_density_km_per_km2": 1.6743}, "geometry": {"type": "Polygon", "coordinates": [[[75.729212, 22.775225], [75.73895, 22.775225], [75.73895, 22.784234], [75.729212, 22.784234], [75.729212, 22.775225]]]}}, {"type": "Feature", "properties": {"layer": "road_density_grid", "cell_id": "r8_c22", "road_length_km": 1.6732, "road_density_km_per_km2": 1.6712}, "geometry": {"type": "Polygon", "coordinates": [[[75.914223, 22.622072], [75.92396, 22.622072], [75.92396, 22.631081], [75.914223, 22.631081], [75.914223, 22.622072]]]}}, {"type": "Feature", "properties": {"layer": "road_density_grid", "cell_id": "r33_c6", "road_length_km": 1.6708, "road_density_km_per_km2": 1.6716}, "geometry": {"type": "Polygon", "coordinates": [[[75.758424, 22.847297], [75.768162, 22.847297], [75.768162, 22.856306], [75.758424, 22.856306], [75.758424, 22.847297]]]}}, {"type": "Feature", "properties": {"layer": "road_density_grid", "cell_id": "r-1_c17", "road_length_km": 1.6683, "road_density_km_per_km2": 1.6654}, "geometry": {"type": "Polygon", "coordinates": [[[75.865536, 22.540991], [75.875273, 22.540991], [75.875273, 22.55], [75.865536, 22.55], [75.865536, 22.540991]]]}}, {"type": "Feature", "properties": {"layer": "road_density_grid", "cell_id": "r28_c7", "road_length_km": 1.6613, "road_density_km_per_km2": 1.6615}, "geometry": {"type": "Polygon", "coordinates": [[[75.768162, 22.802252], [75.777899, 22.802252], [75.777899, 22.811261], [75.768162, 22.811261], [75.768162, 22.802252]]]}}, {"type": "Feature", "properties": {"layer": "road_density_grid", "cell_id": "r20_c2", "road_length_km": 1.6584, "road_density_km_per_km2": 1.6578}, "geometry": {"type": "Polygon", "coordinates": [[[75.719475, 22.73018], [75.729212, 22.73018], [75.729212, 22.739189], [75.719475, 22.739189], [75.719475, 22.73018]]]}}, {"type": "Feature", "properties": {"layer": "road_density_grid", "cell_id": "r34_c0", "road_length_km": 1.6565, "road_density_km_per_km2": 1.6574}, "geometry": {"type": "Polygon", "coordinates": [[[75.7, 22.856306], [75.709737, 22.856306], [75.709737, 22.865315], [75.7, 22.865315], [75.7, 22.856306]]]}}, {"type": "Feature", "properties": {"layer": "road_density_grid", "cell_id": "r28_c29", "road_length_km": 1.6494, "road_density_km_per_km2": 1.6496}, "geometry": {"type": "Polygon", "coordinates": [[[75.982384, 22.802252], [75.992122, 22.802252], [75.992122, 22.811261], [75.982384, 22.811261], [75.982384, 22.802252]]]}}, {"type": "Feature", "properties": {"layer": "road_density_grid", "cell_id": "r13_c-1", "road_length_km": 1.6444, "road_density_km_per_km2": 1.643}, "geometry": {"type": "Polygon", "coordinates": [[[75.690263, 22.667117], [75.7, 22.667117], [75.7, 22.676126], [75.690263, 22.676126], [75.690263, 22.667117]]]}}, {"type": "Feature", "properties": {"layer": "road_density_grid", "cell_id": "r3_c0", "road_length_km": 1.6444, "road_density_km_per_km2": 1.6419}, "geometry": {"type": "Polygon", "coordinates": [[[75.7, 22.577027], [75.709737, 22.577027], [75.709737, 22.586036], [75.7, 22.586036], [75.7, 22.577027]]]}}, {"type": "Feature", "properties": {"layer": "road_density_grid", "cell_id": "r21_c-1", "road_length_km": 1.643, "road_density_km_per_km2": 1.6425}, "geometry": {"type": "Polygon", "coordinates": [[[75.690263, 22.739189], [75.7, 22.739189], [75.7, 22.748198], [75.690263, 22.748198], [75.690263, 22.739189]]]}}, {"type": "Feature", "properties": {"layer": "road_density_grid", "cell_id": "r16_c30", "road_length_km": 1.6417, "road_density_km_per_km2": 1.6406}, "geometry": {"type": "Polygon", "coordinates": [[[75.992122, 22.694144], [76.001859, 22.694144], [76.001859, 22.703153], [75.992122, 22.703153], [75.992122, 22.694144]]]}}, {"type": "Feature", "properties": {"layer": "road_density_grid", "cell_id": "r24_c30", "road_length_km": 1.6373, "road_density_km_per_km2": 1.6372}, "geometry": {"type": "Polygon", "coordinates": [[[75.992122, 22.766216], [76.001859, 22.766216], [76.001859, 22.775225], [75.992122, 22.775225], [75.992122, 22.766216]]]}}, {"type": "Feature", "properties": {"layer": "road_density_grid", "cell_id": "r0_c11", "road_length_km": 1.6372, "road_density_km_per_km2": 1.6345}, "geometry": {"type": "Polygon", "coordinates": [[[75.807111, 22.55], [75.816849, 22.55], [75.816849, 22.559009], [75.807111, 22.559009], [75.807111, 22.55]]]}}, {"type": "Feature", "properties": {"layer": "road_density_grid", "cell_id": "r21_c1", "road_length_km": 1.6295, "road_density_km_per_km2": 1.629}, "geometry": {"type": "Polygon", "coordinates": [[[75.709737, 22.739189], [75.719475, 22.739189], [75.719475, 22.748198], [75.709737, 22.748198], [75.709737, 22.739189]]]}}, {"type": "Feature", "properties": {"layer": "road_density_grid", "cell_id": "r23_c29", "road_length_km": 1.6241, "road_density_km_per_km2": 1.6238}, "geometry": {"type": "Polygon", "coordinates": [[[75.982384, 22.757207], [75.992122, 22.757207], [75.992122, 22.766216], [75.982384, 22.766216], [75.982384, 22.757207]]]}}, {"type": "Feature", "properties": {"layer": "road_density_grid", "cell_id": "r27_c29", "road_length_km": 1.6095, "road_density_km_per_km2": 1.6097}, "geometry": {"type": "Polygon", "coordinates": [[[75.982384, 22.793243], [75.992122, 22.793243], [75.992122, 22.802252], [75.982384, 22.802252], [75.982384, 22.793243]]]}}, {"type": "Feature", "properties": {"layer": "road_density_grid", "cell_id": "r3_c18", "road_length_km": 1.6089, "road_density_km_per_km2": 1.6065}, "geometry": {"type": "Polygon", "coordinates": [[[75.875273, 22.577027], [75.88501, 22.577027], [75.88501, 22.586036], [75.875273, 22.586036], [75.875273, 22.577027]]]}}, {"type": "Feature", "properties": {"layer": "road_density_grid", "cell_id": "r12_c29", "road_length_km": 1.6015, "road_density_km_per_km2": 1.6001}, "geometry": {"type": "Polygon", "coordinates": [[[75.982384, 22.658108], [75.992122, 22.658108], [75.992122, 22.667117], [75.982384, 22.667117], [75.982384, 22.658108]]]}}, {"type": "Feature", "properties": {"layer": "road_density_grid", "cell_id": "r33_c10", "road_length_km": 1.5813, "road_density_km_per_km2": 1.582}, "geometry": {"type": "Polygon", "coordinates": [[[75.797374, 22.847297], [75.807111, 22.847297], [75.807111, 22.856306], [75.797374, 22.856306], [75.797374, 22.847297]]]}}, {"type": "Feature", "properties": {"layer": "road_density_grid", "cell_id": "r28_c3", "road_length_km": 1.5789, "road_density_km_per_km2": 1.5791}, "geometry": {"type": "Polygon", "coordinates": [[[75.729212, 22.802252], [75.73895, 22.802252], [75.73895, 22.811261], [75.729212, 22.811261], [75.729212, 22.802252]]]}}, {"type": "Feature", "properties": {"layer": "road_density_grid", "cell_id": "r27_c7", "road_length_km": 1.5762, "road_density_km_per_km2": 1.5763}, "geometry": {"type": "Polygon", "coordinates": [[[75.768162, 22.793243], [75.777899, 22.793243], [75.777899, 22.802252], [75.768162, 22.802252], [75.768162, 22.793243]]]}}, {"type": "Feature", "properties": {"layer": "road_density_grid", "cell_id": "r2_c16", "road_length_km": 1.5577, "road_density_km_per_km2": 1.5552}, "geometry": {"type": "Polygon", "coordinates": [[[75.855798, 22.568018], [75.865536, 22.568018], [75.865536, 22.577027], [75.855798, 22.577027], [75.855798, 22.568018]]]}}, {"type": "Feature", "properties": {"layer": "road_density_grid", "cell_id": "r5_c7", "road_length_km": 1.5526, "road_density_km_per_km2": 1.5505}, "geometry": {"type": "Polygon", "coordinates": [[[75.768162, 22.595045], [75.777899, 22.595045], [75.777899, 22.604054], [75.768162, 22.604054], [75.768162, 22.595045]]]}}, {"type": "Feature", "properties": {"layer": "road_density_grid", "cell_id": "r18_c26", "road_length_km": 1.5488, "road_density_km_per_km2": 1.548}, "geometry": {"type": "Polygon", "coordinates": [[[75.953172, 22.712162], [75.962909, 22.712162], [75.962909, 22.721171], [75.953172, 22.721171], [75.953172, 22.712162]]]}}, {"type": "Feature", "properties": {"layer": "road_density_grid", "cell_id": "r12_c0", "road_length_km": 1.5475, "road_density_km_per_km2": 1.5461}, "geometry": {"type": "Polygon", "coordinates": [[[75.7, 22.658108], [75.709737, 22.658108], [75.709737, 22.667117], [75.7, 22.667117], [75.7, 22.658108]]]}}, {"type": "Feature", "properties": {"layer": "road_density_grid", "cell_id": "r4_c5", "road_length_km": 1.5443, "road_density_km_per_km2": 1.5421}, "geometry": {"type": "Polygon", "coordinates": [[[75.748687, 22.586036], [75.758424, 22.586036], [75.758424, 22.595045], [75.748687, 22.595045], [75.748687, 22.586036]]]}}, {"type": "Feature", "properties": {"layer": "road_density_grid", "cell_id": "r32_c7", "road_length_km": 1.5425, "road_density_km_per_km2": 1.5431}, "geometry": {"type": "Polygon", "coordinates": [[[75.768162, 22.838288], [75.777899, 22.838288], [75.777899, 22.847297], [75.768162, 22.847297], [75.768162, 22.838288]]]}}, {"type": "Feature", "properties": {"layer": "road_density_grid", "cell_id": "r32_c13", "road_length_km": 1.5414, "road_density_km_per_km2": 1.542}, "geometry": {"type": "Polygon", "coordinates": [[[75.826586, 22.838288], [75.836323, 22.838288], [75.836323, 22.847297], [75.826586, 22.847297], [75.826586, 22.838288]]]}}, {"type": "Feature", "properties": {"layer": "road_density_grid", "cell_id": "r4_c30", "road_length_km": 1.5352, "road_density_km_per_km2": 1.533}, "geometry": {"type": "Polygon", "coordinates": [[[75.992122, 22.586036], [76.001859, 22.586036], [76.001859, 22.595045], [75.992122, 22.595045], [75.992122, 22.586036]]]}}, {"type": "Feature", "properties": {"layer": "road_density_grid", "cell_id": "r3_c15", "road_length_km": 1.5336, "road_density_km_per_km2": 1.5313}, "geometry": {"type": "Polygon", "coordinates": [[[75.846061, 22.577027], [75.855798, 22.577027], [75.855798, 22.586036], [75.846061, 22.586036], [75.846061, 22.577027]]]}}, {"type": "Feature", "properties": {"layer": "road_density_grid", "cell_id": "r-2_c19", "road_length_km": 1.5317, "road_density_km_per_km2": 1.5289}, "geometry": {"type": "Polygon", "coordinates": [[[75.88501, 22.531982], [75.894748, 22.531982], [75.894748, 22.540991], [75.88501, 22.540991], [75.88501, 22.531982]]]}}, {"type": "Feature", "properties": {"layer": "road_density_grid", "cell_id": "r8_c1", "road_length_km": 1.5134, "road_density_km_per_km2": 1.5116}, "geometry": {"type": "Polygon", "coordinates": [[[75.709737, 22.622072], [75.719475, 22.622072], [75.719475, 22.631081], [75.709737, 22.631081], [75.709737, 22.622072]]]}}, {"type": "Feature", "properties": {"layer": "road_density_grid", "cell_id": "r34_c26", "road_length_km": 1.5132, "road_density_km_per_km2": 1.514}, "geometry": {"type": "Polygon", "coordinates": [[[75.953172, 22.856306], [75.962909, 22.856306], [75.962909, 22.865315], [75.953172, 22.865315], [75.953172, 22.856306]]]}}, {"type": "Feature", "properties": {"layer": "road_density_grid", "cell_id": "r10_c23", "road_length_km": 1.5082, "road_density_km_per_km2": 1.5067}, "geometry": {"type": "Polygon", "coordinates": [[[75.92396, 22.64009], [75.933697, 22.64009], [75.933697, 22.649099], [75.92396, 22.649099], [75.92396, 22.64009]]]}}, {"type": "Feature", "properties": {"layer": "road_density_grid", "cell_id": "r11_c0", "road_length_km": 1.5067, "road_density_km_per_km2": 1.5053}, "geometry": {"type": "Polygon", "coordinates": [[[75.7, 22.649099], [75.709737, 22.649099], [75.709737, 22.658108], [75.7, 22.658108], [75.7, 22.649099]]]}}, {"type": "Feature", "properties": {"layer": "road_density_grid", "cell_id": "r20_c3", "road_length_km": 1.5059, "road_density_km_per_km2": 1.5053}, "geometry": {"type": "Polygon", "coordinates": [[[75.729212, 22.73018], [75.73895, 22.73018], [75.73895, 22.739189], [75.729212, 22.739189], [75.729212, 22.73018]]]}}, {"type": "Feature", "properties": {"layer": "road_density_grid", "cell_id": "r3_c22", "road_length_km": 1.5053, "road_density_km_per_km2": 1.503}, "geometry": {"type": "Polygon", "coordinates": [[[75.914223, 22.577027], [75.92396, 22.577027], [75.92396, 22.586036], [75.914223, 22.586036], [75.914223, 22.577027]]]}}, {"type": "Feature", "properties": {"layer": "road_density_grid", "cell_id": "r2_c28", "road_length_km": 1.5044, "road_density_km_per_km2": 1.5021}, "geometry": {"type": "Polygon", "coordinates": [[[75.972647, 22.568018], [75.982384, 22.568018], [75.982384, 22.577027], [75.972647, 22.577027], [75.972647, 22.568018]]]}}, {"type": "Feature", "properties": {"layer": "road_density_grid", "cell_id": "r16_c29", "road_length_km": 1.5041, "road_density_km_per_km2": 1.5032}, "geometry": {"type": "Polygon", "coordinates": [[[75.982384, 22.694144], [75.992122, 22.694144], [75.992122, 22.703153], [75.982384, 22.703153], [75.982384, 22.694144]]]}}, {"type": "Feature", "properties": {"layer": "road_density_grid", "cell_id": "r3_c30", "road_length_km": 1.4967, "road_density_km_per_km2": 1.4944}, "geometry": {"type": "Polygon", "coordinates": [[[75.992122, 22.577027], [76.001859, 22.577027], [76.001859, 22.586036], [75.992122, 22.586036], [75.992122, 22.577027]]]}}, {"type": "Feature", "properties": {"layer": "road_density_grid", "cell_id": "r14_c-1", "road_length_km": 1.4952, "road_density_km_per_km2": 1.4941}, "geometry": {"type": "Polygon", "coordinates": [[[75.690263, 22.676126], [75.7, 22.676126], [75.7, 22.685135], [75.690263, 22.685135], [75.690263, 22.676126]]]}}, {"type": "Feature", "properties": {"layer": "road_density_grid", "cell_id": "r1_c25", "road_length_km": 1.4857, "road_density_km_per_km2": 1.4833}, "geometry": {"type": "Polygon", "coordinates": [[[75.943435, 22.559009], [75.953172, 22.559009], [75.953172, 22.568018], [75.943435, 22.568018], [75.943435, 22.559009]]]}}, {"type": "Feature", "properties": {"layer": "road_density_grid", "cell_id": "r13_c8", "road_length_km": 1.4662, "road_density_km_per_km2": 1.465}, "geometry": {"type": "Polygon", "coordinates": [[[75.777899, 22.667117], [75.787636, 22.667117], [75.787636, 22.676126], [75.777899, 22.676126], [75.777899, 22.667117]]]}}, {"type": "Feature", "properties": {"layer": "road_density_grid", "cell_id": "r30_c7", "road_length_km": 1.463, "road_density_km_per_km2": 1.4634}, "geometry": {"type": "Polygon", "coordinates": [[[75.768162, 22.82027], [75.777899, 22.82027], [75.777899, 22.829279], [75.768162, 22.829279], [75.768162, 22.82027]]]}}, {"type": "Feature", "properties": {"layer": "road_density_grid", "cell_id": "r28_c2", "road_length_km": 1.4616, "road_density_km_per_km2": 1.4618}, "geometry": {"type": "Polygon", "coordinates": [[[75.719475, 22.802252], [75.729212, 22.802252], [75.729212, 22.811261], [75.719475, 22.811261], [75.719475, 22.802252]]]}}, {"type": "Feature", "properties": {"layer": "road_density_grid", "cell_id": "r13_c4", "road_length_km": 1.4575, "road_density_km_per_km2": 1.4563}, "geometry": {"type": "Polygon", "coordinates": [[[75.73895, 22.667117], [75.748687, 22.667117], [75.748687, 22.676126], [75.73895, 22.676126], [75.73895, 22.667117]]]}}, {"type": "Feature", "properties": {"layer": "road_density_grid", "cell_id": "r25_c29", "road_length_km": 1.4565, "road_density_km_per_km2": 1.4564}, "geometry": {"type": "Polygon", "coordinates": [[[75.982384, 22.775225], [75.992122, 22.775225], [75.992122, 22.784234], [75.982384, 22.784234], [75.982384, 22.775225]]]}}, {"type": "Feature", "properties": {"layer": "road_density_grid", "cell_id": "r31_c3", "road_length_km": 1.4524, "road_density_km_per_km2": 1.4529}, "geometry": {"type": "Polygon", "coordinates": [[[75.729212, 22.829279], [75.73895, 22.829279], [75.73895, 22.838288], [75.729212, 22.838288], [75.729212, 22.829279]]]}}, {"type": "Feature", "properties": {"layer": "road_density_grid", "cell_id": "r31_c8", "road_length_km": 1.4406, "road_density_km_per_km2": 1.4411}, "geometry": {"type": "Polygon", "coordinates": [[[75.777899, 22.829279], [75.787636, 22.829279], [75.787636, 22.838288], [75.777899, 22.838288], [75.777899, 22.829279]]]}}, {"type": "Feature", "properties": {"layer": "road_density_grid", "cell_id": "r2_c1", "road_length_km": 1.4388, "road_density_km_per_km2": 1.4365}, "geometry": {"type": "Polygon", "coordinates": [[[75.709737, 22.568018], [75.719475, 22.568018], [75.719475, 22.577027], [75.709737, 22.577027], [75.709737, 22.568018]]]}}, {"type": "Feature", "properties": {"layer": "road_density_grid", "cell_id": "r16_c0", "road_length_km": 1.4349, "road_density_km_per_km2": 1.434}, "geometry": {"type": "Polygon", "coordinates": [[[75.7, 22.694144], [75.709737, 22.694144], [75.709737, 22.703153], [75.7, 22.703153], [75.7, 22.694144]]]}}, {"type": "Feature", "properties": {"layer": "road_density_grid", "cell_id": "r29_c2", "road_length_km": 1.4271, "road_density_km_per_km2": 1.4274}, "geometry": {"type": "Polygon", "coordinates": [[[75.719475, 22.811261], [75.729212, 22.811261], [75.729212, 22.82027], [75.719475, 22.82027], [75.719475, 22.811261]]]}}, {"type": "Feature", "properties": {"layer": "road_density_grid", "cell_id": "r25_c8", "road_length_km": 1.4225, "road_density_km_per_km2": 1.4225}, "geometry": {"type": "Polygon", "coordinates": [[[75.777899, 22.775225], [75.787636, 22.775225], [75.787636, 22.784234], [75.777899, 22.784234], [75.777899, 22.775225]]]}}, {"type": "Feature", "properties": {"layer": "road_density_grid", "cell_id": "r31_c4", "road_length_km": 1.4216, "road_density_km_per_km2": 1.4221}, "geometry": {"type": "Polygon", "coordinates": [[[75.73895, 22.829279], [75.748687, 22.829279], [75.748687, 22.838288], [75.73895, 22.838288], [75.73895, 22.829279]]]}}, {"type": "Feature", "properties": {"layer": "road_density_grid", "cell_id": "r24_c8", "road_length_km": 1.4203, "road_density_km_per_km2": 1.4201}, "geometry": {"type": "Polygon", "coordinates": [[[75.777899, 22.766216], [75.787636, 22.766216], [75.787636, 22.775225], [75.777899, 22.775225], [75.777899, 22.766216]]]}}, {"type": "Feature", "properties": {"layer": "road_density_grid", "cell_id": "r11_c27", "road_length_km": 1.4154, "road_density_km_per_km2": 1.414}, "geometry": {"type": "Polygon", "coordinates": [[[75.962909, 22.649099], [75.972647, 22.649099], [75.972647, 22.658108], [75.962909, 22.658108], [75.962909, 22.649099]]]}}, {"type": "Feature", "properties": {"layer": "road_density_grid", "cell_id": "r12_c1", "road_length_km": 1.3994, "road_density_km_per_km2": 1.3981}, "geometry": {"type": "Polygon", "coordinates": [[[75.709737, 22.658108], [75.719475, 22.658108], [75.719475, 22.667117], [75.709737, 22.667117], [75.709737, 22.658108]]]}}, {"type": "Feature", "properties": {"layer": "road_density_grid", "cell_id": "r31_c20", "road_length_km": 1.3983, "road_density_km_per_km2": 1.3987}, "geometry": {"type": "Polygon", "coordinates": [[[75.894748, 22.829279], [75.904485, 22.829279], [75.904485, 22.838288], [75.894748, 22.838288], [75.894748, 22.829279]]]}}, {"type": "Feature", "properties": {"layer": "road_density_grid", "cell_id": "r-1_c15", "road_length_km": 1.3684, "road_density_km_per_km2": 1.366}, "geometry": {"type": "Polygon", "coordinates": [[[75.846061, 22.540991], [75.855798, 22.540991], [75.855798, 22.55], [75.846061, 22.55], [75.846061, 22.540991]]]}}, {"type": "Feature", "properties": {"layer": "road_density_grid", "cell_id": "r33_c12", "road_length_km": 1.3681, "road_density_km_per_km2": 1.3688}, "geometry": {"type": "Polygon", "coordinates": [[[75.816849, 22.847297], [75.826586, 22.847297], [75.826586, 22.856306], [75.816849, 22.856306], [75.816849, 22.847297]]]}}, {"type": "Feature", "properties": {"layer": "road_density_grid", "cell_id": "r9_c1", "road_length_km": 1.3605, "road_density_km_per_km2": 1.359}, "geometry": {"type": "Polygon", "coordinates": [[[75.709737, 22.631081], [75.719475, 22.631081], [75.719475, 22.64009], [75.709737, 22.64009], [75.709737, 22.631081]]]}}, {"type": "Feature", "properties": {"layer": "road_density_grid", "cell_id": "r18_c2", "road_length_km": 1.3486, "road_density_km_per_km2": 1.3479}, "geometry": {"type": "Polygon", "coordinates": [[[75.719475, 22.712162], [75.729212, 22.712162], [75.729212, 22.721171], [75.719475, 22.721171], [75.719475, 22.712162]]]}}, {"type": "Feature", "properties": {"layer": "road_density_grid", "cell_id": "r10_c32", "road_length_km": 1.348, "road_density_km_per_km2": 1.3466}, "geometry": {"type": "Polygon", "coordinates": [[[76.011596, 22.64009], [76.021334, 22.64009], [76.021334, 22.649099], [76.011596, 22.649099], [76.011596, 22.64009]]]}}, {"type": "Feature", "properties": {"layer": "road_density_grid", "cell_id": "r15_c31", "road_length_km": 1.3478, "road_density_km_per_km2": 1.3468}, "geometry": {"type": "Polygon", "coordinates": [[[76.001859, 22.685135], [76.011596, 22.685135], [76.011596, 22.694144], [76.001859, 22.694144], [76.001859, 22.685135]]]}}, {"type": "Feature", "properties": {"layer": "road_density_grid", "cell_id": "r1_c2", "road_length_km": 1.3354, "road_density_km_per_km2": 1.3332}, "geometry": {"type": "Polygon", "coordinates": [[[75.719475, 22.559009], [75.729212, 22.559009], [75.729212, 22.568018], [75.719475, 22.568018], [75.719475, 22.559009]]]}}, {"type": "Feature", "properties": {"layer": "road_density_grid", "cell_id": "r3_c12", "road_length_km": 1.3316, "road_density_km_per_km2": 1.3296}, "geometry": {"type": "Polygon", "coordinates": [[[75.816849, 22.577027], [75.826586, 22.577027], [75.826586, 22.586036], [75.816849, 22.586036], [75.816849, 22.577027]]]}}, {"type": "Feature", "properties": {"layer": "road_density_grid", "cell_id": "r31_c6", "road_length_km": 1.3163, "road_density_km_per_km2": 1.3168}, "geometry": {"type": "Polygon", "coordinates": [[[75.758424, 22.829279], [75.768162, 22.829279], [75.768162, 22.838288], [75.758424, 22.838288], [75.758424, 22.829279]]]}}, {"type": "Feature", "properties": {"layer": "road_density_grid", "cell_id": "r30_c2", "road_length_km": 1.3158, "road_density_km_per_km2": 1.3161}, "geometry": {"type": "Polygon", "coordinates": [[[75.719475, 22.82027], [75.729212, 22.82027], [75.729212, 22.829279], [75.719475, 22.829279], [75.719475, 22.82027]]]}}, {"type": "Feature", "properties": {"layer": "road_density_grid", "cell_id": "r-1_c16", "road_length_km": 1.3132, "road_density_km_per_km2": 1.3109}, "geometry": {"type": "Polygon", "coordinates": [[[75.855798, 22.540991], [75.865536, 22.540991], [75.865536, 22.55], [75.855798, 22.55], [75.855798, 22.540991]]]}}, {"type": "Feature", "properties": {"layer": "road_density_grid", "cell_id": "r26_c28", "road_length_km": 1.3109, "road_density_km_per_km2": 1.3109}, "geometry": {"type": "Polygon", "coordinates": [[[75.972647, 22.784234], [75.982384, 22.784234], [75.982384, 22.793243], [75.972647, 22.793243], [75.972647, 22.784234]]]}}, {"type": "Feature", "properties": {"layer": "road_density_grid", "cell_id": "r28_c31", "road_length_km": 1.3078, "road_density_km_per_km2": 1.308}, "geometry": {"type": "Polygon", "coordinates": [[[76.001859, 22.802252], [76.011596, 22.802252], [76.011596, 22.811261], [76.001859, 22.811261], [76.001859, 22.802252]]]}}, {"type": "Feature", "properties": {"layer": "road_density_grid", "cell_id": "r5_c18", "road_length_km": 1.2985, "road_density_km_per_km2": 1.2967}, "geometry": {"type": "Polygon", "coordinates": [[[75.875273, 22.595045], [75.88501, 22.595045], [75.88501, 22.604054], [75.875273, 22.604054], [75.875273, 22.595045]]]}}, {"type": "Feature", "properties": {"layer": "road_density_grid", "cell_id": "r12_c3", "road_length_km": 1.2966, "road_density_km_per_km2": 1.2954}, "geometry": {"type": "Polygon", "coordinates": [[[75.729212, 22.658108], [75.73895, 22.658108], [75.73895, 22.667117], [75.729212, 22.667117], [75.729212, 22.658108]]]}}, {"type": "Feature", "properties": {"layer": "road_density_grid", "cell_id": "r29_c5", "road_length_km": 1.2906, "road_density_km_per_km2": 1.2908}, "geometry": {"type": "Polygon", "coordinates": [[[75.748687, 22.811261], [75.758424, 22.811261], [75.758424, 22.82027], [75.748687, 22.82027], [75.748687, 22.811261]]]}}, {"type": "Feature", "properties": {"layer": "road_density_grid", "cell_id": "r43_c15", "road_length_km": 1.2902, "road_density_km_per_km2": 1.2917}, "geometry": {"type": "Polygon", "coordinates": [[[75.846061, 22.937387], [75.855798, 22.937387], [75.855798, 22.946396], [75.846061, 22.946396], [75.846061, 22.937387]]]}}, {"type": "Feature", "properties": {"layer": "road_density_grid", "cell_id": "r8_c31", "road_length_km": 1.28, "road_density_km_per_km2": 1.2785}, "geometry": {"type": "Polygon", "coordinates": [[[76.001859, 22.622072], [76.011596, 22.622072], [76.011596, 22.631081], [76.001859, 22.631081], [76.001859, 22.622072]]]}}, {"type": "Feature", "properties": {"layer": "road_density_grid", "cell_id": "r14_c31", "road_length_km": 1.2795, "road_density_km_per_km2": 1.2785}, "geometry": {"type": "Polygon", "coordinates": [[[76.001859, 22.676126], [76.011596, 22.676126], [76.011596, 22.685135], [76.001859, 22.685135], [76.001859, 22.676126]]]}}, {"type": "Feature", "properties": {"layer": "road_density_grid", "cell_id": "r18_c4", "road_length_km": 1.2773, "road_density_km_per_km2": 1.2767}, "geometry": {"type": "Polygon", "coordinates": [[[75.73895, 22.712162], [75.748687, 22.712162], [75.748687, 22.721171], [75.73895, 22.721171], [75.73895, 22.712162]]]}}, {"type": "Feature", "properties": {"layer": "road_density_grid", "cell_id": "r18_c3", "road_length_km": 1.2754, "road_density_km_per_km2": 1.2748}, "geometry": {"type": "Polygon", "coordinates": [[[75.729212, 22.712162], [75.73895, 22.712162], [75.73895, 22.721171], [75.729212, 22.721171], [75.729212, 22.712162]]]}}, {"type": "Feature", "properties": {"layer": "road_density_grid", "cell_id": "r34_c7", "road_length_km": 1.255, "road_density_km_per_km2": 1.2556}, "geometry": {"type": "Polygon", "coordinates": [[[75.768162, 22.856306], [75.777899, 22.856306], [75.777899, 22.865315], [75.768162, 22.865315], [75.768162, 22.856306]]]}}, {"type": "Feature", "properties": {"layer": "road_density_grid", "cell_id": "r5_c4", "road_length_km": 1.2367, "road_density_km_per_km2": 1.235}, "geometry": {"type": "Polygon", "coordinates": [[[75.73895, 22.595045], [75.748687, 22.595045], [75.748687, 22.604054], [75.73895, 22.604054], [75.73895, 22.595045]]]}}, {"type": "Feature", "properties": {"layer": "road_density_grid", "cell_id": "r10_c4", "road_length_km": 1.232, "road_density_km_per_km2": 1.2307}, "geometry": {"type": "Polygon", "coordinates": [[[75.73895, 22.64009], [75.748687, 22.64009], [75.748687, 22.649099], [75.73895, 22.649099], [75.73895, 22.64009]]]}}, {"type": "Feature", "properties": {"layer": "road_density_grid", "cell_id": "r6_c13", "road_length_km": 1.2299, "road_density_km_per_km2": 1.2283}, "geometry": {"type": "Polygon", "coordinates": [[[75.826586, 22.604054], [75.836323, 22.604054], [75.836323, 22.613063], [75.826586, 22.613063], [75.826586, 22.604054]]]}}, {"type": "Feature", "properties": {"layer": "road_density_grid", "cell_id": "r13_c-13", "road_length_km": 1.2246, "road_density_km_per_km2": 1.2236}, "geometry": {"type": "Polygon", "coordinates": [[[75.573414, 22.667117], [75.583151, 22.667117], [75.583151, 22.676126], [75.573414, 22.676126], [75.573414, 22.667117]]]}}, {"type": "Feature", "properties": {"layer": "road_density_grid", "cell_id": "r36_c9", "road_length_km": 1.2221, "road_density_km_per_km2": 1.2229}, "geometry": {"type": "Polygon", "coordinates": [[[75.787636, 22.874324], [75.797374, 22.874324], [75.797374, 22.883333], [75.787636, 22.883333], [75.787636, 22.874324]]]}}, {"type": "Feature", "properties": {"layer": "road_density_grid", "cell_id": "r31_c21", "road_length_km": 1.2102, "road_density_km_per_km2": 1.2107}, "geometry": {"type": "Polygon", "coordinates": [[[75.904485, 22.829279], [75.914223, 22.829279], [75.914223, 22.838288], [75.904485, 22.838288], [75.904485, 22.829279]]]}}, {"type": "Feature", "properties": {"layer": "road_density_grid", "cell_id": "r22_c4", "road_length_km": 1.2014, "road_density_km_per_km2": 1.2011}, "geometry": {"type": "Polygon", "coordinates": [[[75.73895, 22.748198], [75.748687, 22.748198], [75.748687, 22.757207], [75.73895, 22.757207], [75.73895, 22.748198]]]}}, {"type": "Feature", "properties": {"layer": "road_density_grid", "cell_id": "r29_c3", "road_length_km": 1.1942, "road_density_km_per_km2": 1.1945}, "geometry": {"type": "Polygon", "coordinates": [[[75.729212, 22.811261], [75.73895, 22.811261], [75.73895, 22.82027], [75.729212, 22.82027], [75.729212, 22.811261]]]}}, {"type": "Feature", "properties": {"layer": "road_density_grid", "cell_id": "r22_c-1", "road_length_km": 1.1917, "road_density_km_per_km2": 1.1914}, "geometry": {"type": "Polygon", "coordinates": [[[75.690263, 22.748198], [75.7, 22.748198], [75.7, 22.757207], [75.690263, 22.757207], [75.690263, 22.748198]]]}}, {"type": "Feature", "properties": {"layer": "road_density_grid", "cell_id": "r29_c30", "road_length_km": 1.1883, "road_density_km_per_km2": 1.1885}, "geometry": {"type": "Polygon", "coordinates": [[[75.992122, 22.811261], [76.001859, 22.811261], [76.001859, 22.82027], [75.992122, 22.82027], [75.992122, 22.811261]]]}}, {"type": "Feature", "properties": {"layer": "road_density_grid", "cell_id": "r26_c31", "road_length_km": 1.1852, "road_density_km_per_km2": 1.1852}, "geometry": {"type": "Polygon", "coordinates": [[[76.001859, 22.784234], [76.011596, 22.784234], [76.011596, 22.793243], [76.001859, 22.793243], [76.001859, 22.784234]]]}}, {"type": "Feature", "properties": {"layer": "road_density_grid", "cell_id": "r-2_c20", "road_length_km": 1.1768, "road_density_km_per_km2": 1.1747}, "geometry": {"type": "Polygon", "coordinates": [[[75.894748, 22.531982], [75.904485, 22.531982], [75.904485, 22.540991], [75.894748, 22.540991], [75.894748, 22.531982]]]}}, {"type": "Feature", "properties": {"layer": "road_density_grid", "cell_id": "r25_c-2", "road_length_km": 1.1764, "road_density_km_per_km2": 1.1764}, "geometry": {"type": "Polygon", "coordinates": [[[75.680525, 22.775225], [75.690263, 22.775225], [75.690263, 22.784234], [75.680525, 22.784234], [75.680525, 22.775225]]]}}, {"type": "Feature", "properties": {"layer": "road_density_grid", "cell_id": "r21_c30", "road_length_km": 1.1701, "road_density_km_per_km2": 1.1698}, "geometry": {"type": "Polygon", "coordinates": [[[75.992122, 22.739189], [76.001859, 22.739189], [76.001859, 22.748198], [75.992122, 22.748198], [75.992122, 22.739189]]]}}, {"type": "Feature", "properties": {"layer": "road_density_grid", "cell_id": "r3_c28", "road_length_km": 1.1598, "road_density_km_per_km2": 1.1581}, "geometry": {"type": "Polygon", "coordinates": [[[75.972647, 22.577027], [75.982384, 22.577027], [75.982384, 22.586036], [75.972647, 22.586036], [75.972647, 22.577027]]]}}, {"type": "Feature", "properties": {"layer": "road_density_grid", "cell_id": "r32_c19", "road_length_km": 1.1588, "road_density_km_per_km2": 1.1593}, "geometry": {"type": "Polygon", "coordinates": [[[75.88501, 22.838288], [75.894748, 22.838288], [75.894748, 22.847297], [75.88501, 22.847297], [75.88501, 22.838288]]]}}, {"type": "Feature", "properties": {"layer": "road_density_grid", "cell_id": "r-1_c19", "road_length_km": 1.1536, "road_density_km_per_km2": 1.1515}, "geometry": {"type": "Polygon", "coordinates": [[[75.88501, 22.540991], [75.894748, 22.540991], [75.894748, 22.55], [75.88501, 22.55], [75.88501, 22.540991]]]}}, {"type": "Feature", "properties": {"layer": "road_density_grid", "cell_id": "r23_c-1", "road_length_km": 1.1492, "road_density_km_per_km2": 1.149}, "geometry": {"type": "Polygon", "coordinates": [[[75.690263, 22.757207], [75.7, 22.757207], [75.7, 22.766216], [75.690263, 22.766216], [75.690263, 22.757207]]]}}, {"type": "Feature", "properties": {"layer": "road_density_grid", "cell_id": "r35_c9", "road_length_km": 1.146, "road_density_km_per_km2": 1.1467}, "geometry": {"type": "Polygon", "coordinates": [[[75.787636, 22.865315], [75.797374, 22.865315], [75.797374, 22.874324], [75.787636, 22.874324], [75.787636, 22.865315]]]}}, {"type": "Feature", "properties": {"layer": "road_density_grid", "cell_id": "r1_c14", "road_length_km": 1.145, "road_density_km_per_km2": 1.1432}, "geometry": {"type": "Polygon", "coordinates": [[[75.836323, 22.559009], [75.846061, 22.559009], [75.846061, 22.568018], [75.836323, 22.568018], [75.836323, 22.559009]]]}}, {"type": "Feature", "properties": {"layer": "road_density_grid", "cell_id": "r32_c28", "road_length_km": 1.1435, "road_density_km_per_km2": 1.144}, "geometry": {"type": "Polygon", "coordinates": [[[75.972647, 22.838288], [75.982384, 22.838288], [75.982384, 22.847297], [75.972647, 22.847297], [75.972647, 22.838288]]]}}, {"type": "Feature", "properties": {"layer": "road_density_grid", "cell_id": "r30_c5", "road_length_km": 1.1386, "road_density_km_per_km2": 1.139}, "geometry": {"type": "Polygon", "coordinates": [[[75.748687, 22.82027], [75.758424, 22.82027], [75.758424, 22.829279], [75.748687, 22.829279], [75.748687, 22.82027]]]}}, {"type": "Feature", "properties": {"layer": "road_density_grid", "cell_id": "r2_c26", "road_length_km": 1.1376, "road_density_km_per_km2": 1.1359}, "geometry": {"type": "Polygon", "coordinates": [[[75.953172, 22.568018], [75.962909, 22.568018], [75.962909, 22.577027], [75.953172, 22.577027], [75.953172, 22.568018]]]}}, {"type": "Feature", "properties": {"layer": "road_density_grid", "cell_id": "r40_c15", "road_length_km": 1.1313, "road_density_km_per_km2": 1.1323}, "geometry": {"type": "Polygon", "coordinates": [[[75.846061, 22.91036], [75.855798, 22.91036], [75.855798, 22.919369], [75.846061, 22.919369], [75.846061, 22.91036]]]}}, {"type": "Feature", "properties": {"layer": "road_density_grid", "cell_id": "r30_c3", "road_length_km": 1.1279, "road_density_km_per_km2": 1.1282}, "geometry": {"type": "Polygon", "coordinates": [[[75.729212, 22.82027], [75.73895, 22.82027], [75.73895, 22.829279], [75.729212, 22.829279], [75.729212, 22.82027]]]}}, {"type": "Feature", "properties": {"layer": "road_density_grid", "cell_id": "r37_c9", "road_length_km": 1.1185, "road_density_km_per_km2": 1.1193}, "geometry": {"type": "Polygon", "coordinates": [[[75.787636, 22.883333], [75.797374, 22.883333], [75.797374, 22.892342], [75.787636, 22.892342], [75.787636, 22.883333]]]}}, {"type": "Feature", "properties": {"layer": "road_density_grid", "cell_id": "r24_c-2", "road_length_km": 1.1168, "road_density_km_per_km2": 1.1167}, "geometry": {"type": "Polygon", "coordinates": [[[75.680525, 22.766216], [75.690263, 22.766216], [75.690263, 22.775225], [75.680525, 22.775225], [75.680525, 22.766216]]]}}, {"type": "Feature", "properties": {"layer": "road_density_grid", "cell_id": "r3_c29", "road_length_km": 1.1163, "road_density_km_per_km2": 1.1146}, "geometry": {"type": "Polygon", "coordinates": [[[75.982384, 22.577027], [75.992122, 22.577027], [75.992122, 22.586036], [75.982384, 22.586036], [75.982384, 22.577027]]]}}, {"type": "Feature", "properties": {"layer": "road_density_grid", "cell_id": "r15_c5", "road_length_km": 1.116, "road_density_km_per_km2": 1.1152}, "geometry": {"type": "Polygon", "coordinates": [[[75.748687, 22.685135], [75.758424, 22.685135], [75.758424, 22.694144], [75.748687, 22.694144], [75.748687, 22.685135]]]}}, {"type": "Feature", "properties": {"layer": "road_density_grid", "cell_id": "r33_c11", "road_length_km": 1.1128, "road_density_km_per_km2": 1.1133}, "geometry": {"type": "Polygon", "coordinates": [[[75.807111, 22.847297], [75.816849, 22.847297], [75.816849, 22.856306], [75.807111, 22.856306], [75.807111, 22.847297]]]}}, {"type": "Feature", "properties": {"layer": "road_density_grid", "cell_id": "r33_c9", "road_length_km": 1.1051, "road_density_km_per_km2": 1.1057}, "geometry": {"type": "Polygon", "coordinates": [[[75.787636, 22.847297], [75.797374, 22.847297], [75.797374, 22.856306], [75.787636, 22.856306], [75.787636, 22.847297]]]}}, {"type": "Feature", "properties": {"layer": "road_density_grid", "cell_id": "r34_c4", "road_length_km": 1.1031, "road_density_km_per_km2": 1.1037}, "geometry": {"type": "Polygon", "coordinates": [[[75.73895, 22.856306], [75.748687, 22.856306], [75.748687, 22.865315], [75.73895, 22.865315], [75.73895, 22.856306]]]}}, {"type": "Feature", "properties": {"layer": "road_density_grid", "cell_id": "r35_c23", "road_length_km": 1.1009, "road_density_km_per_km2": 1.1016}, "geometry": {"type": "Polygon", "coordinates": [[[75.92396, 22.865315], [75.933697, 22.865315], [75.933697, 22.874324], [75.92396, 22.874324], [75.92396, 22.865315]]]}}, {"type": "Feature", "properties": {"layer": "road_density_grid", "cell_id": "r13_c31", "road_length_km": 1.096, "road_density_km_per_km2": 1.0951}, "geometry": {"type": "Polygon", "coordinates": [[[76.001859, 22.667117], [76.011596, 22.667117], [76.011596, 22.676126], [76.001859, 22.676126], [76.001859, 22.667117]]]}}, {"type": "Feature", "properties": {"layer": "road_density_grid", "cell_id": "r25_c30", "road_length_km": 1.0957, "road_density_km_per_km2": 1.0956}, "geometry": {"type": "Polygon", "coordinates": [[[75.992122, 22.775225], [76.001859, 22.775225], [76.001859, 22.784234], [75.992122, 22.784234], [75.992122, 22.775225]]]}}, {"type": "Feature", "properties": {"layer": "road_density_grid", "cell_id": "r38_c4", "road_length_km": 1.0935, "road_density_km_per_km2": 1.0944}, "geometry": {"type": "Polygon", "coordinates": [[[75.73895, 22.892342], [75.748687, 22.892342], [75.748687, 22.901351], [75.73895, 22.901351], [75.73895, 22.892342]]]}}, {"type": "Feature", "properties": {"layer": "road_density_grid", "cell_id": "r-2_c18", "road_length_km": 1.0911, "road_density_km_per_km2": 1.0892}, "geometry": {"type": "Polygon", "coordinates": [[[75.875273, 22.531982], [75.88501, 22.531982], [75.88501, 22.540991], [75.875273, 22.540991], [75.875273, 22.531982]]]}}, {"type": "Feature", "properties": {"layer": "road_density_grid", "cell_id": "r33_c21", "road_length_km": 1.0873, "road_density_km_per_km2": 1.0878}, "geometry": {"type": "Polygon", "coordinates": [[[75.904485, 22.847297], [75.914223, 22.847297], [75.914223, 22.856306], [75.904485, 22.856306], [75.904485, 22.847297]]]}}, {"type": "Feature", "properties": {"layer": "road_density_grid", "cell_id": "r14_c-7", "road_length_km": 1.0866, "road_density_km_per_km2": 1.0857}, "geometry": {"type": "Polygon", "coordinates": [[[75.631838, 22.676126], [75.641576, 22.676126], [75.641576, 22.685135], [75.631838, 22.685135], [75.631838, 22.676126]]]}}, {"type": "Feature", "properties": {"layer": "road_density_grid", "cell_id": "r41_c15", "road_length_km": 1.0863, "road_density_km_per_km2": 1.0874}, "geometry": {"type": "Polygon", "coordinates": [[[75.846061, 22.919369], [75.855798, 22.919369], [75.855798, 22.928378], [75.846061, 22.928378], [75.846061, 22.919369]]]}}, {"type": "Feature", "properties": {"layer": "road_density_grid", "cell_id": "r1_c13", "road_length_km": 1.0849, "road_density_km_per_km2": 1.0831}, "geometry": {"type": "Polygon", "coordinates": [[[75.826586, 22.559009], [75.836323, 22.559009], [75.836323, 22.568018], [75.826586, 22.568018], [75.826586, 22.559009]]]}}, {"type": "Feature", "properties": {"layer": "road_density_grid", "cell_id": "r33_c28", "road_length_km": 1.0843, "road_density_km_per_km2": 1.0848}, "geometry": {"type": "Polygon", "coordinates": [[[75.972647, 22.847297], [75.982384, 22.847297], [75.982384, 22.856306], [75.972647, 22.856306], [75.972647, 22.847297]]]}}, {"type": "Feature", "properties": {"layer": "road_density_grid", "cell_id": "r2_c13", "road_length_km": 1.0817, "road_density_km_per_km2": 1.08}, "geometry": {"type": "Polygon", "coordinates": [[[75.826586, 22.568018], [75.836323, 22.568018], [75.836323, 22.577027], [75.826586, 22.577027], [75.826586, 22.568018]]]}}, {"type": "Feature", "properties": {"layer": "road_density_grid", "cell_id": "r20_c5", "road_length_km": 1.0757, "road_density_km_per_km2": 1.0753}, "geometry": {"type": "Polygon", "coordinates": [[[75.748687, 22.73018], [75.758424, 22.73018], [75.758424, 22.739189], [75.748687, 22.739189], [75.748687, 22.73018]]]}}, {"type": "Feature", "properties": {"layer": "road_density_grid", "cell_id": "r29_c13", "road_length_km": 1.0743, "road_density_km_per_km2": 1.0745}, "geometry": {"type": "Polygon", "coordinates": [[[75.826586, 22.811261], [75.836323, 22.811261], [75.836323, 22.82027], [75.826586, 22.82027], [75.826586, 22.811261]]]}}, {"type": "Feature", "properties": {"layer": "road_density_grid", "cell_id": "r7_c23", "road_length_km": 1.0718, "road_density_km_per_km2": 1.0705}, "geometry": {"type": "Polygon", "coordinates": [[[75.92396, 22.613063], [75.933697, 22.613063], [75.933697, 22.622072], [75.92396, 22.622072], [75.92396, 22.613063]]]}}, {"type": "Feature", "properties": {"layer": "road_density_grid", "cell_id": "r8_c32", "road_length_km": 1.0662, "road_density_km_per_km2": 1.0649}, "geometry": {"type": "Polygon", "coordinates": [[[76.011596, 22.622072], [76.021334, 22.622072], [76.021334, 22.631081], [76.011596, 22.631081], [76.011596, 22.622072]]]}}, {"type": "Feature", "properties": {"layer": "road_density_grid", "cell_id": "r-1_c21", "road_length_km": 1.0639, "road_density_km_per_km2": 1.062}, "geometry": {"type": "Polygon", "coordinates": [[[75.904485, 22.540991], [75.914223, 22.540991], [75.914223, 22.55], [75.904485, 22.55], [75.904485, 22.540991]]]}}, {"type": "Feature", "properties": {"layer": "road_density_grid", "cell_id": "r0_c24", "road_length_km": 1.0612, "road_density_km_per_km2": 1.0594}, "geometry": {"type": "Polygon", "coordinates": [[[75.933697, 22.55], [75.943435, 22.55], [75.943435, 22.559009], [75.933697, 22.559009], [75.933697, 22.55]]]}}, {"type": "Feature", "properties": {"layer": "road_density_grid", "cell_id": "r4_c3", "road_length_km": 1.061, "road_density_km_per_km2": 1.0595}, "geometry": {"type": "Polygon", "coordinates": [[[75.729212, 22.586036], [75.73895, 22.586036], [75.73895, 22.595045], [75.729212, 22.595045], [75.729212, 22.586036]]]}}, {"type": "Feature", "properties": {"layer": "road_density_grid", "cell_id": "r32_c3", "road_length_km": 1.0526, "road_density_km_per_km2": 1.053}, "geometry": {"type": "Polygon", "coordinates": [[[75.729212, 22.838288], [75.73895, 22.838288], [75.73895, 22.847297], [75.729212, 22.847297], [75.729212, 22.838288]]]}}, {"type": "Feature", "properties": {"layer": "road_density_grid", "cell_id": "r30_c17", "road_length_km": 1.0508, "road_density_km_per_km2": 1.0511}, "geometry": {"type": "Polygon", "coordinates": [[[75.865536, 22.82027], [75.875273, 22.82027], [75.875273, 22.829279], [75.865536, 22.829279], [75.865536, 22.82027]]]}}, {"type": "Feature", "properties": {"layer": "road_density_grid", "cell_id": "r30_c30", "road_length_km": 1.049, "road_density_km_per_km2": 1.0493}, "geometry": {"type": "Polygon", "coordinates": [[[75.992122, 22.82027], [76.001859, 22.82027], [76.001859, 22.829279], [75.992122, 22.829279], [75.992122, 22.82027]]]}}, {"type": "Feature", "properties": {"layer": "road_density_grid", "cell_id": "r15_c0", "road_length_km": 1.0487, "road_density_km_per_km2": 1.0479}, "geometry": {"type": "Polygon", "coordinates": [[[75.7, 22.685135], [75.709737, 22.685135], [75.709737, 22.694144], [75.7, 22.694144], [75.7, 22.685135]]]}}, {"type": "Feature", "properties": {"layer": "road_density_grid", "cell_id": "r4_c17", "road_length_km": 1.0485, "road_density_km_per_km2": 1.047}, "geometry": {"type": "Polygon", "coordinates": [[[75.865536, 22.586036], [75.875273, 22.586036], [75.875273, 22.595045], [75.865536, 22.595045], [75.865536, 22.586036]]]}}, {"type": "Feature", "properties": {"layer": "road_density_grid", "cell_id": "r29_c9", "road_length_km": 1.045, "road_density_km_per_km2": 1.0452}, "geometry": {"type": "Polygon", "coordinates": [[[75.787636, 22.811261], [75.797374, 22.811261], [75.797374, 22.82027], [75.787636, 22.82027], [75.787636, 22.811261]]]}}, {"type": "Feature", "properties": {"layer": "road_density_grid", "cell_id": "r-1_c6", "road_length_km": 1.0449, "road_density_km_per_km2": 1.043}, "geometry": {"type": "Polygon", "coordinates": [[[75.758424, 22.540991], [75.768162, 22.540991], [75.768162, 22.55], [75.758424, 22.55], [75.758424, 22.540991]]]}}, {"type": "Feature", "properties": {"layer": "road_density_grid", "cell_id": "r35_c8", "road_length_km": 1.0435, "road_density_km_per_km2": 1.0441}, "geometry": {"type": "Polygon", "coordinates": [[[75.777899, 22.865315], [75.787636, 22.865315], [75.787636, 22.874324], [75.777899, 22.874324], [75.777899, 22.865315]]]}}, {"type": "Feature", "properties": {"layer": "road_density_grid", "cell_id": "r33_c1", "road_length_km": 1.0414, "road_density_km_per_km2": 1.0419}, "geometry": {"type": "Polygon", "coordinates": [[[75.709737, 22.847297], [75.719475, 22.847297], [75.719475, 22.856306], [75.709737, 22.856306], [75.709737, 22.847297]]]}}, {"type": "Feature", "properties": {"layer": "road_density_grid", "cell_id": "r4_c2", "road_length_km": 1.0338, "road_density_km_per_km2": 1.0324}, "geometry": {"type": "Polygon", "coordinates": [[[75.719475, 22.586036], [75.729212, 22.586036], [75.729212, 22.595045], [75.719475, 22.595045], [75.719475, 22.586036]]]}}, {"type": "Feature", "properties": {"layer": "road_density_grid", "cell_id": "r32_c10", "road_length_km": 1.0296, "road_density_km_per_km2": 1.0301}, "geometry": {"type": "Polygon", "coordinates": [[[75.797374, 22.838288], [75.807111, 22.838288], [75.807111, 22.847297], [75.797374, 22.847297], [75.797374, 22.838288]]]}}, {"type": "Feature", "properties": {"layer": "road_density_grid", "cell_id": "r28_c0", "road_length_km": 1.0287, "road_density_km_per_km2": 1.0289}, "geometry": {"type": "Polygon", "coordinates": [[[75.7, 22.802252], [75.709737, 22.802252], [75.709737, 22.811261], [75.7, 22.811261], [75.7, 22.802252]]]}}, {"type": "Feature", "properties": {"layer": "road_density_grid", "cell_id": "r33_c5", "road_length_km": 1.0279, "road_density_km_per_km2": 1.0284}, "geometry": {"type": "Polygon", "coordinates": [[[75.748687, 22.847297], [75.758424, 22.847297], [75.758424, 22.856306], [75.748687, 22.856306], [75.748687, 22.847297]]]}}, {"type": "Feature", "properties": {"layer": "road_density_grid", "cell_id": "r36_c4", "road_length_km": 1.024, "road_density_km_per_km2": 1.0247}, "geometry": {"type": "Polygon", "coordinates": [[[75.73895, 22.874324], [75.748687, 22.874324], [75.748687, 22.883333], [75.73895, 22.883333], [75.73895, 22.874324]]]}}, {"type": "Feature", "properties": {"layer": "road_density_grid", "cell_id": "r31_c2", "road_length_km": 1.0236, "road_density_km_per_km2": 1.0239}, "geometry": {"type": "Polygon", "coordinates": [[[75.719475, 22.829279], [75.729212, 22.829279], [75.729212, 22.838288], [75.719475, 22.838288], [75.719475, 22.829279]]]}}, {"type": "Feature", "properties": {"layer": "road_density_grid", "cell_id": "r32_c21", "road_length_km": 1.0226, "road_density_km_per_km2": 1.023}, "geometry": {"type": "Polygon", "coordinates": [[[75.904485, 22.838288], [75.914223, 22.838288], [75.914223, 22.847297], [75.904485, 22.847297], [75.904485, 22.838288]]]}}, {"type": "Feature", "properties": {"layer": "road_density_grid", "cell_id": "r32_c30", "road_length_km": 1.0192, "road_density_km_per_km2": 1.0196}, "geometry": {"type": "Polygon", "coordinates": [[[75.992122, 22.838288], [76.001859, 22.838288], [76.001859, 22.847297], [75.992122, 22.847297], [75.992122, 22.838288]]]}}, {"type": "Feature", "properties": {"layer": "road_density_grid", "cell_id": "r37_c4", "road_length_km": 1.0127, "road_density_km_per_km2": 1.0134}, "geometry": {"type": "Polygon", "coordinates": [[[75.73895, 22.883333], [75.748687, 22.883333], [75.748687, 22.892342], [75.73895, 22.892342], [75.73895, 22.883333]]]}}, {"type": "Feature", "properties": {"layer": "road_density_grid", "cell_id": "r32_c9", "road_length_km": 1.0113, "road_density_km_per_km2": 1.0117}, "geometry": {"type": "Polygon", "coordinates": [[[75.787636, 22.838288], [75.797374, 22.838288], [75.797374, 22.847297], [75.787636, 22.847297], [75.787636, 22.838288]]]}}, {"type": "Feature", "properties": {"layer": "road_density_grid", "cell_id": "r10_c31", "road_length_km": 1.0104, "road_density_km_per_km2": 1.0094}, "geometry": {"type": "Polygon", "coordinates": [[[76.001859, 22.64009], [76.011596, 22.64009], [76.011596, 22.649099], [76.001859, 22.649099], [76.001859, 22.64009]]]}}, {"type": "Feature", "properties": {"layer": "road_density_grid", "cell_id": "r-2_c21", "road_length_km": 1.0075, "road_density_km_per_km2": 1.0057}, "geometry": {"type": "Polygon", "coordinates": [[[75.904485, 22.531982], [75.914223, 22.531982], [75.914223, 22.540991], [75.904485, 22.540991], [75.904485, 22.531982]]]}}, {"type": "Feature", "properties": {"layer": "road_density_grid", "cell_id": "r33_c17", "road_length_km": 1.0029, "road_density_km_per_km2": 1.0034}, "geometry": {"type": "Polygon", "coordinates": [[[75.865536, 22.847297], [75.875273, 22.847297], [75.875273, 22.856306], [75.865536, 22.856306], [75.865536, 22.847297]]]}}, {"type": "Feature", "properties": {"layer": "road_density_grid", "cell_id": "r40_c16", "road_length_km": 1.0027, "road_density_km_per_km2": 1.0037}, "geometry": {"type": "Polygon", "coordinates": [[[75.855798, 22.91036], [75.865536, 22.91036], [75.865536, 22.919369], [75.855798, 22.919369], [75.855798, 22.91036]]]}}, {"type": "Feature", "properties": {"layer": "road_density_grid", "cell_id": "r2_c21", "road_length_km": 1.0025, "road_density_km_per_km2": 1.0009}, "geometry": {"type": "Polygon", "coordinates": [[[75.904485, 22.568018], [75.914223, 22.568018], [75.914223, 22.577027], [75.904485, 22.577027], [75.904485, 22.568018]]]}}, {"type": "Feature", "properties": {"layer": "road_density_grid", "cell_id": "r33_c30", "road_length_km": 0.998, "road_density_km_per_km2": 0.9985}, "geometry": {"type": "Polygon", "coordinates": [[[75.992122, 22.847297], [76.001859, 22.847297], [76.001859, 22.856306], [75.992122, 22.856306], [75.992122, 22.847297]]]}}, {"type": "Feature", "properties": {"layer": "road_density_grid", "cell_id": "r31_c32", "road_length_km": 0.9925, "road_density_km_per_km2": 0.9928}, "geometry": {"type": "Polygon", "coordinates": [[[76.011596, 22.829279], [76.021334, 22.829279], [76.021334, 22.838288], [76.011596, 22.838288], [76.011596, 22.829279]]]}}, {"type": "Feature", "properties": {"layer": "road_density_grid", "cell_id": "r26_c-2", "road_length_km": 0.9892, "road_density_km_per_km2": 0.9892}, "geometry": {"type": "Polygon", "coordinates": [[[75.680525, 22.784234], [75.690263, 22.784234], [75.690263, 22.793243], [75.680525, 22.793243], [75.680525, 22.784234]]]}}, {"type": "Feature", "properties": {"layer": "road_density_grid", "cell_id": "r31_c31", "road_length_km": 0.9863, "road_density_km_per_km2": 0.9867}, "geometry": {"type": "Polygon", "coordinates": [[[76.001859, 22.829279], [76.011596, 22.829279], [76.011596, 22.838288], [76.001859, 22.838288], [76.001859, 22.829279]]]}}, {"type": "Feature", "properties": {"layer": "road_density_grid", "cell_id": "r32_c6", "road_length_km": 0.9741, "road_density_km_per_km2": 0.9745}, "geometry": {"type": "Polygon", "coordinates": [[[75.758424, 22.838288], [75.768162, 22.838288], [75.768162, 22.847297], [75.758424, 22.847297], [75.758424, 22.838288]]]}}, {"type": "Feature", "properties": {"layer": "road_density_grid", "cell_id": "r0_c18", "road_length_km": 0.9722, "road_density_km_per_km2": 0.9706}, "geometry": {"type": "Polygon", "coordinates": [[[75.875273, 22.55], [75.88501, 22.55], [75.88501, 22.559009], [75.875273, 22.559009], [75.875273, 22.55]]]}}, {"type": "Feature", "properties": {"layer": "road_density_grid", "cell_id": "r35_c4", "road_length_km": 0.9713, "road_density_km_per_km2": 0.9719}, "geometry": {"type": "Polygon", "coordinates": [[[75.73895, 22.865315], [75.748687, 22.865315], [75.748687, 22.874324], [75.73895, 22.874324], [75.73895, 22.865315]]]}}, {"type": "Feature", "properties": {"layer": "road_density_grid", "cell_id": "r15_c33", "road_length_km": 0.9682, "road_density_km_per_km2": 0.9675}, "geometry": {"type": "Polygon", "coordinates": [[[76.021334, 22.685135], [76.031071, 22.685135], [76.031071, 22.694144], [76.021334, 22.694144], [76.021334, 22.685135]]]}}, {"type": "Feature", "properties": {"layer": "road_density_grid", "cell_id": "r32_c14", "road_length_km": 0.9677, "road_density_km_per_km2": 0.9681}, "geometry": {"type": "Polygon", "coordinates": [[[75.836323, 22.838288], [75.846061, 22.838288], [75.846061, 22.847297], [75.836323, 22.847297], [75.836323, 22.838288]]]}}, {"type": "Feature", "properties": {"layer": "road_density_grid", "cell_id": "r33_c3", "road_length_km": 0.9652, "road_density_km_per_km2": 0.9656}, "geometry": {"type": "Polygon", "coordinates": [[[75.729212, 22.847297], [75.73895, 22.847297], [75.73895, 22.856306], [75.729212, 22.856306], [75.729212, 22.847297]]]}}, {"type": "Feature", "properties": {"layer": "road_density_grid", "cell_id": "r42_c15", "road_length_km": 0.9599, "road_density_km_per_km2": 0.9609}, "geometry": {"type": "Polygon", "coordinates": [[[75.846061, 22.928378], [75.855798, 22.928378], [75.855798, 22.937387], [75.846061, 22.937387], [75.846061, 22.928378]]]}}, {"type": "Feature", "properties": {"layer": "road_density_grid", "cell_id": "r33_c7", "road_length_km": 0.9493, "road_density_km_per_km2": 0.9498}, "geometry": {"type": "Polygon", "coordinates": [[[75.768162, 22.847297], [75.777899, 22.847297], [75.777899, 22.856306], [75.768162, 22.856306], [75.768162, 22.847297]]]}}, {"type": "Feature", "properties": {"layer": "road_density_grid", "cell_id": "r34_c23", "road_length_km": 0.9451, "road_density_km_per_km2": 0.9456}, "geometry": {"type": "Polygon", "coordinates": [[[75.92396, 22.856306], [75.933697, 22.856306], [75.933697, 22.865315], [75.92396, 22.865315], [75.92396, 22.856306]]]}}, {"type": "Feature", "properties": {"layer": "road_density_grid", "cell_id": "r6_c30", "road_length_km": 0.937, "road_density_km_per_km2": 0.9358}, "geometry": {"type": "Polygon", "coordinates": [[[75.992122, 22.604054], [76.001859, 22.604054], [76.001859, 22.613063], [75.992122, 22.613063], [75.992122, 22.604054]]]}}, {"type": "Feature", "properties": {"layer": "road_density_grid", "cell_id": "r25_c5", "road_length_km": 0.9363, "road_density_km_per_km2": 0.9363}, "geometry": {"type": "Polygon", "coordinates": [[[75.748687, 22.775225], [75.758424, 22.775225], [75.758424, 22.784234], [75.748687, 22.784234], [75.748687, 22.775225]]]}}, {"type": "Feature", "properties": {"layer": "road_density_grid", "cell_id": "r2_c22", "road_length_km": 0.9309, "road_density_km_per_km2": 0.9294}, "geometry": {"type": "Polygon", "coordinates": [[[75.914223, 22.568018], [75.92396, 22.568018], [75.92396, 22.577027], [75.914223, 22.577027], [75.914223, 22.568018]]]}}, {"type": "Feature", "properties": {"layer": "road_density_grid", "cell_id": "r30_c19", "road_length_km": 0.9203, "road_density_km_per_km2": 0.9206}, "geometry": {"type": "Polygon", "coordinates": [[[75.88501, 22.82027], [75.894748, 22.82027], [75.894748, 22.829279], [75.88501, 22.829279], [75.88501, 22.82027]]]}}, {"type": "Feature", "properties": {"layer": "road_density_grid", "cell_id": "r24_c3", "road_length_km": 0.9175, "road_density_km_per_km2": 0.9174}, "geometry": {"type": "Polygon", "coordinates": [[[75.729212, 22.766216], [75.73895, 22.766216], [75.73895, 22.775225], [75.729212, 22.775225], [75.729212, 22.766216]]]}}, {"type": "Feature", "properties": {"layer": "road_density_grid", "cell_id": "r31_c29", "road_length_km": 0.9016, "road_density_km_per_km2": 0.9019}, "geometry": {"type": "Polygon", "coordinates": [[[75.982384, 22.829279], [75.992122, 22.829279], [75.992122, 22.838288], [75.982384, 22.838288], [75.982384, 22.829279]]]}}, {"type": "Feature", "properties": {"layer": "road_density_grid", "cell_id": "r18_c1", "road_length_km": 0.8966, "road_density_km_per_km2": 0.8961}, "geometry": {"type": "Polygon", "coordinates": [[[75.709737, 22.712162], [75.719475, 22.712162], [75.719475, 22.721171], [75.709737, 22.721171], [75.709737, 22.712162]]]}}, {"type": "Feature", "properties": {"layer": "road_density_grid", "cell_id": "r31_c28", "road_length_km": 0.8933, "road_density_km_per_km2": 0.8936}, "geometry": {"type": "Polygon", "coordinates": [[[75.972647, 22.829279], [75.982384, 22.829279], [75.982384, 22.838288], [75.972647, 22.838288], [75.972647, 22.829279]]]}}, {"type": "Feature", "properties": {"layer": "road_density_grid", "cell_id": "r15_c-7", "road_length_km": 0.89, "road_density_km_per_km2": 0.8894}, "geometry": {"type": "Polygon", "coordinates": [[[75.631838, 22.685135], [75.641576, 22.685135], [75.641576, 22.694144], [75.631838, 22.694144], [75.631838, 22.685135]]]}}, {"type": "Feature", "properties": {"layer": "road_density_grid", "cell_id": "r36_c23", "road_length_km": 0.8859, "road_density_km_per_km2": 0.8865}, "geometry": {"type": "Polygon", "coordinates": [[[75.92396, 22.874324], [75.933697, 22.874324], [75.933697, 22.883333], [75.92396, 22.883333], [75.92396, 22.874324]]]}}, {"type": "Feature", "properties": {"layer": "road_density_grid", "cell_id": "r16_c31", "road_length_km": 0.8849, "road_density_km_per_km2": 0.8843}, "geometry": {"type": "Polygon", "coordinates": [[[76.001859, 22.694144], [76.011596, 22.694144], [76.011596, 22.703153], [76.001859, 22.703153], [76.001859, 22.694144]]]}}, {"type": "Feature", "properties": {"layer": "road_density_grid", "cell_id": "r30_c33", "road_length_km": 0.8774, "road_density_km_per_km2": 0.8776}, "geometry": {"type": "Polygon", "coordinates": [[[76.021334, 22.82027], [76.031071, 22.82027], [76.031071, 22.829279], [76.021334, 22.829279], [76.021334, 22.82027]]]}}, {"type": "Feature", "properties": {"layer": "road_density_grid", "cell_id": "r10_c28", "road_length_km": 0.8765, "road_density_km_per_km2": 0.8756}, "geometry": {"type": "Polygon", "coordinates": [[[75.972647, 22.64009], [75.982384, 22.64009], [75.982384, 22.649099], [75.972647, 22.649099], [75.972647, 22.64009]]]}}, {"type": "Feature", "properties": {"layer": "road_density_grid", "cell_id": "r2_c31", "road_length_km": 0.876, "road_density_km_per_km2": 0.8747}, "geometry": {"type": "Polygon", "coordinates": [[[76.001859, 22.568018], [76.011596, 22.568018], [76.011596, 22.577027], [76.001859, 22.577027], [76.001859, 22.568018]]]}}, {"type": "Feature", "properties": {"layer": "road_density_grid", "cell_id": "r20_c-1", "road_length_km": 0.8755, "road_density_km_per_km2": 0.8752}, "geometry": {"type": "Polygon", "coordinates": [[[75.690263, 22.73018], [75.7, 22.73018], [75.7, 22.739189], [75.690263, 22.739189], [75.690263, 22.73018]]]}}, {"type": "Feature", "properties": {"layer": "road_density_grid", "cell_id": "r31_c22", "road_length_km": 0.871, "road_density_km_per_km2": 0.8713}, "geometry": {"type": "Polygon", "coordinates": [[[75.914223, 22.829279], [75.92396, 22.829279], [75.92396, 22.838288], [75.914223, 22.838288], [75.914223, 22.829279]]]}}, {"type": "Feature", "properties": {"layer": "road_density_grid", "cell_id": "r33_c14", "road_length_km": 0.8661, "road_density_km_per_km2": 0.8665}, "geometry": {"type": "Polygon", "coordinates": [[[75.836323, 22.847297], [75.846061, 22.847297], [75.846061, 22.856306], [75.836323, 22.856306], [75.836323, 22.847297]]]}}, {"type": "Feature", "properties": {"layer": "road_density_grid", "cell_id": "r28_c9", "road_length_km": 0.866, "road_density_km_per_km2": 0.8661}, "geometry": {"type": "Polygon", "coordinates": [[[75.787636, 22.802252], [75.797374, 22.802252], [75.797374, 22.811261], [75.787636, 22.811261], [75.787636, 22.802252]]]}}, {"type": "Feature", "properties": {"layer": "road_density_grid", "cell_id": "r-3_c21", "road_length_km": 0.8637, "road_density_km_per_km2": 0.8621}, "geometry": {"type": "Polygon", "coordinates": [[[75.904485, 22.522973], [75.914223, 22.522973], [75.914223, 22.531982], [75.904485, 22.531982], [75.904485, 22.522973]]]}}, {"type": "Feature", "properties": {"layer": "road_density_grid", "cell_id": "r14_c-13", "road_length_km": 0.8548, "road_density_km_per_km2": 0.8541}, "geometry": {"type": "Polygon", "coordinates": [[[75.573414, 22.676126], [75.583151, 22.676126], [75.583151, 22.685135], [75.573414, 22.685135], [75.573414, 22.676126]]]}}, {"type": "Feature", "properties": {"layer": "road_density_grid", "cell_id": "r23_c31", "road_length_km": 0.8477, "road_density_km_per_km2": 0.8476}, "geometry": {"type": "Polygon", "coordinates": [[[76.001859, 22.757207], [76.011596, 22.757207], [76.011596, 22.766216], [76.001859, 22.766216], [76.001859, 22.757207]]]}}, {"type": "Feature", "properties": {"layer": "road_density_grid", "cell_id": "r28_c6", "road_length_km": 0.8329, "road_density_km_per_km2": 0.833}, "geometry": {"type": "Polygon", "coordinates": [[[75.758424, 22.802252], [75.768162, 22.802252], [75.768162, 22.811261], [75.758424, 22.811261], [75.758424, 22.802252]]]}}, {"type": "Feature", "properties": {"layer": "road_density_grid", "cell_id": "r2_c15", "road_length_km": 0.8322, "road_density_km_per_km2": 0.8309}, "geometry": {"type": "Polygon", "coordinates": [[[75.846061, 22.568018], [75.855798, 22.568018], [75.855798, 22.577027], [75.846061, 22.577027], [75.846061, 22.568018]]]}}, {"type": "Feature", "properties": {"layer": "road_density_grid", "cell_id": "r22_c3", "road_length_km": 0.8276, "road_density_km_per_km2": 0.8274}, "geometry": {"type": "Polygon", "coordinates": [[[75.729212, 22.748198], [75.73895, 22.748198], [75.73895, 22.757207], [75.729212, 22.757207], [75.729212, 22.748198]]]}}, {"type": "Feature", "properties": {"layer": "road_density_grid", "cell_id": "r27_c31", "road_length_km": 0.826, "road_density_km_per_km2": 0.826}, "geometry": {"type": "Polygon", "coordinates": [[[76.001859, 22.793243], [76.011596, 22.793243], [76.011596, 22.802252], [76.001859, 22.802252], [76.001859, 22.793243]]]}}, {"type": "Feature", "properties": {"layer": "road_density_grid", "cell_id": "r3_c21", "road_length_km": 0.8013, "road_density_km_per_km2": 0.8002}, "geometry": {"type": "Polygon", "coordinates": [[[75.904485, 22.577027], [75.914223, 22.577027], [75.914223, 22.586036], [75.904485, 22.586036], [75.904485, 22.577027]]]}}, {"type": "Feature", "properties": {"layer": "road_density_grid", "cell_id": "r16_c4", "road_length_km": 0.796, "road_density_km_per_km2": 0.7955}, "geometry": {"type": "Polygon", "coordinates": [[[75.73895, 22.694144], [75.748687, 22.694144], [75.748687, 22.703153], [75.73895, 22.703153], [75.73895, 22.694144]]]}}, {"type": "Feature", "properties": {"layer": "road_density_grid", "cell_id": "r8_c-1", "road_length_km": 0.7866, "road_density_km_per_km2": 0.7857}, "geometry": {"type": "Polygon", "coordinates": [[[75.690263, 22.622072], [75.7, 22.622072], [75.7, 22.631081], [75.690263, 22.631081], [75.690263, 22.622072]]]}}, {"type": "Feature", "properties": {"layer": "road_density_grid", "cell_id": "r15_c29", "road_length_km": 0.7774, "road_density_km_per_km2": 0.7768}, "geometry": {"type": "Polygon", "coordinates": [[[75.982384, 22.685135], [75.992122, 22.685135], [75.992122, 22.694144], [75.982384, 22.694144], [75.982384, 22.685135]]]}}, {"type": "Feature", "properties": {"layer": "road_density_grid", "cell_id": "r25_c31", "road_length_km": 0.7762, "road_density_km_per_km2": 0.7762}, "geometry": {"type": "Polygon", "coordinates": [[[76.001859, 22.775225], [76.011596, 22.775225], [76.011596, 22.784234], [76.001859, 22.784234], [76.001859, 22.775225]]]}}, {"type": "Feature", "properties": {"layer": "road_density_grid", "cell_id": "r25_c0", "road_length_km": 0.7727, "road_density_km_per_km2": 0.7727}, "geometry": {"type": "Polygon", "coordinates": [[[75.7, 22.775225], [75.709737, 22.775225], [75.709737, 22.784234], [75.7, 22.784234], [75.7, 22.775225]]]}}, {"type": "Feature", "properties": {"layer": "road_density_grid", "cell_id": "r9_c31", "road_length_km": 0.7625, "road_density_km_per_km2": 0.7617}, "geometry": {"type": "Polygon", "coordinates": [[[76.001859, 22.631081], [76.011596, 22.631081], [76.011596, 22.64009], [76.001859, 22.64009], [76.001859, 22.631081]]]}}, {"type": "Feature", "properties": {"layer": "road_density_grid", "cell_id": "r5_c27", "road_length_km": 0.761, "road_density_km_per_km2": 0.7599}, "geometry": {"type": "Polygon", "coordinates": [[[75.962909, 22.595045], [75.972647, 22.595045], [75.972647, 22.604054], [75.962909, 22.604054], [75.962909, 22.595045]]]}}, {"type": "Feature", "properties": {"layer": "road_density_grid", "cell_id": "r5_c17", "road_length_km": 0.7531, "road_density_km_per_km2": 0.752}, "geometry": {"type": "Polygon", "coordinates": [[[75.865536, 22.595045], [75.875273, 22.595045], [75.875273, 22.604054], [75.865536, 22.604054], [75.865536, 22.595045]]]}}, {"type": "Feature", "properties": {"layer": "road_density_grid", "cell_id": "r32_c1", "road_length_km": 0.7509, "road_density_km_per_km2": 0.7512}, "geometry": {"type": "Polygon", "coordinates": [[[75.709737, 22.838288], [75.719475, 22.838288], [75.719475, 22.847297], [75.709737, 22.847297], [75.709737, 22.838288]]]}}, {"type": "Feature", "properties": {"layer": "road_density_grid", "cell_id": "r23_c5", "road_length_km": 0.7406, "road_density_km_per_km2": 0.7405}, "geometry": {"type": "Polygon", "coordinates": [[[75.748687, 22.757207], [75.758424, 22.757207], [75.758424, 22.766216], [75.748687, 22.766216], [75.748687, 22.757207]]]}}, {"type": "Feature", "properties": {"layer": "road_density_grid", "cell_id": "r29_c0", "road_length_km": 0.7273, "road_density_km_per_km2": 0.7275}, "geometry": {"type": "Polygon", "coordinates": [[[75.7, 22.811261], [75.709737, 22.811261], [75.709737, 22.82027], [75.7, 22.82027], [75.7, 22.811261]]]}}, {"type": "Feature", "properties": {"layer": "road_density_grid", "cell_id": "r15_c32", "road_length_km": 0.7139, "road_density_km_per_km2": 0.7134}, "geometry": {"type": "Polygon", "coordinates": [[[76.011596, 22.685135], [76.021334, 22.685135], [76.021334, 22.694144], [76.011596, 22.694144], [76.011596, 22.685135]]]}}, {"type": "Feature", "properties": {"layer": "road_density_grid", "cell_id": "r7_c-2", "road_length_km": 0.6979, "road_density_km_per_km2": 0.697}, "geometry": {"type": "Polygon", "coordinates": [[[75.680525, 22.613063], [75.690263, 22.613063], [75.690263, 22.622072], [75.680525, 22.622072], [75.680525, 22.613063]]]}}, {"type": "Feature", "properties": {"layer": "road_density_grid", "cell_id": "r26_c30", "road_length_km": 0.6978, "road_density_km_per_km2": 0.6978}, "geometry": {"type": "Polygon", "coordinates": [[[75.992122, 22.784234], [76.001859, 22.784234], [76.001859, 22.793243], [75.992122, 22.793243], [75.992122, 22.784234]]]}}, {"type": "Feature", "properties": {"layer": "road_density_grid", "cell_id": "r14_c-4", "road_length_km": 0.6912, "road_density_km_per_km2": 0.6907}, "geometry": {"type": "Polygon", "coordinates": [[[75.66105, 22.676126], [75.670788, 22.676126], [75.670788, 22.685135], [75.66105, 22.685135], [75.66105, 22.676126]]]}}, {"type": "Feature", "properties": {"layer": "road_density_grid", "cell_id": "r19_c30", "road_length_km": 0.6856, "road_density_km_per_km2": 0.6853}, "geometry": {"type": "Polygon", "coordinates": [[[75.992122, 22.721171], [76.001859, 22.721171], [76.001859, 22.73018], [75.992122, 22.73018], [75.992122, 22.721171]]]}}, {"type": "Feature", "properties": {"layer": "road_density_grid", "cell_id": "r31_c23", "road_length_km": 0.6817, "road_density_km_per_km2": 0.6819}, "geometry": {"type": "Polygon", "coordinates": [[[75.92396, 22.829279], [75.933697, 22.829279], [75.933697, 22.838288], [75.92396, 22.838288], [75.92396, 22.829279]]]}}, {"type": "Feature", "properties": {"layer": "road_density_grid", "cell_id": "r31_c13", "road_length_km": 0.6599, "road_density_km_per_km2": 0.6601}, "geometry": {"type": "Polygon", "coordinates": [[[75.826586, 22.829279], [75.836323, 22.829279], [75.836323, 22.838288], [75.826586, 22.838288], [75.826586, 22.829279]]]}}, {"type": "Feature", "properties": {"layer": "road_density_grid", "cell_id": "r-1_c14", "road_length_km": 0.6554, "road_density_km_per_km2": 0.6542}, "geometry": {"type": "Polygon", "coordinates": [[[75.836323, 22.540991], [75.846061, 22.540991], [75.846061, 22.55], [75.836323, 22.55], [75.836323, 22.540991]]]}}, {"type": "Feature", "properties": {"layer": "road_density_grid", "cell_id": "r0_c16", "road_length_km": 0.6488, "road_density_km_per_km2": 0.6477}, "geometry": {"type": "Polygon", "coordinates": [[[75.855798, 22.55], [75.865536, 22.55], [75.865536, 22.559009], [75.855798, 22.559009], [75.855798, 22.55]]]}}, {"type": "Feature", "properties": {"layer": "road_density_grid", "cell_id": "r31_c33", "road_length_km": 0.6193, "road_density_km_per_km2": 0.6195}, "geometry": {"type": "Polygon", "coordinates": [[[76.021334, 22.829279], [76.031071, 22.829279], [76.031071, 22.838288], [76.021334, 22.838288], [76.021334, 22.829279]]]}}, {"type": "Feature", "properties": {"layer": "road_density_grid", "cell_id": "r34_c10", "road_length_km": 0.6188, "road_density_km_per_km2": 0.6191}, "geometry": {"type": "Polygon", "coordinates": [[[75.797374, 22.856306], [75.807111, 22.856306], [75.807111, 22.865315], [75.797374, 22.865315], [75.797374, 22.856306]]]}}, {"type": "Feature", "properties": {"layer": "road_density_grid", "cell_id": "r35_c7", "road_length_km": 0.6025, "road_density_km_per_km2": 0.6028}, "geometry": {"type": "Polygon", "coordinates": [[[75.768162, 22.865315], [75.777899, 22.865315], [75.777899, 22.874324], [75.768162, 22.874324], [75.768162, 22.865315]]]}}, {"type": "Feature", "properties": {"layer": "road_density_grid", "cell_id": "r2_c30", "road_length_km": 0.6024, "road_density_km_per_km2": 0.6015}, "geometry": {"type": "Polygon", "coordinates": [[[75.992122, 22.568018], [76.001859, 22.568018], [76.001859, 22.577027], [75.992122, 22.577027], [75.992122, 22.568018]]]}}, {"type": "Feature", "properties": {"layer": "road_density_grid", "cell_id": "r44_c14", "road_length_km": 0.5727, "road_density_km_per_km2": 0.5734}, "geometry": {"type": "Polygon", "coordinates": [[[75.836323, 22.946396], [75.846061, 22.946396], [75.846061, 22.955405], [75.836323, 22.955405], [75.836323, 22.946396]]]}}, {"type": "Feature", "properties": {"layer": "road_density_grid", "cell_id": "r15_c3", "road_length_km": 0.5474, "road_density_km_per_km2": 0.547}, "geometry": {"type": "Polygon", "coordinates": [[[75.729212, 22.685135], [75.73895, 22.685135], [75.73895, 22.694144], [75.729212, 22.694144], [75.729212, 22.685135]]]}}, {"type": "Feature", "properties": {"layer": "road_density_grid", "cell_id": "r19_c-1", "road_length_km": 0.5175, "road_density_km_per_km2": 0.5172}, "geometry": {"type": "Polygon", "coordinates": [[[75.690263, 22.721171], [75.7, 22.721171], [75.7, 22.73018], [75.690263, 22.73018], [75.690263, 22.721171]]]}}, {"type": "Feature", "properties": {"layer": "road_density_grid", "cell_id": "r23_c-2", "road_length_km": 0.512, "road_density_km_per_km2": 0.5119}, "geometry": {"type": "Polygon", "coordinates": [[[75.680525, 22.757207], [75.690263, 22.757207], [75.690263, 22.766216], [75.680525, 22.766216], [75.680525, 22.757207]]]}}, {"type": "Feature", "properties": {"layer": "road_density_grid", "cell_id": "r4_c29", "road_length_km": 0.4921, "road_density_km_per_km2": 0.4914}, "geometry": {"type": "Polygon", "coordinates": [[[75.982384, 22.586036], [75.992122, 22.586036], [75.992122, 22.595045], [75.982384, 22.595045], [75.982384, 22.586036]]]}}, {"type": "Feature", "properties": {"layer": "road_density_grid", "cell_id": "r34_c6", "road_length_km": 0.4874, "road_density_km_per_km2": 0.4877}, "geometry": {"type": "Polygon", "coordinates": [[[75.758424, 22.856306], [75.768162, 22.856306], [75.768162, 22.865315], [75.758424, 22.865315], [75.758424, 22.856306]]]}}, {"type": "Feature", "properties": {"layer": "road_density_grid", "cell_id": "r0_c14", "road_length_km": 0.4703, "road_density_km_per_km2": 0.4696}, "geometry": {"type": "Polygon", "coordinates": [[[75.836323, 22.55], [75.846061, 22.55], [75.846061, 22.559009], [75.836323, 22.559009], [75.836323, 22.55]]]}}, {"type": "Feature", "properties": {"layer": "road_density_grid", "cell_id": "r19_c1", "road_length_km": 0.4658, "road_density_km_per_km2": 0.4656}, "geometry": {"type": "Polygon", "coordinates": [[[75.709737, 22.721171], [75.719475, 22.721171], [75.719475, 22.73018], [75.709737, 22.73018], [75.709737, 22.721171]]]}}, {"type": "Feature", "properties": {"layer": "road_density_grid", "cell_id": "r31_c7", "road_length_km": 0.4404, "road_density_km_per_km2": 0.4405}, "geometry": {"type": "Polygon", "coordinates": [[[75.768162, 22.829279], [75.777899, 22.829279], [75.777899, 22.838288], [75.768162, 22.838288], [75.768162, 22.829279]]]}}, {"type": "Feature", "properties": {"layer": "road_density_grid", "cell_id": "r6_c31", "road_length_km": 0.4214, "road_density_km_per_km2": 0.4208}, "geometry": {"type": "Polygon", "coordinates": [[[76.001859, 22.604054], [76.011596, 22.604054], [76.011596, 22.613063], [76.001859, 22.613063], [76.001859, 22.604054]]]}}, {"type": "Feature", "properties": {"layer": "road_density_grid", "cell_id": "r4_c12", "road_length_km": 0.4188, "road_density_km_per_km2": 0.4182}, "geometry": {"type": "Polygon", "coordinates": [[[75.816849, 22.586036], [75.826586, 22.586036], [75.826586, 22.595045], [75.816849, 22.595045], [75.816849, 22.586036]]]}}, {"type": "Feature", "properties": {"layer": "road_density_grid", "cell_id": "r11_c17", "road_length_km": 0.4127, "road_density_km_per_km2": 0.4123}, "geometry": {"type": "Polygon", "coordinates": [[[75.865536, 22.649099], [75.875273, 22.649099], [75.875273, 22.658108], [75.865536, 22.658108], [75.865536, 22.649099]]]}}, {"type": "Feature", "properties": {"layer": "road_density_grid", "cell_id": "r32_c2", "road_length_km": 0.4028, "road_density_km_per_km2": 0.403}, "geometry": {"type": "Polygon", "coordinates": [[[75.719475, 22.838288], [75.729212, 22.838288], [75.729212, 22.847297], [75.719475, 22.847297], [75.719475, 22.838288]]]}}, {"type": "Feature", "properties": {"layer": "road_density_grid", "cell_id": "r13_c32", "road_length_km": 0.3963, "road_density_km_per_km2": 0.3959}, "geometry": {"type": "Polygon", "coordinates": [[[76.011596, 22.667117], [76.021334, 22.667117], [76.021334, 22.676126], [76.011596, 22.676126], [76.011596, 22.667117]]]}}, {"type": "Feature", "properties": {"layer": "road_density_grid", "cell_id": "r34_c27", "road_length_km": 0.3937, "road_density_km_per_km2": 0.3939}, "geometry": {"type": "Polygon", "coordinates": [[[75.962909, 22.856306], [75.972647, 22.856306], [75.972647, 22.865315], [75.962909, 22.865315], [75.962909, 22.856306]]]}}, {"type": "Feature", "properties": {"layer": "road_density_grid", "cell_id": "r34_c21", "road_length_km": 0.3904, "road_density_km_per_km2": 0.3906}, "geometry": {"type": "Polygon", "coordinates": [[[75.904485, 22.856306], [75.914223, 22.856306], [75.914223, 22.865315], [75.904485, 22.865315], [75.904485, 22.856306]]]}}, {"type": "Feature", "properties": {"layer": "road_density_grid", "cell_id": "r7_c14", "road_length_km": 0.3674, "road_density_km_per_km2": 0.3669}, "geometry": {"type": "Polygon", "coordinates": [[[75.836323, 22.613063], [75.846061, 22.613063], [75.846061, 22.622072], [75.836323, 22.622072], [75.836323, 22.613063]]]}}, {"type": "Feature", "properties": {"layer": "road_density_grid", "cell_id": "r5_c31", "road_length_km": 0.354, "road_density_km_per_km2": 0.3535}, "geometry": {"type": "Polygon", "coordinates": [[[76.001859, 22.595045], [76.011596, 22.595045], [76.011596, 22.604054], [76.001859, 22.604054], [76.001859, 22.595045]]]}}, {"type": "Feature", "properties": {"layer": "road_density_grid", "cell_id": "r11_c30", "road_length_km": 0.352, "road_density_km_per_km2": 0.3516}, "geometry": {"type": "Polygon", "coordinates": [[[75.992122, 22.649099], [76.001859, 22.649099], [76.001859, 22.658108], [75.992122, 22.658108], [75.992122, 22.649099]]]}}, {"type": "Feature", "properties": {"layer": "road_density_grid", "cell_id": "r1_c15", "road_length_km": 0.3412, "road_density_km_per_km2": 0.3407}, "geometry": {"type": "Polygon", "coordinates": [[[75.846061, 22.559009], [75.855798, 22.559009], [75.855798, 22.568018], [75.846061, 22.568018], [75.846061, 22.559009]]]}}, {"type": "Feature", "properties": {"layer": "road_density_grid", "cell_id": "r29_c29", "road_length_km": 0.3394, "road_density_km_per_km2": 0.3394}, "geometry": {"type": "Polygon", "coordinates": [[[75.982384, 22.811261], [75.992122, 22.811261], [75.992122, 22.82027], [75.982384, 22.82027], [75.982384, 22.811261]]]}}, {"type": "Feature", "properties": {"layer": "road_density_grid", "cell_id": "r22_c31", "road_length_km": 0.336, "road_density_km_per_km2": 0.3359}, "geometry": {"type": "Polygon", "coordinates": [[[76.001859, 22.748198], [76.011596, 22.748198], [76.011596, 22.757207], [76.001859, 22.757207], [76.001859, 22.748198]]]}}, {"type": "Feature", "properties": {"layer": "road_density_grid", "cell_id": "r3_c26", "road_length_km": 0.3141, "road_density_km_per_km2": 0.3137}, "geometry": {"type": "Polygon", "coordinates": [[[75.953172, 22.577027], [75.962909, 22.577027], [75.962909, 22.586036], [75.953172, 22.586036], [75.953172, 22.577027]]]}}, {"type": "Feature", "properties": {"layer": "road_density_grid", "cell_id": "r35_c15", "road_length_km": 0.3095, "road_density_km_per_km2": 0.3097}, "geometry": {"type": "Polygon", "coordinates": [[[75.846061, 22.865315], [75.855798, 22.865315], [75.855798, 22.874324], [75.846061, 22.874324], [75.846061, 22.865315]]]}}, {"type": "Feature", "properties": {"layer": "road_density_grid", "cell_id": "r31_c11", "road_length_km": 0.2986, "road_density_km_per_km2": 0.2987}, "geometry": {"type": "Polygon", "coordinates": [[[75.807111, 22.829279], [75.816849, 22.829279], [75.816849, 22.838288], [75.807111, 22.838288], [75.807111, 22.829279]]]}}, {"type": "Feature", "properties": {"layer": "road_density_grid", "cell_id": "r26_c32", "road_length_km": 0.2801, "road_density_km_per_km2": 0.2801}, "geometry": {"type": "Polygon", "coordinates": [[[76.011596, 22.784234], [76.021334, 22.784234], [76.021334, 22.793243], [76.011596, 22.793243], [76.011596, 22.784234]]]}}, {"type": "Feature", "properties": {"layer": "road_density_grid", "cell_id": "r34_c28", "road_length_km": 0.2687, "road_density_km_per_km2": 0.2688}, "geometry": {"type": "Polygon", "coordinates": [[[75.972647, 22.856306], [75.982384, 22.856306], [75.982384, 22.865315], [75.972647, 22.865315], [75.972647, 22.856306]]]}}, {"type": "Feature", "properties": {"layer": "road_density_grid", "cell_id": "r14_c32", "road_length_km": 0.2525, "road_density_km_per_km2": 0.2523}, "geometry": {"type": "Polygon", "coordinates": [[[76.011596, 22.676126], [76.021334, 22.676126], [76.021334, 22.685135], [76.011596, 22.685135], [76.011596, 22.676126]]]}}, {"type": "Feature", "properties": {"layer": "road_density_grid", "cell_id": "r-1_c22", "road_length_km": 0.2383, "road_density_km_per_km2": 0.2378}, "geometry": {"type": "Polygon", "coordinates": [[[75.914223, 22.540991], [75.92396, 22.540991], [75.92396, 22.55], [75.914223, 22.55], [75.914223, 22.540991]]]}}, {"type": "Feature", "properties": {"layer": "road_density_grid", "cell_id": "r28_c32", "road_length_km": 0.2382, "road_density_km_per_km2": 0.2382}, "geometry": {"type": "Polygon", "coordinates": [[[76.011596, 22.802252], [76.021334, 22.802252], [76.021334, 22.811261], [76.011596, 22.811261], [76.011596, 22.802252]]]}}, {"type": "Feature", "properties": {"layer": "road_density_grid", "cell_id": "r27_c9", "road_length_km": 0.2293, "road_density_km_per_km2": 0.2293}, "geometry": {"type": "Polygon", "coordinates": [[[75.787636, 22.793243], [75.797374, 22.793243], [75.797374, 22.802252], [75.787636, 22.802252], [75.787636, 22.793243]]]}}, {"type": "Feature", "properties": {"layer": "road_density_grid", "cell_id": "r32_c26", "road_length_km": 0.2258, "road_density_km_per_km2": 0.2259}, "geometry": {"type": "Polygon", "coordinates": [[[75.953172, 22.838288], [75.962909, 22.838288], [75.962909, 22.847297], [75.953172, 22.847297], [75.953172, 22.838288]]]}}, {"type": "Feature", "properties": {"layer": "road_density_grid", "cell_id": "r34_c24", "road_length_km": 0.2241, "road_density_km_per_km2": 0.2242}, "geometry": {"type": "Polygon", "coordinates": [[[75.933697, 22.856306], [75.943435, 22.856306], [75.943435, 22.865315], [75.933697, 22.865315], [75.933697, 22.856306]]]}}, {"type": "Feature", "properties": {"layer": "road_density_grid", "cell_id": "r24_c31", "road_length_km": 0.2102, "road_density_km_per_km2": 0.2101}, "geometry": {"type": "Polygon", "coordinates": [[[76.001859, 22.766216], [76.011596, 22.766216], [76.011596, 22.775225], [76.001859, 22.775225], [76.001859, 22.766216]]]}}, {"type": "Feature", "properties": {"layer": "road_density_grid", "cell_id": "r44_c15", "road_length_km": 0.2049, "road_density_km_per_km2": 0.2051}, "geometry": {"type": "Polygon", "coordinates": [[[75.846061, 22.946396], [75.855798, 22.946396], [75.855798, 22.955405], [75.846061, 22.955405], [75.846061, 22.946396]]]}}, {"type": "Feature", "properties": {"layer": "road_density_grid", "cell_id": "r26_c7", "road_length_km": 0.1889, "road_density_km_per_km2": 0.1889}, "geometry": {"type": "Polygon", "coordinates": [[[75.768162, 22.784234], [75.777899, 22.784234], [75.777899, 22.793243], [75.768162, 22.793243], [75.768162, 22.784234]]]}}, {"type": "Feature", "properties": {"layer": "road_density_grid", "cell_id": "r9_c32", "road_length_km": 0.1811, "road_density_km_per_km2": 0.1809}, "geometry": {"type": "Polygon", "coordinates": [[[76.011596, 22.631081], [76.021334, 22.631081], [76.021334, 22.64009], [76.011596, 22.64009], [76.011596, 22.631081]]]}}, {"type": "Feature", "properties": {"layer": "road_density_grid", "cell_id": "r10_c3", "road_length_km": 0.1773, "road_density_km_per_km2": 0.1771}, "geometry": {"type": "Polygon", "coordinates": [[[75.729212, 22.64009], [75.73895, 22.64009], [75.73895, 22.649099], [75.729212, 22.649099], [75.729212, 22.64009]]]}}, {"type": "Feature", "properties": {"layer": "road_density_grid", "cell_id": "r24_c1", "road_length_km": 0.1553, "road_density_km_per_km2": 0.1553}, "geometry": {"type": "Polygon", "coordinates": [[[75.709737, 22.766216], [75.719475, 22.766216], [75.719475, 22.775225], [75.709737, 22.775225], [75.709737, 22.766216]]]}}, {"type": "Feature", "properties": {"layer": "road_density_grid", "cell_id": "r5_c28", "road_length_km": 0.1455, "road_density_km_per_km2": 0.1453}, "geometry": {"type": "Polygon", "coordinates": [[[75.972647, 22.595045], [75.982384, 22.595045], [75.982384, 22.604054], [75.972647, 22.604054], [75.972647, 22.595045]]]}}, {"type": "Feature", "properties": {"layer": "road_density_grid", "cell_id": "r5_c-2", "road_length_km": 0.1442, "road_density_km_per_km2": 0.144}, "geometry": {"type": "Polygon", "coordinates": [[[75.680525, 22.595045], [75.690263, 22.595045], [75.690263, 22.604054], [75.680525, 22.604054], [75.680525, 22.595045]]]}}, {"type": "Feature", "properties": {"layer": "road_density_grid", "cell_id": "r27_c30", "road_length_km": 0.1326, "road_density_km_per_km2": 0.1326}, "geometry": {"type": "Polygon", "coordinates": [[[75.992122, 22.793243], [76.001859, 22.793243], [76.001859, 22.802252], [75.992122, 22.802252], [75.992122, 22.793243]]]}}, {"type": "Feature", "properties": {"layer": "road_density_grid", "cell_id": "r6_c-2", "road_length_km": 0.1284, "road_density_km_per_km2": 0.1283}, "geometry": {"type": "Polygon", "coordinates": [[[75.680525, 22.604054], [75.690263, 22.604054], [75.690263, 22.613063], [75.680525, 22.613063], [75.680525, 22.604054]]]}}, {"type": "Feature", "properties": {"layer": "road_density_grid", "cell_id": "r39_c4", "road_length_km": 0.1036, "road_density_km_per_km2": 0.1037}, "geometry": {"type": "Polygon", "coordinates": [[[75.73895, 22.901351], [75.748687, 22.901351], [75.748687, 22.91036], [75.73895, 22.91036], [75.73895, 22.901351]]]}}, {"type": "Feature", "properties": {"layer": "road_density_grid", "cell_id": "r18_c31", "road_length_km": 0.096, "road_density_km_per_km2": 0.096}, "geometry": {"type": "Polygon", "coordinates": [[[76.001859, 22.712162], [76.011596, 22.712162], [76.011596, 22.721171], [76.001859, 22.721171], [76.001859, 22.712162]]]}}, {"type": "Feature", "properties": {"layer": "road_density_grid", "cell_id": "r4_c-3", "road_length_km": 0.0946, "road_density_km_per_km2": 0.0944}, "geometry": {"type": "Polygon", "coordinates": [[[75.670788, 22.586036], [75.680525, 22.586036], [75.680525, 22.595045], [75.670788, 22.595045], [75.670788, 22.586036]]]}}, {"type": "Feature", "properties": {"layer": "road_density_grid", "cell_id": "r27_c32", "road_length_km": 0.0942, "road_density_km_per_km2": 0.0942}, "geometry": {"type": "Polygon", "coordinates": [[[76.011596, 22.793243], [76.021334, 22.793243], [76.021334, 22.802252], [76.011596, 22.802252], [76.011596, 22.793243]]]}}, {"type": "Feature", "properties": {"layer": "road_density_grid", "cell_id": "r0_c29", "road_length_km": 0.0924, "road_density_km_per_km2": 0.0922}, "geometry": {"type": "Polygon", "coordinates": [[[75.982384, 22.55], [75.992122, 22.55], [75.992122, 22.559009], [75.982384, 22.559009], [75.982384, 22.55]]]}}, {"type": "Feature", "properties": {"layer": "road_density_grid", "cell_id": "r12_c-1", "road_length_km": 0.0892, "road_density_km_per_km2": 0.0891}, "geometry": {"type": "Polygon", "coordinates": [[[75.690263, 22.658108], [75.7, 22.658108], [75.7, 22.667117], [75.690263, 22.667117], [75.690263, 22.658108]]]}}, {"type": "Feature", "properties": {"layer": "road_density_grid", "cell_id": "r23_c2", "road_length_km": 0.0891, "road_density_km_per_km2": 0.0891}, "geometry": {"type": "Polygon", "coordinates": [[[75.719475, 22.757207], [75.729212, 22.757207], [75.729212, 22.766216], [75.719475, 22.766216], [75.719475, 22.757207]]]}}, {"type": "Feature", "properties": {"layer": "road_density_grid", "cell_id": "r31_c27", "road_length_km": 0.0859, "road_density_km_per_km2": 0.086}, "geometry": {"type": "Polygon", "coordinates": [[[75.962909, 22.829279], [75.972647, 22.829279], [75.972647, 22.838288], [75.962909, 22.838288], [75.962909, 22.829279]]]}}, {"type": "Feature", "properties": {"layer": "road_density_grid", "cell_id": "r5_c-3", "road_length_km": 0.084, "road_density_km_per_km2": 0.0839}, "geometry": {"type": "Polygon", "coordinates": [[[75.670788, 22.595045], [75.680525, 22.595045], [75.680525, 22.604054], [75.670788, 22.604054], [75.670788, 22.595045]]]}}, {"type": "Feature", "properties": {"layer": "road_density_grid", "cell_id": "r35_c3", "road_length_km": 0.0831, "road_density_km_per_km2": 0.0832}, "geometry": {"type": "Polygon", "coordinates": [[[75.729212, 22.865315], [75.73895, 22.865315], [75.73895, 22.874324], [75.729212, 22.874324], [75.729212, 22.865315]]]}}, {"type": "Feature", "properties": {"layer": "road_density_grid", "cell_id": "r6_c15", "road_length_km": 0.0801, "road_density_km_per_km2": 0.08}, "geometry": {"type": "Polygon", "coordinates": [[[75.846061, 22.604054], [75.855798, 22.604054], [75.855798, 22.613063], [75.846061, 22.613063], [75.846061, 22.604054]]]}}, {"type": "Feature", "properties": {"layer": "road_density_grid", "cell_id": "r18_c-1", "road_length_km": 0.0763, "road_density_km_per_km2": 0.0762}, "geometry": {"type": "Polygon", "coordinates": [[[75.690263, 22.712162], [75.7, 22.712162], [75.7, 22.721171], [75.690263, 22.721171], [75.690263, 22.712162]]]}}, {"type": "Feature", "properties": {"layer": "road_density_grid", "cell_id": "r20_c31", "road_length_km": 0.0732, "road_density_km_per_km2": 0.0732}, "geometry": {"type": "Polygon", "coordinates": [[[76.001859, 22.73018], [76.011596, 22.73018], [76.011596, 22.739189], [76.001859, 22.739189], [76.001859, 22.73018]]]}}, {"type": "Feature", "properties": {"layer": "road_density_grid", "cell_id": "r12_c31", "road_length_km": 0.0577, "road_density_km_per_km2": 0.0577}, "geometry": {"type": "Polygon", "coordinates": [[[76.001859, 22.658108], [76.011596, 22.658108], [76.011596, 22.667117], [76.001859, 22.667117], [76.001859, 22.658108]]]}}, {"type": "Feature", "properties": {"layer": "road_density_grid", "cell_id": "r38_c9", "road_length_km": 0.0557, "road_density_km_per_km2": 0.0557}, "geometry": {"type": "Polygon", "coordinates": [[[75.787636, 22.892342], [75.797374, 22.892342], [75.797374, 22.901351], [75.787636, 22.901351], [75.787636, 22.892342]]]}}, {"type": "Feature", "properties": {"layer": "road_density_grid", "cell_id": "r4_c15", "road_length_km": 0.0542, "road_density_km_per_km2": 0.0541}, "geometry": {"type": "Polygon", "coordinates": [[[75.846061, 22.586036], [75.855798, 22.586036], [75.855798, 22.595045], [75.846061, 22.595045], [75.846061, 22.586036]]]}}, {"type": "Feature", "properties": {"layer": "road_density_grid", "cell_id": "r35_c6", "road_length_km": 0.0479, "road_density_km_per_km2": 0.048}, "geometry": {"type": "Polygon", "coordinates": [[[75.758424, 22.865315], [75.768162, 22.865315], [75.768162, 22.874324], [75.758424, 22.874324], [75.758424, 22.865315]]]}}, {"type": "Feature", "properties": {"layer": "road_density_grid", "cell_id": "r5_c2", "road_length_km": 0.0391, "road_density_km_per_km2": 0.0391}, "geometry": {"type": "Polygon", "coordinates": [[[75.719475, 22.595045], [75.729212, 22.595045], [75.729212, 22.604054], [75.719475, 22.604054], [75.719475, 22.595045]]]}}, {"type": "Feature", "properties": {"layer": "road_density_grid", "cell_id": "r32_c8", "road_length_km": 0.0384, "road_density_km_per_km2": 0.0384}, "geometry": {"type": "Polygon", "coordinates": [[[75.777899, 22.838288], [75.787636, 22.838288], [75.787636, 22.847297], [75.777899, 22.847297], [75.777899, 22.838288]]]}}, {"type": "Feature", "properties": {"layer": "road_density_grid", "cell_id": "r31_c14", "road_length_km": 0.0281, "road_density_km_per_km2": 0.0281}, "geometry": {"type": "Polygon", "coordinates": [[[75.836323, 22.829279], [75.846061, 22.829279], [75.846061, 22.838288], [75.836323, 22.838288], [75.836323, 22.829279]]]}}, {"type": "Feature", "properties": {"layer": "road_density_grid", "cell_id": "r26_c6", "road_length_km": 0.0255, "road_density_km_per_km2": 0.0255}, "geometry": {"type": "Polygon", "coordinates": [[[75.758424, 22.784234], [75.768162, 22.784234], [75.768162, 22.793243], [75.758424, 22.793243], [75.758424, 22.784234]]]}}, {"type": "Feature", "properties": {"layer": "road_density_grid", "cell_id": "r8_c33", "road_length_km": 0.0169, "road_density_km_per_km2": 0.0169}, "geometry": {"type": "Polygon", "coordinates": [[[76.021334, 22.622072], [76.031071, 22.622072], [76.031071, 22.631081], [76.021334, 22.631081], [76.021334, 22.622072]]]}}, {"type": "Feature", "properties": {"layer": "road_density_grid", "cell_id": "r31_c26", "road_length_km": 0.0084, "road_density_km_per_km2": 0.0084}, "geometry": {"type": "Polygon", "coordinates": [[[75.953172, 22.829279], [75.962909, 22.829279], [75.962909, 22.838288], [75.953172, 22.838288], [75.953172, 22.829279]]]}}, {"type": "Feature", "properties": {"layer": "industrial_zones", "osm_type": "way", "osm_id": 191926704, "name": null, "area_km2": 1.92645}, "geometry": {"type": "Polygon", "coordinates": [[[75.8477639, 22.76311], [75.8517521, 22.7631281], [75.8520719, 22.7625929], [75.8537713, 22.7646452], [75.855088, 22.7657283], [75.8556333, 22.7656897], [75.856726, 22.7665915], [75.8576166, 22.7677502], [75.8579226, 22.7698812], [75.8580537, 22.7726268], [75.8590207, 22.7751607], [75.8587394, 22.7768051], [75.856431, 22.7797103], [75.8551156, 22.7812818], [75.8506397, 22.7827722], [75.8479024, 22.7826664], [75.8482029, 22.7778809], [75.8481319, 22.7756896], [75.847897, 22.7702087], [75.8502681, 22.7700374], [75.8505031, 22.7695437], [75.8501425, 22.768919], [75.8494486, 22.7681784], [75.8489514, 22.7679618], [75.8479407, 22.7679265], [75.8476729, 22.7667124], [75.8475964, 22.7661405], [75.8475897, 22.7658518], [75.8476175, 22.7655661], [75.8476795, 22.7643523], [75.8477639, 22.76311]]]}}, {"type": "Feature", "properties": {"layer": "industrial_zones", "osm_type": "way", "osm_id": 191926705, "name": null, "area_km2": 1.58965}, "geometry": {"type": "Polygon", "coordinates": [[[75.8446988, 22.7615446], [75.8450959, 22.7616761], [75.8454217, 22.7615874], [75.8455849, 22.7617575], [75.8458716, 22.762], [75.8461254, 22.7621312], [75.8475805, 22.7621259], [75.847526, 22.7641848], [75.8474046, 22.7662257], [75.847266, 22.7668727], [75.8474241, 22.7685006], [75.847473, 22.7695557], [75.8476499, 22.7738491], [75.8477553, 22.7776356], [75.84768, 22.7797804], [75.8472416, 22.7875331], [75.84711, 22.7879324], [75.8449607, 22.7883207], [75.8434061, 22.7874788], [75.8433922, 22.7864082], [75.8428265, 22.786321], [75.8427872, 22.7859424], [75.8427825, 22.7857538], [75.842759, 22.7855739], [75.8426348, 22.7848442], [75.8425101, 22.7833408], [75.8415932, 22.7834115], [75.8408728, 22.7826945], [75.8401089, 22.7813113], [75.8401195, 22.779996], [75.8420839, 22.7799322], [75.8420839, 22.7787297], [75.8422169, 22.7746276], [75.8420785, 22.7721488], [75.8421238, 22.7680677], [75.8422143, 22.7658539], [75.8415953, 22.7656339], [75.8446988, 22.7615446]]]}}, {"type": "Feature", "properties": {"layer": "industrial_zones", "osm_type": "way", "osm_id": 192414402, "name": null, "area_km2": 1.32836}, "geometry": {"type": "Polygon", "coordinates": [[[75.8911407, 22.7858917], [75.8907832, 22.7859217], [75.8904035, 22.7859536], [75.8902529, 22.7859662], [75.8902738, 22.7870893], [75.8920501, 22.7871205], [75.8928821, 22.787171], [75.8928253, 22.7861698], [75.89405, 22.7860099], [75.8943229, 22.7870608], [75.8968571, 22.7873941], [75.8968534, 22.7867751], [75.8989302, 22.7863738], [75.8990298, 22.7867411], [75.8992437, 22.7880436], [75.8976797, 22.7882647], [75.8986277, 22.7890741], [75.9003172, 22.7913798], [75.901907, 22.7913968], [75.9044164, 22.7913647], [75.9076035, 22.7914429], [75.9065217, 22.7879484], [75.9051703, 22.7833121], [75.9046539, 22.7816626], [75.9039322, 22.7793406], [75.9030405, 22.7762255], [75.9009969, 22.7766303], [75.9004547, 22.7768241], [75.9000895, 22.7791539], [75.8997686, 22.7815448], [75.8996321, 22.7826977], [75.8987257, 22.782613], [75.8975855, 22.7826699], [75.8975384, 22.782696], [75.8972716, 22.7827065], [75.8958873, 22.7830094], [75.8942905, 22.7834806], [75.8935594, 22.7836203], [75.8927341, 22.783752], [75.8916939, 22.7839731], [75.8911339, 22.7840715], [75.8911286, 22.7848135], [75.8911407, 22.7858917]]]}}, {"type": "Feature", "properties": {"layer": "industrial_zones", "osm_type": "way", "osm_id": 871656362, "name": null, "area_km2": 1.09726}, "geometry": {"type": "Polygon", "coordinates": [[[75.7640171, 22.6245517], [75.7641327, 22.6251029], [75.7641381, 22.6259644], [75.7640415, 22.6263804], [75.763953, 22.627544], [75.7639074, 22.62769], [75.7636741, 22.6277519], [75.7623947, 22.6279748], [75.7581058, 22.628663], [75.7570544, 22.6288264], [75.7556677, 22.6287521], [75.755083, 22.6286234], [75.7536077, 22.628252], [75.7531078, 22.6261186], [75.7533824, 22.625962], [75.7531598, 22.6249048], [75.7526046, 22.6249444], [75.7525678, 22.62437], [75.7525295, 22.6237709], [75.7525295, 22.6232819], [75.7524678, 22.6232807], [75.7524571, 22.6224154], [75.7530445, 22.6223139], [75.75285, 22.6217692], [75.7527669, 22.6211155], [75.7530136, 22.6210908], [75.7533342, 22.6211415], [75.7536346, 22.6212802], [75.7535756, 22.6198442], [75.7549971, 22.6197749], [75.7564777, 22.6196461], [75.7564402, 22.6188687], [75.7578456, 22.6191658], [75.7596883, 22.6194035], [75.7598466, 22.6185617], [75.7608443, 22.6187647], [75.7615578, 22.6188439], [75.7614988, 22.6197452], [75.7616785, 22.6197501], [75.7619333, 22.6224537], [75.7633656, 22.6222854], [75.7633442, 22.6224092], [75.7639718, 22.6224092], [75.7639611, 22.6233104], [75.7654363, 22.6227162], [75.7667667, 22.6225973], [75.7665105, 22.6236236], [75.7659137, 22.6237585], [75.7657984, 22.6245012], [75.7640171, 22.6245517]]]}}, {"type": "Feature", "properties": {"layer": "industrial_zones", "osm_type": "way", "osm_id": 590525269, "name": null, "area_km2": 1.05679}, "geometry": {"type": "Polygon", "coordinates": [[[75.7008411, 22.6111696], [75.7070374, 22.6153205], [75.706435, 22.6171278], [75.705725, 22.6184386], [75.7037241, 22.6184386], [75.7040253, 22.6245355], [75.7047353, 22.6264023], [75.6975063, 22.624178], [75.6957421, 22.6234035], [75.6960943, 22.6169401], [75.7006019, 22.6167815], [75.7002371, 22.6116488], [75.7008411, 22.6111696]]]}}, {"type": "Feature", "properties": {"layer": "industrial_zones", "osm_type": "way", "osm_id": 590525268, "name": null, "area_km2": 0.82163}, "geometry": {"type": "Polygon", "coordinates": [[[75.6986036, 22.6071875], [75.7006263, 22.6065671], [75.7010714, 22.6104686], [75.7002318, 22.6104999], [75.7002371, 22.6116488], [75.7006019, 22.6167815], [75.6960943, 22.6169401], [75.6954964, 22.6169335], [75.6954842, 22.6166969], [75.6953502, 22.6141396], [75.6923354, 22.6141594], [75.6923675, 22.6070977], [75.6986036, 22.6071875]]]}}, {"type": "Feature", "properties": {"layer": "industrial_zones", "osm_type": "way", "osm_id": 192315765, "name": "pologround Industrial Area", "area_km2": 0.51599}, "geometry": {"type": "Polygon", "coordinates": [[[75.8504426, 22.7347691], [75.8503184, 22.7359458], [75.8502786, 22.736143], [75.8508614, 22.7363749], [75.8513995, 22.7371915], [75.8518455, 22.7383596], [75.8521738, 22.7388823], [75.8526254, 22.739028], [75.8529566, 22.7392675], [75.8532389, 22.7394966], [75.853254, 22.7396806], [75.8531937, 22.7399201], [75.8529604, 22.7404928], [75.852804, 22.7411187], [75.8528878, 22.7411364], [75.8530989, 22.7411597], [75.8533018, 22.7411674], [75.8535908, 22.7411982], [75.8537487, 22.7413544], [75.8538525, 22.7415458], [75.8538552, 22.7417127], [75.8537115, 22.7419287], [75.8534959, 22.7421005], [75.8532857, 22.7422035], [75.8529211, 22.7421471], [75.8526071, 22.7424784], [75.8526736, 22.742692], [75.8528013, 22.7430086], [75.8530674, 22.7432221], [75.8534054, 22.743092], [75.8536396, 22.7430748], [75.8538578, 22.7431116], [75.8539084, 22.7432123], [75.8540521, 22.7435559], [75.8541186, 22.7437399], [75.8543714, 22.7437301], [75.8546934, 22.7438258], [75.8555104, 22.7442848], [75.8558351, 22.7431092], [75.8562636, 22.7432098], [75.8563434, 22.7428858], [75.8555983, 22.7414329], [75.8558644, 22.7399701], [75.8557819, 22.7394743], [75.8559495, 22.7394326], [75.8577192, 22.7398449], [75.8581241, 22.738002], [75.8581759, 22.7379118], [75.8583499, 22.7369733], [75.8583643, 22.736899], [75.8584271, 22.7360407], [75.8583725, 22.7358726], [75.8583402, 22.7352722], [75.8583519, 22.735054], [75.8549622, 22.7348208], [75.8549888, 22.7344895], [75.8511807, 22.7341606], [75.8511088, 22.7348576], [75.8504426, 22.7347691]]]}}, {"type": "Feature", "properties": {"layer": "industrial_zones", "osm_type": "way", "osm_id": 871656358, "name": null, "area_km2": 0.48205}, "geometry": {"type": "Polygon", "coordinates": [[[75.8440349, 22.7265875], [75.8440253, 22.7302772], [75.841927, 22.7302812], [75.841963, 22.7338463], [75.8411608, 22.7340327], [75.8383792, 22.7344885], [75.8364109, 22.7348379], [75.8360535, 22.7348751], [75.8351013, 22.7316245], [75.8389771, 22.7287597], [75.8412141, 22.7270948], [75.8413325, 22.7270941], [75.8414474, 22.7270552], [75.8417854, 22.7270478], [75.8434886, 22.7266618], [75.8440465, 22.726548], [75.8440349, 22.7265875]]]}}, {"type": "Feature", "properties": {"layer": "industrial_zones", "osm_type": "way", "osm_id": 192315763, "name": null, "area_km2": 0.45261}, "geometry": {"type": "Polygon", "coordinates": [[[75.8433711, 22.7517691], [75.8433924, 22.7544465], [75.8434708, 22.7566126], [75.8433935, 22.7573745], [75.8438221, 22.7575475], [75.843335, 22.758523], [75.8427788, 22.7597107], [75.842819, 22.7600046], [75.8424778, 22.7622169], [75.84314, 22.7625437], [75.8456814, 22.7593303], [75.8474841, 22.7569079], [75.8484397, 22.7556232], [75.8484247, 22.7553491], [75.8486994, 22.7537248], [75.849273, 22.7535762], [75.8506927, 22.7517023], [75.8494302, 22.7514995], [75.8494085, 22.7515942], [75.8492329, 22.7526651], [75.8483129, 22.7526142], [75.8474931, 22.7522797], [75.8466332, 22.7520207], [75.8463961, 22.7519409], [75.8462418, 22.7520589], [75.8452859, 22.7517431], [75.8446611, 22.7517604], [75.8433711, 22.7517691]]]}}, {"type": "Feature", "properties": {"layer": "industrial_zones", "osm_type": "way", "osm_id": 1414659798, "name": "Gandhi Nagar Depot", "area_km2": 0.304}, "geometry": {"type": "Polygon", "coordinates": [[[75.792996, 22.7375495], [75.7920034, 22.7384351], [75.7926289, 22.7390568], [75.7934325, 22.738528], [75.7943183, 22.7397089], [75.7947502, 22.7408542], [75.79519, 22.741344], [75.7955718, 22.7417151], [75.795919, 22.7420035], [75.7958847, 22.7421916], [75.7965054, 22.7432222], [75.7968448, 22.7437527], [75.797453, 22.7445162], [75.7978427, 22.7449555], [75.7982379, 22.7455356], [75.7985213, 22.7454008], [75.7993208, 22.744882], [75.8001977, 22.7445276], [75.7984757, 22.7419896], [75.7966062, 22.7379253], [75.7959866, 22.736775], [75.7954395, 22.7358498], [75.794675, 22.7361788], [75.7935753, 22.7369878], [75.7935995, 22.7373143], [75.7931033, 22.7376384], [75.792996, 22.7375495]]]}}, {"type": "Feature", "properties": {"layer": "industrial_zones", "osm_type": "way", "osm_id": 871656357, "name": null, "area_km2": 0.29506}, "geometry": {"type": "Polygon", "coordinates": [[[75.9190464, 22.8256931], [75.9217071, 22.8262172], [75.922898, 22.8257524], [75.9240889, 22.8258217], [75.9240836, 22.8245361], [75.9243786, 22.8245114], [75.9253469, 22.825965], [75.9253147, 22.8268624], [75.9264949, 22.8268377], [75.9265164, 22.8265213], [75.9267336, 22.8263754], [75.9222168, 22.8205015], [75.9217608, 22.8199922], [75.9210956, 22.8203235], [75.9212297, 22.821614], [75.9194219, 22.8219255], [75.919497, 22.8229885], [75.9188399, 22.8232407], [75.9190464, 22.8256931]]]}}, {"type": "Feature", "properties": {"layer": "industrial_zones", "osm_type": "way", "osm_id": 871656356, "name": null, "area_km2": 0.29049}, "geometry": {"type": "Polygon", "coordinates": [[[75.915302, 22.809989], [75.9163937, 22.8098234], [75.9180593, 22.809628], [75.9182417, 22.808011], [75.9183356, 22.8076278], [75.9184188, 22.8074473], [75.9185341, 22.8074028], [75.916096, 22.8040303], [75.9158908, 22.8037627], [75.9151652, 22.8040674], [75.9121692, 22.8044556], [75.9122014, 22.8056374], [75.9119868, 22.8057363], [75.915302, 22.809989]]]}}, {"type": "Feature", "properties": {"layer": "industrial_zones", "osm_type": "way", "osm_id": 977820057, "name": "ICD Dhannad, Indore container terminal", "area_km2": 0.27244}, "geometry": {"type": "Polygon", "coordinates": [[[75.7242148, 22.611655], [75.7243247, 22.6114544], [75.7241689, 22.6113962], [75.7240659, 22.6113578], [75.7241504, 22.6111486], [75.7240538, 22.6111189], [75.7239707, 22.6112972], [75.7239358, 22.6112774], [75.723567, 22.6111016], [75.7235157, 22.611081], [75.7232492, 22.610974], [75.7225035, 22.6105383], [75.7222407, 22.6104565], [75.7216613, 22.6101557], [75.7210712, 22.6097831], [75.7203913, 22.6093535], [75.7201566, 22.6091826], [75.7200801, 22.6092482], [75.7202263, 22.6093844], [75.720347, 22.6095268], [75.7205844, 22.6097521], [75.7209291, 22.6102065], [75.7210189, 22.6104318], [75.7211034, 22.6105803], [75.7210377, 22.6106063], [75.7211933, 22.6110471], [75.7211651, 22.6118555], [75.720685, 22.611827], [75.7226805, 22.6135615], [75.7233109, 22.6140381], [75.7243878, 22.6149555], [75.7252032, 22.6156388], [75.7261433, 22.6156413], [75.7262063, 22.615754], [75.7265563, 22.6164051], [75.7272604, 22.6170476], [75.7283843, 22.6177471], [75.7290414, 22.6180368], [75.7294417, 22.6181172], [75.7298031, 22.6180912], [75.7298394, 22.617762], [75.7304683, 22.6177347], [75.7305622, 22.6177062], [75.7306333, 22.617601], [75.7306185, 22.6171826], [75.7304844, 22.6170526], [75.7302041, 22.6169399], [75.7299225, 22.6169152], [75.7296704, 22.6169214], [75.7296382, 22.6167369], [75.7294196, 22.6167406], [75.7289314, 22.616805], [75.7284594, 22.6168298], [75.7284567, 22.616758], [75.7280248, 22.6167864], [75.7280168, 22.6164348], [75.7279672, 22.6146633], [75.7277727, 22.6146695], [75.7277285, 22.6145296], [75.727698, 22.6141476], [75.7276319, 22.6133188], [75.7277606, 22.6129511], [75.7275675, 22.6129276], [75.7273234, 22.6129115], [75.727251, 22.6129326], [75.7271598, 22.6136741], [75.7263726, 22.6136506], [75.726496, 22.6128459], [75.7258885, 22.6128236], [75.725293, 22.6127172], [75.7254083, 22.6124584], [75.7247794, 22.6126243], [75.724652, 22.6122641], [75.7252072, 22.6120982], [75.7242148, 22.611655]]]}}, {"type": "Feature", "properties": {"layer": "industrial_zones", "osm_type": "way", "osm_id": 191928247, "name": null, "area_km2": 0.21919}, "geometry": {"type": "Polygon", "coordinates": [[[75.8501469, 22.7580438], [75.8526423, 22.7578217], [75.8537639, 22.757846], [75.8546707, 22.7578902], [75.85516, 22.7578312], [75.8555747, 22.7561784], [75.8542869, 22.7558892], [75.854557, 22.7549296], [75.8528257, 22.754518], [75.8530466, 22.7538357], [75.85082, 22.7532662], [75.8501172, 22.7543839], [75.8497301, 22.755118], [75.8497066, 22.7553549], [75.8500126, 22.755593], [75.849921, 22.7558467], [75.849873, 22.7561437], [75.8499094, 22.7568693], [75.8499573, 22.7572693], [75.8501469, 22.7580438]]]}}, {"type": "Feature", "properties": {"layer": "industrial_zones", "osm_type": "way", "osm_id": 191928246, "name": null, "area_km2": 0.16891}, "geometry": {"type": "Polygon", "coordinates": [[[75.8519783, 22.7580337], [75.8514146, 22.7580522], [75.8514288, 22.7594116], [75.8510675, 22.7594498], [75.852681, 22.7618131], [75.8538426, 22.7633668], [75.8542903, 22.7636779], [75.8546253, 22.7636293], [75.8554119, 22.7629213], [75.8555431, 22.761572], [75.8544647, 22.7615874], [75.8544699, 22.759783], [75.8547748, 22.7593491], [75.854892, 22.7589129], [75.8549818, 22.7584433], [75.8549309, 22.75837], [75.8546544, 22.7581448], [75.8543984, 22.7580754], [75.8537395, 22.757992], [75.8526219, 22.7579678], [75.8519783, 22.7580337]]]}}, {"type": "Feature", "properties": {"layer": "industrial_zones", "osm_type": "way", "osm_id": 192305242, "name": "Malwa Mill", "area_km2": 0.14933}, "geometry": {"type": "Polygon", "coordinates": [[[75.8712541, 22.7389502], [75.873324, 22.7386378], [75.8738019, 22.7392001], [75.8741594, 22.7395368], [75.8745057, 22.7391481], [75.8745132, 22.7389329], [75.874468, 22.7387732], [75.8740654, 22.738322], [75.8739412, 22.7381241], [75.8739035, 22.7378812], [75.8740992, 22.7376347], [75.8744756, 22.73743], [75.8751455, 22.7373883], [75.8756949, 22.7374334], [75.8759358, 22.7372668], [75.8760788, 22.736944], [75.8762519, 22.7366004], [75.876504, 22.7362116], [75.8766847, 22.7360069], [75.8749874, 22.7345664], [75.8732848, 22.7360559], [75.872645, 22.736403], [75.8719224, 22.7366806], [75.8708724, 22.7370555], [75.870974, 22.7374026], [75.8712541, 22.7389502]]]}}, {"type": "Feature", "properties": {"layer": "industrial_zones", "osm_type": "way", "osm_id": 192306659, "name": null, "area_km2": 0.13405}, "geometry": {"type": "Polygon", "coordinates": [[[75.8687424, 22.7318843], [75.8695477, 22.7317316], [75.8696869, 22.7317281], [75.8698074, 22.7317871], [75.8698789, 22.7318496], [75.8702175, 22.7339529], [75.8713069, 22.7337703], [75.8713635, 22.7337608], [75.8716961, 22.7336957], [75.8720805, 22.7336406], [75.8721842, 22.7335034], [75.8732262, 22.7326734], [75.8734468, 22.732528], [75.8725657, 22.7317316], [75.8699993, 22.7297046], [75.8688582, 22.7289025], [75.8687332, 22.72917], [75.8686134, 22.7297173], [75.8685176, 22.7303358], [75.8687424, 22.7318843]]]}}, {"type": "Feature", "properties": {"layer": "industrial_zones", "osm_type": "way", "osm_id": 871656352, "name": null, "area_km2": 0.12012}, "geometry": {"type": "Polygon", "coordinates": [[[75.947687, 22.8402484], [75.9507716, 22.8396848], [75.9505731, 22.8388642], [75.9504336, 22.838701], [75.9501225, 22.8379396], [75.9500742, 22.8377716], [75.9498811, 22.8373365], [75.9497523, 22.8368223], [75.9474134, 22.8369805], [75.9469736, 22.8368075], [75.9462225, 22.8367333], [75.9458202, 22.8368718], [75.9464586, 22.8375392], [75.9463137, 22.837643], [75.946818, 22.8381522], [75.9473813, 22.8389976], [75.9475422, 22.839408], [75.9476387, 22.8398035], [75.947687, 22.8402484]]]}}, {"type": "Feature", "properties": {"layer": "industrial_zones", "osm_type": "way", "osm_id": 191619558, "name": null, "area_km2": 0.11273}, "geometry": {"type": "Polygon", "coordinates": [[[75.8884622, 22.7469121], [75.8886618, 22.7477981], [75.8895799, 22.7479453], [75.8894427, 22.7482085], [75.8892209, 22.7485349], [75.8890935, 22.7488857], [75.8891817, 22.7491541], [75.8891934, 22.7492503], [75.8884578, 22.749586], [75.8886032, 22.7500486], [75.8887124, 22.7501492], [75.8899312, 22.7498596], [75.8904836, 22.7497864], [75.8914022, 22.7496022], [75.8924416, 22.7493486], [75.8937478, 22.7490592], [75.8945123, 22.7488534], [75.8934689, 22.7483765], [75.8925443, 22.7480045], [75.8910202, 22.7473422], [75.8897406, 22.7471175], [75.8884622, 22.7469121]]]}}, {"type": "Feature", "properties": {"layer": "industrial_zones", "osm_type": "way", "osm_id": 192299476, "name": null, "area_km2": 0.0986}, "geometry": {"type": "Polygon", "coordinates": [[[75.8873275, 22.7444765], [75.8875406, 22.7460043], [75.8873916, 22.7462227], [75.8878532, 22.7464189], [75.8882533, 22.7466243], [75.8886003, 22.7467385], [75.8900919, 22.7470584], [75.8906317, 22.7471137], [75.8907343, 22.7463461], [75.8907753, 22.7455873], [75.8910332, 22.7455059], [75.8918705, 22.7452862], [75.8914058, 22.7439499], [75.8907775, 22.7439496], [75.8908413, 22.7444555], [75.8890797, 22.7445767], [75.8889125, 22.7446859], [75.8880567, 22.7447137], [75.8878861, 22.7446155], [75.88786, 22.7446005], [75.8877146, 22.7443885], [75.8873275, 22.7444765]]]}}, {"type": "Feature", "properties": {"layer": "industrial_zones", "osm_type": "way", "osm_id": 192154538, "name": "Champabagh", "area_km2": 0.09566}, "geometry": {"type": "Polygon", "coordinates": [[[75.8669419, 22.713087], [75.8658633, 22.7132107], [75.8643005, 22.7133264], [75.8638979, 22.7140414], [75.8639882, 22.7147182], [75.8640822, 22.715329], [75.8640019, 22.7157883], [75.8639191, 22.7161007], [75.8656325, 22.7157907], [75.8659311, 22.7155604], [75.8661079, 22.7151787], [75.8664377, 22.7148744], [75.8679663, 22.7147833], [75.867923, 22.714218], [75.8677637, 22.7135966], [75.867546, 22.7131114], [75.8669419, 22.713087]]]}}, {"type": "Feature", "properties": {"layer": "industrial_zones", "osm_type": "way", "osm_id": 192305240, "name": null, "area_km2": 0.09564}, "geometry": {"type": "Polygon", "coordinates": [[[75.8682328, 22.741164], [75.8689433, 22.7410265], [75.869715, 22.7409087], [75.8699439, 22.7405725], [75.8701408, 22.7403712], [75.8705746, 22.7402438], [75.8707951, 22.7401127], [75.8709748, 22.7400472], [75.8709222, 22.7399234], [75.8708893, 22.7398857], [75.8708772, 22.7398158], [75.8708075, 22.7398195], [75.8707988, 22.7397614], [75.8707693, 22.7396055], [75.8707384, 22.7394318], [75.8708061, 22.7391441], [75.8711041, 22.7391073], [75.8707342, 22.7371684], [75.8707203, 22.7371108], [75.8705852, 22.7370678], [75.8687943, 22.7373451], [75.8689859, 22.7384471], [75.869566, 22.7383342], [75.8696778, 22.7389208], [75.8676154, 22.739203], [75.8682328, 22.741164]]]}}, {"type": "Feature", "properties": {"layer": "industrial_zones", "osm_type": "way", "osm_id": 191953019, "name": null, "area_km2": 0.09496}, "geometry": {"type": "Polygon", "coordinates": [[[75.8633612, 22.7302682], [75.8649839, 22.7328488], [75.8651835, 22.7330254], [75.865375, 22.7331359], [75.8637627, 22.7352094], [75.8634674, 22.7348781], [75.8633317, 22.7344609], [75.8628895, 22.7338082], [75.8623801, 22.7331464], [75.8619322, 22.7323997], [75.8631317, 22.7302657], [75.8632297, 22.7302218], [75.8633612, 22.7302682]]]}}, {"type": "Feature", "properties": {"layer": "industrial_zones", "osm_type": "way", "osm_id": 370143804, "name": null, "area_km2": 0.07978}, "geometry": {"type": "Polygon", "coordinates": [[[75.8337725, 22.7111228], [75.8335157, 22.7117549], [75.8342742, 22.711882], [75.8341355, 22.7123571], [75.8349466, 22.7126445], [75.8350164, 22.7151124], [75.8361591, 22.7150954], [75.8363179, 22.7133264], [75.8379823, 22.7134531], [75.8380704, 22.7127013], [75.8367027, 22.7123007], [75.8355329, 22.711826], [75.8337725, 22.7111228]]]}}, {"type": "Feature", "properties": {"layer": "industrial_zones", "osm_type": "way", "osm_id": 370135144, "name": null, "area_km2": 0.06898}, "geometry": {"type": "Polygon", "coordinates": [[[75.8326356, 22.7310562], [75.8334052, 22.7326736], [75.8381715, 22.729228], [75.8380952, 22.7290004], [75.8371249, 22.7294693], [75.8370536, 22.729341], [75.8362569, 22.7294783], [75.835543, 22.7297923], [75.8355893, 22.72998], [75.835285, 22.7300827], [75.8349182, 22.7301671], [75.8345005, 22.7303789], [75.8338412, 22.7306023], [75.8326356, 22.7310562]]]}}, {"type": "Feature", "properties": {"layer": "industrial_zones", "osm_type": "way", "osm_id": 871656354, "name": null, "area_km2": 0.0683}, "geometry": {"type": "Polygon", "coordinates": [[[75.9198216, 22.8162738], [75.9198041, 22.8162899], [75.9186977, 22.814825], [75.9189284, 22.8146668], [75.9187031, 22.81438], [75.9192663, 22.8144344], [75.91932, 22.8138954], [75.9195131, 22.8139004], [75.9195721, 22.813218], [75.9203982, 22.8133169], [75.9207898, 22.8134331], [75.9214818, 22.8135345], [75.9228122, 22.8134801], [75.9231746, 22.8139531], [75.922839, 22.8141328], [75.9216294, 22.8142416], [75.9198216, 22.8162738]]]}}, {"type": "Feature", "properties": {"layer": "industrial_zones", "osm_type": "way", "osm_id": 871656353, "name": null, "area_km2": 0.05825}, "geometry": {"type": "Polygon", "coordinates": [[[75.9218895, 22.819384], [75.9234801, 22.818227], [75.9227854, 22.8166027], [75.922139, 22.8161255], [75.9215596, 22.8164691], [75.921565, 22.8166175], [75.9216428, 22.8168153], [75.9215301, 22.8172183], [75.9213316, 22.8172652], [75.921286, 22.8172059], [75.9206986, 22.8172257], [75.9204599, 22.8170922], [75.920763, 22.8175125], [75.9205806, 22.8176336], [75.9218895, 22.819384]]]}}, {"type": "Feature", "properties": {"layer": "industrial_zones", "osm_type": "way", "osm_id": 370135145, "name": null, "area_km2": 0.05202}, "geometry": {"type": "Polygon", "coordinates": [[[75.8410309, 22.7270089], [75.8409902, 22.7271105], [75.8400158, 22.7279048], [75.8381715, 22.729228], [75.8380952, 22.7290004], [75.8374787, 22.7273829], [75.8379533, 22.7270295], [75.8387472, 22.7267909], [75.839278, 22.7267703], [75.8399024, 22.7268567], [75.8410309, 22.7270089]]]}}, {"type": "Feature", "properties": {"layer": "industrial_zones", "osm_type": "way", "osm_id": 871656355, "name": null, "area_km2": 0.05098}, "geometry": {"type": "Polygon", "coordinates": [[[75.9231746, 22.8139531], [75.923869, 22.8148597], [75.9235418, 22.8149042], [75.923, 22.8147261], [75.9226835, 22.8147558], [75.922308, 22.8148893], [75.9220183, 22.8148943], [75.9218681, 22.8149981], [75.9218842, 22.8153986], [75.9220344, 22.8155766], [75.921962, 22.8159351], [75.9217045, 22.8161626], [75.9214872, 22.8161997], [75.9213504, 22.8163974], [75.9213477, 22.8166521], [75.9214148, 22.8168153], [75.9213906, 22.817018], [75.9213021, 22.8170699], [75.9203526, 22.8169364], [75.9198216, 22.8162738], [75.9216294, 22.8142416], [75.922839, 22.8141328], [75.9231746, 22.8139531]]]}}, {"type": "Feature", "properties": {"layer": "industrial_zones", "osm_type": "way", "osm_id": 871656333, "name": null, "area_km2": 0.02859}, "geometry": {"type": "Polygon", "coordinates": [[[75.7103947, 22.6944125], [75.7123554, 22.6944026], [75.71246, 22.6932841], [75.7112798, 22.6932049], [75.7112771, 22.6933237], [75.7101881, 22.693294], [75.7100084, 22.6933781], [75.7103947, 22.6944125]]]}}, {"type": "Feature", "properties": {"layer": "industrial_zones", "osm_type": "way", "osm_id": 1033380927, "name": null, "area_km2": 0.02701}, "geometry": {"type": "Polygon", "coordinates": [[[75.868982, 22.715421], [75.8697393, 22.7153464], [75.8699894, 22.715298], [75.8702713, 22.71523], [75.8710166, 22.7150209], [75.8711879, 22.7151385], [75.871133, 22.7153583], [75.8709074, 22.7157571], [75.8706145, 22.71612], [75.8703647, 22.716377], [75.8698991, 22.7166275], [75.8695173, 22.7167477], [75.8691355, 22.7168172], [75.868982, 22.715421]]]}}, {"type": "Feature", "properties": {"layer": "industrial_zones", "osm_type": "way", "osm_id": 370135185, "name": null, "area_km2": 0.02581}, "geometry": {"type": "Polygon", "coordinates": [[[75.8314946, 22.7343255], [75.8326855, 22.7334575], [75.8333723, 22.735247], [75.8318782, 22.7354732], [75.8314946, 22.7343255]]]}}, {"type": "Feature", "properties": {"layer": "industrial_zones", "osm_type": "way", "osm_id": 192306664, "name": null, "area_km2": 0.02446}, "geometry": {"type": "Polygon", "coordinates": [[[75.8704916, 22.735508], [75.8715932, 22.7352086], [75.8719125, 22.7351718], [75.8722425, 22.7351595], [75.8723995, 22.7361461], [75.871045, 22.7366762], [75.8707822, 22.7367835], [75.8706965, 22.7368185], [75.8704916, 22.735508]]]}}, {"type": "Feature", "properties": {"layer": "industrial_zones", "osm_type": "way", "osm_id": 871656339, "name": null, "area_km2": 0.01498}, "geometry": {"type": "Polygon", "coordinates": [[[75.7747784, 22.6927743], [75.7758406, 22.6927595], [75.775795, 22.6916682], [75.7747677, 22.6913415], [75.7747784, 22.6927743]]]}}, {"type": "Feature", "properties": {"layer": "industrial_zones", "osm_type": "way", "osm_id": 1262093028, "name": null, "area_km2": 0.01411}, "geometry": {"type": "Polygon", "coordinates": [[[75.8108742, 22.7205492], [75.8108992, 22.7215048], [75.8119072, 22.7215071], [75.8122068, 22.7210549], [75.8122774, 22.7208795], [75.8122945, 22.7205344], [75.8108742, 22.7205492]]]}}, {"type": "Feature", "properties": {"layer": "industrial_zones", "osm_type": "way", "osm_id": 362219260, "name": null, "area_km2": 0.0123}, "geometry": {"type": "Polygon", "coordinates": [[[75.8402104, 22.7217627], [75.8398276, 22.7217915], [75.8394539, 22.7218196], [75.8391085, 22.720625], [75.8392751, 22.720584], [75.8397623, 22.7205946], [75.8400665, 22.7206013], [75.8401529, 22.7211445], [75.8402598, 22.7215238], [75.8402886, 22.72174], [75.8402104, 22.7217627]]]}}, {"type": "Feature", "properties": {"layer": "industrial_zones", "osm_type": "way", "osm_id": 871656338, "name": null, "area_km2": 0.01195}, "geometry": {"type": "Polygon", "coordinates": [[[75.7725683, 22.6881864], [75.7730591, 22.6881616], [75.7732174, 22.6905719], [75.7727641, 22.6904309], [75.7727855, 22.6898741], [75.7727104, 22.6896464], [75.7725683, 22.6881864]]]}}, {"type": "Feature", "properties": {"layer": "industrial_zones", "osm_type": "way", "osm_id": 871656337, "name": null, "area_km2": 0.01045}, "geometry": {"type": "Polygon", "coordinates": [[[75.7759371, 22.6914083], [75.7763368, 22.691542], [75.7764038, 22.6909753], [75.7765031, 22.68954], [75.7760069, 22.6894633], [75.7759371, 22.6914083]]]}}, {"type": "Feature", "properties": {"layer": "industrial_zones", "osm_type": "way", "osm_id": 871656335, "name": null, "area_km2": 0.00879}, "geometry": {"type": "Polygon", "coordinates": [[[75.759986, 22.6839027], [75.7596776, 22.6840982], [75.7576257, 22.685046], [75.7579851, 22.6852217], [75.7598573, 22.6843228], [75.7602958, 22.6840895], [75.759986, 22.6839027]]]}}, {"type": "Feature", "properties": {"layer": "industrial_zones", "osm_type": "way", "osm_id": 192306661, "name": null, "area_km2": 0.00841}, "geometry": {"type": "Polygon", "coordinates": [[[75.8725969, 22.7343218], [75.8723556, 22.7345682], [75.872525, 22.7350593], [75.8731233, 22.7357222], [75.8735749, 22.7353526], [75.8725969, 22.7343218]]]}}, {"type": "Feature", "properties": {"layer": "industrial_zones", "osm_type": "way", "osm_id": 701890650, "name": "Skyline Industries (P) Limited", "area_km2": 0.00285}, "geometry": {"type": "Polygon", "coordinates": [[[75.8454237, 22.752597], [75.8457421, 22.7526806], [75.8459667, 22.7519528], [75.8456484, 22.7518692], [75.8454237, 22.752597]]]}}, {"type": "Feature", "properties": {"layer": "industrial_zones", "osm_type": "way", "osm_id": 697287565, "name": "JAYANT MARKETING PVT. LTD.", "area_km2": 0.00155}, "geometry": {"type": "Polygon", "coordinates": [[[75.8374777, 22.7632653], [75.8377554, 22.7632975], [75.837821, 22.7628158], [75.8375434, 22.7627836], [75.8374777, 22.7632653]]]}}, {"type": "Feature", "properties": {"layer": "industrial_zones", "osm_type": "way", "osm_id": 697185137, "name": "Indore Tools Pvt. Ltd.", "area_km2": 0.00148}, "geometry": {"type": "Polygon", "coordinates": [[[75.8437521, 22.7675169], [75.8439047, 22.7675194], [75.8439215, 22.7666699], [75.8437689, 22.7666673], [75.8437521, 22.7675169]]]}}, {"type": "Feature", "properties": {"layer": "industrial_zones", "osm_type": "way", "osm_id": 700588381, "name": "Hindustan Equipments Pvt. Ltd", "area_km2": 0.00142}, "geometry": {"type": "Polygon", "coordinates": [[[75.8573006, 22.770136], [75.8577403, 22.7701344], [75.8577391, 22.7698503], [75.8572994, 22.7698519], [75.8573006, 22.770136]]]}}, {"type": "Feature", "properties": {"layer": "industrial_zones", "osm_type": "way", "osm_id": 700860666, "name": "Prem Textiles", "area_km2": 0.00125}, "geometry": {"type": "Polygon", "coordinates": [[[75.8504409, 22.7673672], [75.8506862, 22.7673666], [75.8506848, 22.7669202], [75.8504395, 22.7669208], [75.8504409, 22.7673672]]]}}, {"type": "Feature", "properties": {"layer": "industrial_zones", "osm_type": "way", "osm_id": 494912036, "name": "iim indore power generator", "area_km2": 0.0009}, "geometry": {"type": "Polygon", "coordinates": [[[75.7900609, 22.6252376], [75.7900785, 22.6250406], [75.7904764, 22.6250709], [75.7904588, 22.6252679], [75.7900609, 22.6252376]]]}}, {"type": "Feature", "properties": {"layer": "industrial_zones", "osm_type": "way", "osm_id": 701094217, "name": "House of paper", "area_km2": 0.00085}, "geometry": {"type": "Polygon", "coordinates": [[[75.8438359, 22.6974313], [75.8441404, 22.6974041], [75.8441148, 22.6971607], [75.8438104, 22.6971879], [75.8438359, 22.6974313]]]}}, {"type": "Feature", "properties": {"layer": "industrial_zones", "osm_type": "way", "osm_id": 701046234, "name": "Vora Wires Industries (India) Limited", "area_km2": 0.00083}, "geometry": {"type": "Polygon", "coordinates": [[[75.8438312, 22.7559455], [75.8441061, 22.7560679], [75.8442182, 22.7558539], [75.8439432, 22.7557315], [75.8438312, 22.7559455]]]}}, {"type": "Feature", "properties": {"layer": "industrial_zones", "osm_type": "way", "osm_id": 697278755, "name": "Shri Nakoda Recycling industries", "area_km2": 0.00071}, "geometry": {"type": "Polygon", "coordinates": [[[75.8416197, 22.7627571], [75.8419079, 22.7628048], [75.8419254, 22.7625828], [75.8416446, 22.7625468], [75.8416197, 22.7627571]]]}}, {"type": "Feature", "properties": {"layer": "industrial_zones", "osm_type": "way", "osm_id": 701016339, "name": "Shree Paper Industries", "area_km2": 0.00061}, "geometry": {"type": "Polygon", "coordinates": [[[75.8387444, 22.759935], [75.8391163, 22.7599886], [75.83914, 22.7598484], [75.8387682, 22.7597948], [75.8387444, 22.759935]]]}}, {"type": "Feature", "properties": {"layer": "industrial_zones", "osm_type": "way", "osm_id": 697284501, "name": "ITL Industries Limited", "area_km2": 0.00039}, "geometry": {"type": "Polygon", "coordinates": [[[75.8435677, 22.7648099], [75.84377, 22.7648115], [75.8437715, 22.7646442], [75.8435693, 22.7646426], [75.8435677, 22.7648099]]]}}, {"type": "Feature", "properties": {"layer": "vulnerability_pois", "category": "hospital", "name": "Greater Kailash Hospital", "osm_type": "node", "osm_id": 1802056893}, "geometry": {"type": "Point", "coordinates": [75.890465, 22.725082]}}, {"type": "Feature", "properties": {"layer": "vulnerability_pois", "category": "school", "name": "IIPS, DAVV", "osm_type": "node", "osm_id": 1802074257}, "geometry": {"type": "Point", "coordinates": [75.876236, 22.688385]}}, {"type": "Feature", "properties": {"layer": "vulnerability_pois", "category": "school", "name": "School of Pharmacy, DAVV", "osm_type": "node", "osm_id": 1802074258}, "geometry": {"type": "Point", "coordinates": [75.880198, 22.683899]}}, {"type": "Feature", "properties": {"layer": "vulnerability_pois", "category": "school", "name": "Devi Ahilya University", "osm_type": "node", "osm_id": 1802074290}, "geometry": {"type": "Point", "coordinates": [75.870472, 22.689303]}}, {"type": "Feature", "properties": {"layer": "vulnerability_pois", "category": "school", "name": "F blocb", "osm_type": "node", "osm_id": 2357110256}, "geometry": {"type": "Point", "coordinates": [75.791744, 22.626417]}}, {"type": "Feature", "properties": {"layer": "vulnerability_pois", "category": "school", "name": "Indian Institute of management Indore", "osm_type": "node", "osm_id": 2357111063}, "geometry": {"type": "Point", "coordinates": [75.790408, 22.626847]}}, {"type": "Feature", "properties": {"layer": "vulnerability_pois", "category": "hospital", "name": "Shri Aurobindo dental clinic and institute of medical science", "osm_type": "node", "osm_id": 4273145396}, "geometry": {"type": "Point", "coordinates": [75.845636, 22.791523]}}, {"type": "Feature", "properties": {"layer": "vulnerability_pois", "category": "school", "name": "St. Arnolds School", "osm_type": "node", "osm_id": 4310453690}, "geometry": {"type": "Point", "coordinates": [75.891646, 22.713464]}}, {"type": "Feature", "properties": {"layer": "vulnerability_pois", "category": "school", "name": "ahilya ashram", "osm_type": "node", "osm_id": 4319048592}, "geometry": {"type": "Point", "coordinates": [75.861009, 22.734562]}}, {"type": "Feature", "properties": {"layer": "vulnerability_pois", "category": "hospital", "name": "Shubham Hospital", "osm_type": "node", "osm_id": 4634651012}, "geometry": {"type": "Point", "coordinates": [75.826379, 22.691041]}}, {"type": "Feature", "properties": {"layer": "vulnerability_pois", "category": "hospital", "name": "Aditya Nursing Home", "osm_type": "node", "osm_id": 4691762672}, "geometry": {"type": "Point", "coordinates": [75.833794, 22.697795]}}, {"type": "Feature", "properties": {"layer": "vulnerability_pois", "category": "school", "name": "Sarafa Vidhya Niketan", "osm_type": "node", "osm_id": 4695066853}, "geometry": {"type": "Point", "coordinates": [75.84276, 22.707092]}}, {"type": "Feature", "properties": {"layer": "vulnerability_pois", "category": "school", "name": "Shri BD Toshniwal Maheswari Bal Mandir", "osm_type": "node", "osm_id": 4695086684}, "geometry": {"type": "Point", "coordinates": [75.849189, 22.711024]}}, {"type": "Feature", "properties": {"layer": "vulnerability_pois", "category": "school", "name": "Bal Vinay Mandir", "osm_type": "node", "osm_id": 4695086688}, "geometry": {"type": "Point", "coordinates": [75.848086, 22.710078]}}, {"type": "Feature", "properties": {"layer": "vulnerability_pois", "category": "school", "name": "Government Malav girls H.S. School", "osm_type": "node", "osm_id": 4695247532}, "geometry": {"type": "Point", "coordinates": [75.841757, 22.705174]}}, {"type": "Feature", "properties": {"layer": "vulnerability_pois", "category": "school", "name": "shri vaishnav politechnic colg", "osm_type": "node", "osm_id": 4695293578}, "geometry": {"type": "Point", "coordinates": [75.839654, 22.706578]}}, {"type": "Feature", "properties": {"layer": "vulnerability_pois", "category": "hospital", "name": "Curewell hospital janjeerwala square", "osm_type": "node", "osm_id": 5718306821}, "geometry": {"type": "Point", "coordinates": [75.881964, 22.726664]}}, {"type": "Feature", "properties": {"layer": "vulnerability_pois", "category": "school", "name": "Manas Wisdom Education Academy", "osm_type": "node", "osm_id": 5951076247}, "geometry": {"type": "Point", "coordinates": [75.926956, 22.817526]}}, {"type": "Feature", "properties": {"layer": "vulnerability_pois", "category": "school", "name": "Swami Vivekanand Eminent School", "osm_type": "node", "osm_id": 5951172513}, "geometry": {"type": "Point", "coordinates": [75.926689, 22.818276]}}, {"type": "Feature", "properties": {"layer": "vulnerability_pois", "category": "elderly_care", "name": "Prem Nursing Home", "osm_type": "node", "osm_id": 5951201522}, "geometry": {"type": "Point", "coordinates": [75.926305, 22.81787]}}, {"type": "Feature", "properties": {"layer": "vulnerability_pois", "category": "school", "name": "dwfdc", "osm_type": "node", "osm_id": 6183215259}, "geometry": {"type": "Point", "coordinates": [75.942875, 22.819925]}}, {"type": "Feature", "properties": {"layer": "vulnerability_pois", "category": "hospital", "name": "kjd", "osm_type": "node", "osm_id": 6183215260}, "geometry": {"type": "Point", "coordinates": [75.943153, 22.819752]}}, {"type": "Feature", "properties": {"layer": "vulnerability_pois", "category": "hospital", "name": "Yoga Amrutam", "osm_type": "node", "osm_id": 6187427616}, "geometry": {"type": "Point", "coordinates": [75.902096, 22.757924]}}, {"type": "Feature", "properties": {"layer": "vulnerability_pois", "category": "hospital", "name": "Dr. Vrinda Vashistha", "osm_type": "node", "osm_id": 6187436057}, "geometry": {"type": "Point", "coordinates": [75.904823, 22.753581]}}, {"type": "Feature", "properties": {"layer": "vulnerability_pois", "category": "hospital", "name": "Total Homeopathic Pharmacy and Clinic", "osm_type": "node", "osm_id": 6187436058}, "geometry": {"type": "Point", "coordinates": [75.904414, 22.753147]}}, {"type": "Feature", "properties": {"layer": "vulnerability_pois", "category": "hospital", "name": "Care Ayurveda Clinic", "osm_type": "node", "osm_id": 6187439584}, "geometry": {"type": "Point", "coordinates": [75.887718, 22.753729]}}, {"type": "Feature", "properties": {"layer": "vulnerability_pois", "category": "hospital", "name": "Gehm Clinic and Research Centre", "osm_type": "node", "osm_id": 6187441512}, "geometry": {"type": "Point", "coordinates": [75.877075, 22.764387]}}, {"type": "Feature", "properties": {"layer": "vulnerability_pois", "category": "hospital", "name": "Dr. Pankaj Chauhan Physician", "osm_type": "node", "osm_id": 6187442715}, "geometry": {"type": "Point", "coordinates": [75.878754, 22.767137]}}, {"type": "Feature", "properties": {"layer": "vulnerability_pois", "category": "hospital", "name": "Heart and Diabetes Care Center", "osm_type": "node", "osm_id": 6187444638}, "geometry": {"type": "Point", "coordinates": [75.902118, 22.753466]}}, {"type": "Feature", "properties": {"layer": "vulnerability_pois", "category": "hospital", "name": "Dr. Meghna Laghate Kelkar", "osm_type": "node", "osm_id": 6187444667}, "geometry": {"type": "Point", "coordinates": [75.904943, 22.753023]}}, {"type": "Feature", "properties": {"layer": "vulnerability_pois", "category": "hospital", "name": "Dr. Seema Bajpai", "osm_type": "node", "osm_id": 6187445419}, "geometry": {"type": "Point", "coordinates": [75.900086, 22.750799]}}, {"type": "Feature", "properties": {"layer": "vulnerability_pois", "category": "hospital", "name": "Dr. A. R. pawar", "osm_type": "node", "osm_id": 6187446196}, "geometry": {"type": "Point", "coordinates": [75.895936, 22.758364]}}, {"type": "Feature", "properties": {"layer": "vulnerability_pois", "category": "hospital", "name": "Shubham Dental Clinic", "osm_type": "node", "osm_id": 6187452261}, "geometry": {"type": "Point", "coordinates": [75.904557, 22.753171]}}, {"type": "Feature", "properties": {"layer": "vulnerability_pois", "category": "hospital", "name": "Sheanil Clinic", "osm_type": "node", "osm_id": 6187452263}, "geometry": {"type": "Point", "coordinates": [75.8936, 22.756267]}}, {"type": "Feature", "properties": {"layer": "vulnerability_pois", "category": "hospital", "name": "Centre For Sight", "osm_type": "node", "osm_id": 6187452264}, "geometry": {"type": "Point", "coordinates": [75.892892, 22.755944]}}, {"type": "Feature", "properties": {"layer": "vulnerability_pois", "category": "hospital", "name": "Dr. Anand Singh Raje", "osm_type": "node", "osm_id": 6187459222}, "geometry": {"type": "Point", "coordinates": [75.888328, 22.763994]}}, {"type": "Feature", "properties": {"layer": "vulnerability_pois", "category": "hospital", "name": "Shiva Netralaya-Dr Sharad Agrawal", "osm_type": "node", "osm_id": 6187460196}, "geometry": {"type": "Point", "coordinates": [75.887803, 22.753113]}}, {"type": "Feature", "properties": {"layer": "vulnerability_pois", "category": "hospital", "name": "Ayurveda Amratam", "osm_type": "node", "osm_id": 6187463098}, "geometry": {"type": "Point", "coordinates": [75.902677, 22.757169]}}, {"type": "Feature", "properties": {"layer": "vulnerability_pois", "category": "hospital", "name": "AKAMI Ayurveda", "osm_type": "node", "osm_id": 6187463099}, "geometry": {"type": "Point", "coordinates": [75.902574, 22.757546]}}, {"type": "Feature", "properties": {"layer": "vulnerability_pois", "category": "hospital", "name": "Dr.R.S Rathore", "osm_type": "node", "osm_id": 6187463100}, "geometry": {"type": "Point", "coordinates": [75.903842, 22.76221]}}, {"type": "Feature", "properties": {"layer": "vulnerability_pois", "category": "hospital", "name": "Ethereal Skin and Laser Clinique", "osm_type": "node", "osm_id": 6187463493}, "geometry": {"type": "Point", "coordinates": [75.903581, 22.757789]}}, {"type": "Feature", "properties": {"layer": "vulnerability_pois", "category": "hospital", "name": "Ashadeep Hospital", "osm_type": "node", "osm_id": 6187463592}, "geometry": {"type": "Point", "coordinates": [75.891444, 22.763765]}}, {"type": "Feature", "properties": {"layer": "vulnerability_pois", "category": "hospital", "name": "Amit Vyas Clinic", "osm_type": "node", "osm_id": 6187530516}, "geometry": {"type": "Point", "coordinates": [75.886104, 22.761605]}}, {"type": "Feature", "properties": {"layer": "vulnerability_pois", "category": "school", "name": "Arihant Public School", "osm_type": "node", "osm_id": 6187530752}, "geometry": {"type": "Point", "coordinates": [75.889853, 22.770688]}}, {"type": "Feature", "properties": {"layer": "vulnerability_pois", "category": "school", "name": "New Arihant Academy", "osm_type": "node", "osm_id": 6187530753}, "geometry": {"type": "Point", "coordinates": [75.891173, 22.768605]}}, {"type": "Feature", "properties": {"layer": "vulnerability_pois", "category": "school", "name": "Navodaya Convnt School", "osm_type": "node", "osm_id": 6187530755}, "geometry": {"type": "Point", "coordinates": [75.89312, 22.768071]}}, {"type": "Feature", "properties": {"layer": "vulnerability_pois", "category": "hospital", "name": "Medicare Homeo Centre", "osm_type": "node", "osm_id": 6187530756}, "geometry": {"type": "Point", "coordinates": [75.893239, 22.768041]}}, {"type": "Feature", "properties": {"layer": "vulnerability_pois", "category": "hospital", "name": "Sankalp Physiotherapy Clinic", "osm_type": "node", "osm_id": 6187534264}, "geometry": {"type": "Point", "coordinates": [75.904331, 22.753156]}}, {"type": "Feature", "properties": {"layer": "vulnerability_pois", "category": "hospital", "name": "Dr. H.L.Jain", "osm_type": "node", "osm_id": 6187534828}, "geometry": {"type": "Point", "coordinates": [75.903154, 22.757343]}}, {"type": "Feature", "properties": {"layer": "vulnerability_pois", "category": "hospital", "name": "Sukriti Clinic", "osm_type": "node", "osm_id": 6187539851}, "geometry": {"type": "Point", "coordinates": [75.886366, 22.760521]}}, {"type": "Feature", "properties": {"layer": "vulnerability_pois", "category": "hospital", "name": "Banadas Homeopathic Clinic", "osm_type": "node", "osm_id": 6187541494}, "geometry": {"type": "Point", "coordinates": [75.88788, 22.753342]}}, {"type": "Feature", "properties": {"layer": "vulnerability_pois", "category": "hospital", "name": "Arogyam Homeopathic Clinic- Dr. Rajesh Bhordiya & Dr. Tanuja Bhordiya", "osm_type": "node", "osm_id": 6187545548}, "geometry": {"type": "Point", "coordinates": [75.885865, 22.753717]}}, {"type": "Feature", "properties": {"layer": "vulnerability_pois", "category": "hospital", "name": "New Clinic", "osm_type": "node", "osm_id": 6187556919}, "geometry": {"type": "Point", "coordinates": [75.893004, 22.767388]}}, {"type": "Feature", "properties": {"layer": "vulnerability_pois", "category": "hospital", "name": "Poly Clinic", "osm_type": "node", "osm_id": 6187556921}, "geometry": {"type": "Point", "coordinates": [75.895078, 22.768129]}}, {"type": "Feature", "properties": {"layer": "vulnerability_pois", "category": "hospital", "name": "Dr. Akanksha Asthana's Care Physio", "osm_type": "node", "osm_id": 6187557059}, "geometry": {"type": "Point", "coordinates": [75.883167, 22.757622]}}, {"type": "Feature", "properties": {"layer": "vulnerability_pois", "category": "hospital", "name": "Rhythmic Power Yoga", "osm_type": "node", "osm_id": 6187557090}, "geometry": {"type": "Point", "coordinates": [75.88723, 22.755851]}}, {"type": "Feature", "properties": {"layer": "vulnerability_pois", "category": "hospital", "name": "Kanak Hospital", "osm_type": "node", "osm_id": 6187557408}, "geometry": {"type": "Point", "coordinates": [75.887123, 22.765047]}}, {"type": "Feature", "properties": {"layer": "vulnerability_pois", "category": "hospital", "name": "Dr Pawar Clinic", "osm_type": "node", "osm_id": 6187559822}, "geometry": {"type": "Point", "coordinates": [75.886349, 22.745877]}}, {"type": "Feature", "properties": {"layer": "vulnerability_pois", "category": "hospital", "name": "Dr.Renu Dubey(Sharma)", "osm_type": "node", "osm_id": 6187574518}, "geometry": {"type": "Point", "coordinates": [75.904829, 22.753627]}}, {"type": "Feature", "properties": {"layer": "vulnerability_pois", "category": "hospital", "name": "Care Ayurveda Clinic", "osm_type": "node", "osm_id": 6187574785}, "geometry": {"type": "Point", "coordinates": [75.887724, 22.753724]}}, {"type": "Feature", "properties": {"layer": "vulnerability_pois", "category": "school", "name": "Tender Hearts School", "osm_type": "node", "osm_id": 6187578991}, "geometry": {"type": "Point", "coordinates": [75.892486, 22.76592]}}, {"type": "Feature", "properties": {"layer": "vulnerability_pois", "category": "hospital", "name": "\u0913\u092a\u0940\u0921\u0940 \u090f\u0928\u0947\u0915\u094d\u0938", "osm_type": "node", "osm_id": 6187914690}, "geometry": {"type": "Point", "coordinates": [75.884513, 22.757823]}}, {"type": "Feature", "properties": {"layer": "vulnerability_pois", "category": "hospital", "name": "Star diagnosis centre", "osm_type": "node", "osm_id": 6187914691}, "geometry": {"type": "Point", "coordinates": [75.885231, 22.757399]}}, {"type": "Feature", "properties": {"layer": "vulnerability_pois", "category": "hospital", "name": "Dr. Bhavna Soni, Dr. Harish Soni", "osm_type": "node", "osm_id": 6188005638}, "geometry": {"type": "Point", "coordinates": [75.888359, 22.747171]}}, {"type": "Feature", "properties": {"layer": "vulnerability_pois", "category": "hospital", "name": "Dr. Anil Jain", "osm_type": "node", "osm_id": 6188028581}, "geometry": {"type": "Point", "coordinates": [75.886419, 22.745803]}}, {"type": "Feature", "properties": {"layer": "vulnerability_pois", "category": "hospital", "name": "Mother Care Nursing Home", "osm_type": "node", "osm_id": 6188049620}, "geometry": {"type": "Point", "coordinates": [75.885923, 22.758512]}}, {"type": "Feature", "properties": {"layer": "vulnerability_pois", "category": "hospital", "name": "Girivar Clinic", "osm_type": "node", "osm_id": 6188104190}, "geometry": {"type": "Point", "coordinates": [75.884157, 22.757364]}}, {"type": "Feature", "properties": {"layer": "vulnerability_pois", "category": "hospital", "name": "\u0915\u0948\u0902\u0938\u0930 \u0915\u0947\u0905\u0930 \u0938\u0947\u0902\u091f\u0930", "osm_type": "node", "osm_id": 6189270336}, "geometry": {"type": "Point", "coordinates": [75.886093, 22.756984]}}, {"type": "Feature", "properties": {"layer": "vulnerability_pois", "category": "hospital", "name": "Dr. Vishal Yadav", "osm_type": "node", "osm_id": 6192670247}, "geometry": {"type": "Point", "coordinates": [75.89381, 22.751637]}}, {"type": "Feature", "properties": {"layer": "vulnerability_pois", "category": "hospital", "name": "Dr. Rakesh Tanwar", "osm_type": "node", "osm_id": 6192694536}, "geometry": {"type": "Point", "coordinates": [75.893834, 22.751636]}}, {"type": "Feature", "properties": {"layer": "vulnerability_pois", "category": "hospital", "name": "Dr. Reddy's mind clinic", "osm_type": "node", "osm_id": 6192720175}, "geometry": {"type": "Point", "coordinates": [75.894183, 22.751703]}}, {"type": "Feature", "properties": {"layer": "vulnerability_pois", "category": "hospital", "name": "Jay Homeo Clinic", "osm_type": "node", "osm_id": 6192789174}, "geometry": {"type": "Point", "coordinates": [75.893352, 22.751782]}}, {"type": "Feature", "properties": {"layer": "vulnerability_pois", "category": "hospital", "name": "Dr. Manoranjan Baranwal", "osm_type": "node", "osm_id": 6193001660}, "geometry": {"type": "Point", "coordinates": [75.905378, 22.754131]}}, {"type": "Feature", "properties": {"layer": "vulnerability_pois", "category": "hospital", "name": "Dr.Malti's Homeo Clinic And Research Centre", "osm_type": "node", "osm_id": 6193034279}, "geometry": {"type": "Point", "coordinates": [75.907561, 22.755081]}}, {"type": "Feature", "properties": {"layer": "vulnerability_pois", "category": "hospital", "name": "Dr. D.C. Surana", "osm_type": "node", "osm_id": 6193041579}, "geometry": {"type": "Point", "coordinates": [75.889324, 22.756212]}}, {"type": "Feature", "properties": {"layer": "vulnerability_pois", "category": "hospital", "name": "Dr.Deepak Bhandari", "osm_type": "node", "osm_id": 6193041580}, "geometry": {"type": "Point", "coordinates": [75.890765, 22.756663]}}, {"type": "Feature", "properties": {"layer": "vulnerability_pois", "category": "hospital", "name": "V-Care Hospital & Research Centre", "osm_type": "node", "osm_id": 6193041581}, "geometry": {"type": "Point", "coordinates": [75.892449, 22.756846]}}, {"type": "Feature", "properties": {"layer": "vulnerability_pois", "category": "hospital", "name": "Khushi Homeo Clinic", "osm_type": "node", "osm_id": 6193224936}, "geometry": {"type": "Point", "coordinates": [75.900829, 22.747629]}}, {"type": "Feature", "properties": {"layer": "vulnerability_pois", "category": "hospital", "name": "Dr.Praveen Kayat", "osm_type": "node", "osm_id": 6193245406}, "geometry": {"type": "Point", "coordinates": [75.900947, 22.748035]}}, {"type": "Feature", "properties": {"layer": "vulnerability_pois", "category": "hospital", "name": "Ayush Homeopathy Clinic", "osm_type": "node", "osm_id": 6193278119}, "geometry": {"type": "Point", "coordinates": [75.896251, 22.75571]}}, {"type": "Feature", "properties": {"layer": "vulnerability_pois", "category": "hospital", "name": "Suprabhat Helthcare and Cornea Labs and Surgical Centre", "osm_type": "node", "osm_id": 6193278121}, "geometry": {"type": "Point", "coordinates": [75.896698, 22.756534]}}, {"type": "Feature", "properties": {"layer": "vulnerability_pois", "category": "hospital", "name": "Cosmo-Care Clinic", "osm_type": "node", "osm_id": 6193278122}, "geometry": {"type": "Point", "coordinates": [75.890748, 22.756198]}}, {"type": "Feature", "properties": {"layer": "vulnerability_pois", "category": "hospital", "name": "Indore India Eye Care", "osm_type": "node", "osm_id": 6193278123}, "geometry": {"type": "Point", "coordinates": [75.890641, 22.756218]}}, {"type": "Feature", "properties": {"layer": "vulnerability_pois", "category": "hospital", "name": "Sunita Chouhan", "osm_type": "node", "osm_id": 6193330068}, "geometry": {"type": "Point", "coordinates": [75.896223, 22.755842]}}, {"type": "Feature", "properties": {"layer": "vulnerability_pois", "category": "hospital", "name": "Dr.Shabbir Dubey", "osm_type": "node", "osm_id": 6193350419}, "geometry": {"type": "Point", "coordinates": [75.900893, 22.749193]}}, {"type": "Feature", "properties": {"layer": "vulnerability_pois", "category": "hospital", "name": "Dr.Aditya Bhatt", "osm_type": "node", "osm_id": 6193424919}, "geometry": {"type": "Point", "coordinates": [75.901604, 22.749042]}}, {"type": "Feature", "properties": {"layer": "vulnerability_pois", "category": "hospital", "name": "Dr. Nari Masand", "osm_type": "node", "osm_id": 6193456515}, "geometry": {"type": "Point", "coordinates": [75.888292, 22.762968]}}, {"type": "Feature", "properties": {"layer": "vulnerability_pois", "category": "hospital", "name": "Family Clinic", "osm_type": "node", "osm_id": 6193479449}, "geometry": {"type": "Point", "coordinates": [75.890974, 22.76069]}}, {"type": "Feature", "properties": {"layer": "vulnerability_pois", "category": "school", "name": "St. Arnold's higher secondary school", "osm_type": "node", "osm_id": 6194026991}, "geometry": {"type": "Point", "coordinates": [75.895311, 22.758269]}}, {"type": "Feature", "properties": {"layer": "vulnerability_pois", "category": "hospital", "name": null, "osm_type": "node", "osm_id": 6194026992}, "geometry": {"type": "Point", "coordinates": [75.8989, 22.762847]}}, {"type": "Feature", "properties": {"layer": "vulnerability_pois", "category": "hospital", "name": "Pratibha Verma", "osm_type": "node", "osm_id": 6194026993}, "geometry": {"type": "Point", "coordinates": [75.895616, 22.75977]}}, {"type": "Feature", "properties": {"layer": "vulnerability_pois", "category": "hospital", "name": "Amit Vyas", "osm_type": "node", "osm_id": 6194026994}, "geometry": {"type": "Point", "coordinates": [75.895704, 22.761992]}}, {"type": "Feature", "properties": {"layer": "vulnerability_pois", "category": "hospital", "name": "Indore Institute Of Medical Scinces", "osm_type": "node", "osm_id": 6194026995}, "geometry": {"type": "Point", "coordinates": [75.896181, 22.761195]}}, {"type": "Feature", "properties": {"layer": "vulnerability_pois", "category": "hospital", "name": "Dr. Vrinda Vashishta", "osm_type": "node", "osm_id": 6194026996}, "geometry": {"type": "Point", "coordinates": [75.898252, 22.761423]}}, {"type": "Feature", "properties": {"layer": "vulnerability_pois", "category": "hospital", "name": "Yash Health Care Clinic", "osm_type": "node", "osm_id": 6194067050}, "geometry": {"type": "Point", "coordinates": [75.902084, 22.748886]}}, {"type": "Feature", "properties": {"layer": "vulnerability_pois", "category": "hospital", "name": "Dr. Hansali Bhartiya(Neema)", "osm_type": "node", "osm_id": 6194129944}, "geometry": {"type": "Point", "coordinates": [75.905041, 22.753163]}}, {"type": "Feature", "properties": {"layer": "vulnerability_pois", "category": "hospital", "name": "Dr. Isha Singh", "osm_type": "node", "osm_id": 6194136823}, "geometry": {"type": "Point", "coordinates": [75.904691, 22.753547]}}, {"type": "Feature", "properties": {"layer": "vulnerability_pois", "category": "hospital", "name": "Star Diagnostic Center", "osm_type": "node", "osm_id": 6194143871}, "geometry": {"type": "Point", "coordinates": [75.890811, 22.752762]}}, {"type": "Feature", "properties": {"layer": "vulnerability_pois", "category": "hospital", "name": "Dr. Rajni Maglawat", "osm_type": "node", "osm_id": 6194145074}, "geometry": {"type": "Point", "coordinates": [75.907942, 22.753888]}}, {"type": "Feature", "properties": {"layer": "vulnerability_pois", "category": "hospital", "name": "Dr.Piyush Joshi", "osm_type": "node", "osm_id": 6194149486}, "geometry": {"type": "Point", "coordinates": [75.907953, 22.753871]}}, {"type": "Feature", "properties": {"layer": "vulnerability_pois", "category": "hospital", "name": "Dr.Balraj Jharbade", "osm_type": "node", "osm_id": 6194159937}, "geometry": {"type": "Point", "coordinates": [75.907966, 22.753861]}}, {"type": "Feature", "properties": {"layer": "vulnerability_pois", "category": "hospital", "name": "Dr. Ashutosh Singh", "osm_type": "node", "osm_id": 6194160340}, "geometry": {"type": "Point", "coordinates": [75.904212, 22.751814]}}, {"type": "Feature", "properties": {"layer": "vulnerability_pois", "category": "hospital", "name": "Yogiraj Clinic", "osm_type": "node", "osm_id": 6194162590}, "geometry": {"type": "Point", "coordinates": [75.906676, 22.748431]}}, {"type": "Feature", "properties": {"layer": "vulnerability_pois", "category": "hospital", "name": "Herbo Care Gupta Clinic", "osm_type": "node", "osm_id": 6194166092}, "geometry": {"type": "Point", "coordinates": [75.900464, 22.749271]}}, {"type": "Feature", "properties": {"layer": "vulnerability_pois", "category": "hospital", "name": "Dr. Dubey", "osm_type": "node", "osm_id": 6194167276}, "geometry": {"type": "Point", "coordinates": [75.900417, 22.749326]}}, {"type": "Feature", "properties": {"layer": "vulnerability_pois", "category": "hospital", "name": "Dr. Sanjay K. Jain", "osm_type": "node", "osm_id": 6194186806}, "geometry": {"type": "Point", "coordinates": [75.904573, 22.753542]}}, {"type": "Feature", "properties": {"layer": "vulnerability_pois", "category": "hospital", "name": "Bombay Clinic", "osm_type": "node", "osm_id": 6194189203}, "geometry": {"type": "Point", "coordinates": [75.904559, 22.753555]}}, {"type": "Feature", "properties": {"layer": "vulnerability_pois", "category": "hospital", "name": "Dr. Prena Raje Batham", "osm_type": "node", "osm_id": 6194203911}, "geometry": {"type": "Point", "coordinates": [75.907942, 22.753787]}}, {"type": "Feature", "properties": {"layer": "vulnerability_pois", "category": "hospital", "name": "Aashirwad Homeo Clinic", "osm_type": "node", "osm_id": 6194204667}, "geometry": {"type": "Point", "coordinates": [75.889503, 22.752686]}}, {"type": "Feature", "properties": {"layer": "vulnerability_pois", "category": "hospital", "name": "Dr. Neelam Barnawal", "osm_type": "node", "osm_id": 6194204668}, "geometry": {"type": "Point", "coordinates": [75.905587, 22.754017]}}, {"type": "Feature", "properties": {"layer": "vulnerability_pois", "category": "hospital", "name": "Dr. Ashish Batham", "osm_type": "node", "osm_id": 6194206621}, "geometry": {"type": "Point", "coordinates": [75.907888, 22.753788]}}, {"type": "Feature", "properties": {"layer": "vulnerability_pois", "category": "hospital", "name": "Dr. Pradeep Ramteke", "osm_type": "node", "osm_id": 6194206878}, "geometry": {"type": "Point", "coordinates": [75.908473, 22.75376]}}, {"type": "Feature", "properties": {"layer": "vulnerability_pois", "category": "hospital", "name": "Shri Ayush Arogyam", "osm_type": "node", "osm_id": 6194238649}, "geometry": {"type": "Point", "coordinates": [75.907534, 22.754903]}}, {"type": "Feature", "properties": {"layer": "vulnerability_pois", "category": "hospital", "name": "Aarogya Jivan Homeopathy Clinic", "osm_type": "node", "osm_id": 6194264852}, "geometry": {"type": "Point", "coordinates": [75.890592, 22.752564]}}, {"type": "Feature", "properties": {"layer": "vulnerability_pois", "category": "hospital", "name": "Bhandari Hospital and Research Center", "osm_type": "node", "osm_id": 6194292537}, "geometry": {"type": "Point", "coordinates": [75.88898, 22.7528]}}, {"type": "Feature", "properties": {"layer": "vulnerability_pois", "category": "hospital", "name": "Dr. Shreesh Fatak", "osm_type": "node", "osm_id": 6194296154}, "geometry": {"type": "Point", "coordinates": [75.889118, 22.756233]}}, {"type": "Feature", "properties": {"layer": "vulnerability_pois", "category": "hospital", "name": "Ayushman Homeopathic Centre", "osm_type": "node", "osm_id": 6194296156}, "geometry": {"type": "Point", "coordinates": [75.890872, 22.756159]}}, {"type": "Feature", "properties": {"layer": "vulnerability_pois", "category": "hospital", "name": "Dr. Vikas Jain", "osm_type": "node", "osm_id": 6194296157}, "geometry": {"type": "Point", "coordinates": [75.890885, 22.756213]}}, {"type": "Feature", "properties": {"layer": "vulnerability_pois", "category": "hospital", "name": "Kanishk Clinic", "osm_type": "node", "osm_id": 6194296158}, "geometry": {"type": "Point", "coordinates": [75.889726, 22.759531]}}, {"type": "Feature", "properties": {"layer": "vulnerability_pois", "category": "hospital", "name": "Dr Prashant Bhartiya", "osm_type": "node", "osm_id": 6194296159}, "geometry": {"type": "Point", "coordinates": [75.896741, 22.756425]}}, {"type": "Feature", "properties": {"layer": "vulnerability_pois", "category": "hospital", "name": "Dr. Rashi Kant Vashistha", "osm_type": "node", "osm_id": 6194296160}, "geometry": {"type": "Point", "coordinates": [75.898107, 22.761685]}}, {"type": "Feature", "properties": {"layer": "vulnerability_pois", "category": "hospital", "name": "New Life Clinic-Dr. AK Shakya", "osm_type": "node", "osm_id": 6194296256}, "geometry": {"type": "Point", "coordinates": [75.893384, 22.75182]}}, {"type": "Feature", "properties": {"layer": "vulnerability_pois", "category": "hospital", "name": "Rhythm Healthcare & Diagnostics", "osm_type": "node", "osm_id": 6194322228}, "geometry": {"type": "Point", "coordinates": [75.896352, 22.755726]}}, {"type": "Feature", "properties": {"layer": "vulnerability_pois", "category": "hospital", "name": "Aaradhya", "osm_type": "node", "osm_id": 6194322229}, "geometry": {"type": "Point", "coordinates": [75.896439, 22.755873]}}, {"type": "Feature", "properties": {"layer": "vulnerability_pois", "category": "hospital", "name": "Neuro Clinic - Neurologist indore - Dr. Dinesh Chouksey", "osm_type": "node", "osm_id": 6194322230}, "geometry": {"type": "Point", "coordinates": [75.89632, 22.75591]}}, {"type": "Feature", "properties": {"layer": "vulnerability_pois", "category": "hospital", "name": "Dr. Kuldeep Virani", "osm_type": "node", "osm_id": 6194345618}, "geometry": {"type": "Point", "coordinates": [75.890798, 22.758729]}}, {"type": "Feature", "properties": {"layer": "vulnerability_pois", "category": "hospital", "name": "Chhabra's Skinlife Clinic", "osm_type": "node", "osm_id": 6194345619}, "geometry": {"type": "Point", "coordinates": [75.896383, 22.755569]}}, {"type": "Feature", "properties": {"layer": "vulnerability_pois", "category": "hospital", "name": "Sanjeevani Clinic and Drug House", "osm_type": "node", "osm_id": 6194385516}, "geometry": {"type": "Point", "coordinates": [75.879183, 22.767944]}}, {"type": "Feature", "properties": {"layer": "vulnerability_pois", "category": "hospital", "name": "Aura Health Care", "osm_type": "node", "osm_id": 6194434080}, "geometry": {"type": "Point", "coordinates": [75.907539, 22.758648]}}, {"type": "Feature", "properties": {"layer": "vulnerability_pois", "category": "hospital", "name": "Prem Family Care Clinic", "osm_type": "node", "osm_id": 6194434081}, "geometry": {"type": "Point", "coordinates": [75.905961, 22.759688]}}, {"type": "Feature", "properties": {"layer": "vulnerability_pois", "category": "hospital", "name": "Savvy's Clinic", "osm_type": "node", "osm_id": 6194434082}, "geometry": {"type": "Point", "coordinates": [75.905677, 22.75847]}}, {"type": "Feature", "properties": {"layer": "vulnerability_pois", "category": "hospital", "name": "Dr. Anita Datey", "osm_type": "node", "osm_id": 6194434083}, "geometry": {"type": "Point", "coordinates": [75.906499, 22.757057]}}, {"type": "Feature", "properties": {"layer": "vulnerability_pois", "category": "hospital", "name": "The Homeopathy", "osm_type": "node", "osm_id": 6194434885}, "geometry": {"type": "Point", "coordinates": [75.909549, 22.756796]}}, {"type": "Feature", "properties": {"layer": "vulnerability_pois", "category": "hospital", "name": "Dr Sunil M Jain's TOTALL Diabetes Hormone Institute", "osm_type": "node", "osm_id": 6194434889}, "geometry": {"type": "Point", "coordinates": [75.902954, 22.756657]}}, {"type": "Feature", "properties": {"layer": "vulnerability_pois", "category": "hospital", "name": "Dr Shish Fatak", "osm_type": "node", "osm_id": 6194709810}, "geometry": {"type": "Point", "coordinates": [75.889332, 22.75651]}}, {"type": "Feature", "properties": {"layer": "vulnerability_pois", "category": "hospital", "name": "Jyoti Hospital", "osm_type": "node", "osm_id": 6196147513}, "geometry": {"type": "Point", "coordinates": [75.888716, 22.752928]}}, {"type": "Feature", "properties": {"layer": "vulnerability_pois", "category": "hospital", "name": "Dr P C Batham", "osm_type": "node", "osm_id": 6196165564}, "geometry": {"type": "Point", "coordinates": [75.893351, 22.751854]}}, {"type": "Feature", "properties": {"layer": "vulnerability_pois", "category": "hospital", "name": "Yashwini Aushadhi Kendra", "osm_type": "node", "osm_id": 6196187832}, "geometry": {"type": "Point", "coordinates": [75.893969, 22.751752]}}, {"type": "Feature", "properties": {"layer": "vulnerability_pois", "category": "hospital", "name": "Sankalp Eye Hospital", "osm_type": "node", "osm_id": 6200986581}, "geometry": {"type": "Point", "coordinates": [75.898283, 22.74368]}}, {"type": "Feature", "properties": {"layer": "vulnerability_pois", "category": "hospital", "name": "Namami Homeo Clinic", "osm_type": "node", "osm_id": 6201006852}, "geometry": {"type": "Point", "coordinates": [75.899895, 22.743272]}}, {"type": "Feature", "properties": {"layer": "vulnerability_pois", "category": "hospital", "name": "Dr. Aruna Patel", "osm_type": "node", "osm_id": 6201017058}, "geometry": {"type": "Point", "coordinates": [75.898702, 22.742056]}}, {"type": "Feature", "properties": {"layer": "vulnerability_pois", "category": "hospital", "name": "Dr. Nilesh Homeoclinic", "osm_type": "node", "osm_id": 6201377961}, "geometry": {"type": "Point", "coordinates": [75.874388, 22.74945]}}, {"type": "Feature", "properties": {"layer": "vulnerability_pois", "category": "hospital", "name": "E.S.I.C. Hospital", "osm_type": "node", "osm_id": 6201433589}, "geometry": {"type": "Point", "coordinates": [75.878411, 22.748406]}}, {"type": "Feature", "properties": {"layer": "vulnerability_pois", "category": "hospital", "name": "Arvind Homeopathic Clinic", "osm_type": "node", "osm_id": 6201433590}, "geometry": {"type": "Point", "coordinates": [75.878062, 22.747446]}}, {"type": "Feature", "properties": {"layer": "vulnerability_pois", "category": "hospital", "name": "Dr. Yasha Jain", "osm_type": "node", "osm_id": 6201433592}, "geometry": {"type": "Point", "coordinates": [75.877161, 22.747877]}}, {"type": "Feature", "properties": {"layer": "vulnerability_pois", "category": "hospital", "name": "Vedant Homeopathic Clinic", "osm_type": "node", "osm_id": 6201477801}, "geometry": {"type": "Point", "coordinates": [75.880083, 22.746377]}}, {"type": "Feature", "properties": {"layer": "vulnerability_pois", "category": "hospital", "name": "R D Clinic", "osm_type": "node", "osm_id": 6201477802}, "geometry": {"type": "Point", "coordinates": [75.88002, 22.746289]}}, {"type": "Feature", "properties": {"layer": "vulnerability_pois", "category": "hospital", "name": "Ashirwad Clinic", "osm_type": "node", "osm_id": 6201479304}, "geometry": {"type": "Point", "coordinates": [75.883468, 22.742524]}}, {"type": "Feature", "properties": {"layer": "vulnerability_pois", "category": "hospital", "name": "Dr CS Choudhary", "osm_type": "node", "osm_id": 6201517634}, "geometry": {"type": "Point", "coordinates": [75.883114, 22.742504]}}, {"type": "Feature", "properties": {"layer": "vulnerability_pois", "category": "hospital", "name": "Dr. Vijay Bhaisare", "osm_type": "node", "osm_id": 6201560996}, "geometry": {"type": "Point", "coordinates": [75.893675, 22.728307]}}, {"type": "Feature", "properties": {"layer": "vulnerability_pois", "category": "hospital", "name": "Al Jufin Unani", "osm_type": "node", "osm_id": 6201560997}, "geometry": {"type": "Point", "coordinates": [75.894641, 22.730469]}}, {"type": "Feature", "properties": {"layer": "vulnerability_pois", "category": "hospital", "name": "YOGA", "osm_type": "node", "osm_id": 6201561000}, "geometry": {"type": "Point", "coordinates": [75.892464, 22.733771]}}, {"type": "Feature", "properties": {"layer": "vulnerability_pois", "category": "hospital", "name": "Dr. Alok Verma", "osm_type": "node", "osm_id": 6201561001}, "geometry": {"type": "Point", "coordinates": [75.892833, 22.732451]}}, {"type": "Feature", "properties": {"layer": "vulnerability_pois", "category": "hospital", "name": "Aarohan Fetal Medicine Centre", "osm_type": "node", "osm_id": 6201561002}, "geometry": {"type": "Point", "coordinates": [75.892345, 22.731199]}}, {"type": "Feature", "properties": {"layer": "vulnerability_pois", "category": "hospital", "name": "Amit Julka", "osm_type": "node", "osm_id": 6201561003}, "geometry": {"type": "Point", "coordinates": [75.892141, 22.730645]}}, {"type": "Feature", "properties": {"layer": "vulnerability_pois", "category": "hospital", "name": "Dr. Abhay Manchanda", "osm_type": "node", "osm_id": 6201561004}, "geometry": {"type": "Point", "coordinates": [75.892967, 22.731154]}}, {"type": "Feature", "properties": {"layer": "vulnerability_pois", "category": "hospital", "name": "Dr. Ashok Nagla", "osm_type": "node", "osm_id": 6201561006}, "geometry": {"type": "Point", "coordinates": [75.898493, 22.730051]}}, {"type": "Feature", "properties": {"layer": "vulnerability_pois", "category": "hospital", "name": "Dr. Sarika Jayaswal", "osm_type": "node", "osm_id": 6201561008}, "geometry": {"type": "Point", "coordinates": [75.898975, 22.730298]}}, {"type": "Feature", "properties": {"layer": "vulnerability_pois", "category": "hospital", "name": "Pratyush Homeo Pharmacy & Clinic", "osm_type": "node", "osm_id": 6201561009}, "geometry": {"type": "Point", "coordinates": [75.899705, 22.730953]}}, {"type": "Feature", "properties": {"layer": "vulnerability_pois", "category": "hospital", "name": "Samarpit Hospital", "osm_type": "node", "osm_id": 6201561010}, "geometry": {"type": "Point", "coordinates": [75.894145, 22.728071]}}, {"type": "Feature", "properties": {"layer": "vulnerability_pois", "category": "hospital", "name": "Ayurvedic Medicines", "osm_type": "node", "osm_id": 6201561011}, "geometry": {"type": "Point", "coordinates": [75.894204, 22.72791]}}, {"type": "Feature", "properties": {"layer": "vulnerability_pois", "category": "hospital", "name": "Rx Aushadhi", "osm_type": "node", "osm_id": 6201561013}, "geometry": {"type": "Point", "coordinates": [75.894278, 22.728156]}}, {"type": "Feature", "properties": {"layer": "vulnerability_pois", "category": "hospital", "name": "Eye Clinic", "osm_type": "node", "osm_id": 6201561015}, "geometry": {"type": "Point", "coordinates": [75.89455, 22.729108]}}, {"type": "Feature", "properties": {"layer": "vulnerability_pois", "category": "hospital", "name": "Dr. Ajit K Jain", "osm_type": "node", "osm_id": 6201561018}, "geometry": {"type": "Point", "coordinates": [75.894512, 22.728888]}}, {"type": "Feature", "properties": {"layer": "vulnerability_pois", "category": "hospital", "name": "Dr. Anita Inani", "osm_type": "node", "osm_id": 6201561020}, "geometry": {"type": "Point", "coordinates": [75.894947, 22.728429]}}, {"type": "Feature", "properties": {"layer": "vulnerability_pois", "category": "hospital", "name": "Narmade Ayruvedam Panchkaram Kendra", "osm_type": "node", "osm_id": 6201561023}, "geometry": {"type": "Point", "coordinates": [75.896655, 22.729452]}}, {"type": "Feature", "properties": {"layer": "vulnerability_pois", "category": "hospital", "name": "Dr. Rakhi Bharat", "osm_type": "node", "osm_id": 6201561025}, "geometry": {"type": "Point", "coordinates": [75.897192, 22.729391]}}, {"type": "Feature", "properties": {"layer": "vulnerability_pois", "category": "hospital", "name": "The Biopsy", "osm_type": "node", "osm_id": 6201561026}, "geometry": {"type": "Point", "coordinates": [75.896725, 22.729492]}}, {"type": "Feature", "properties": {"layer": "vulnerability_pois", "category": "hospital", "name": "Dr. Afzal Banglowala", "osm_type": "node", "osm_id": 6201561027}, "geometry": {"type": "Point", "coordinates": [75.89698, 22.729618]}}, {"type": "Feature", "properties": {"layer": "vulnerability_pois", "category": "hospital", "name": "India Dental & Surgical Solution", "osm_type": "node", "osm_id": 6201561031}, "geometry": {"type": "Point", "coordinates": [75.897052, 22.730385]}}, {"type": "Feature", "properties": {"layer": "vulnerability_pois", "category": "hospital", "name": "Adriz Medical Centre", "osm_type": "node", "osm_id": 6201561032}, "geometry": {"type": "Point", "coordinates": [75.897087, 22.730355]}}, {"type": "Feature", "properties": {"layer": "vulnerability_pois", "category": "hospital", "name": "Active Life", "osm_type": "node", "osm_id": 6201561035}, "geometry": {"type": "Point", "coordinates": [75.90128, 22.731583]}}, {"type": "Feature", "properties": {"layer": "vulnerability_pois", "category": "hospital", "name": "Dr. Trivedi Clinic", "osm_type": "node", "osm_id": 6201584689}, "geometry": {"type": "Point", "coordinates": [75.894634, 22.727691]}}, {"type": "Feature", "properties": {"layer": "vulnerability_pois", "category": "hospital", "name": "Dental Clinic", "osm_type": "node", "osm_id": 6201584690}, "geometry": {"type": "Point", "coordinates": [75.895526, 22.7285]}}, {"type": "Feature", "properties": {"layer": "vulnerability_pois", "category": "hospital", "name": "Aditya Allergy Centre", "osm_type": "node", "osm_id": 6201584692}, "geometry": {"type": "Point", "coordinates": [75.89592, 22.72872]}}, {"type": "Feature", "properties": {"layer": "vulnerability_pois", "category": "hospital", "name": "Dr. Jasmeet Kaur Chhabra", "osm_type": "node", "osm_id": 6201584694}, "geometry": {"type": "Point", "coordinates": [75.892567, 22.729307]}}, {"type": "Feature", "properties": {"layer": "vulnerability_pois", "category": "hospital", "name": "Guru Tech Bahaddur Hospital", "osm_type": "node", "osm_id": 6201620092}, "geometry": {"type": "Point", "coordinates": [75.881341, 22.740477]}}, {"type": "Feature", "properties": {"layer": "vulnerability_pois", "category": "hospital", "name": "Dr. Rani Manchanda", "osm_type": "node", "osm_id": 6201743106}, "geometry": {"type": "Point", "coordinates": [75.894961, 22.728176]}}, {"type": "Feature", "properties": {"layer": "vulnerability_pois", "category": "hospital", "name": "Dr. Prachi thirwani", "osm_type": "node", "osm_id": 6201743107}, "geometry": {"type": "Point", "coordinates": [75.894814, 22.728447]}}, {"type": "Feature", "properties": {"layer": "vulnerability_pois", "category": "hospital", "name": "Advance Joint Replacement", "osm_type": "node", "osm_id": 6201743110}, "geometry": {"type": "Point", "coordinates": [75.89494, 22.72816]}}, {"type": "Feature", "properties": {"layer": "vulnerability_pois", "category": "hospital", "name": "Hamidiya Shifakhana", "osm_type": "node", "osm_id": 6201743111}, "geometry": {"type": "Point", "coordinates": [75.894992, 22.728196]}}, {"type": "Feature", "properties": {"layer": "vulnerability_pois", "category": "hospital", "name": "P.C. Nursing Home", "osm_type": "node", "osm_id": 6201770908}, "geometry": {"type": "Point", "coordinates": [75.875093, 22.742911]}}, {"type": "Feature", "properties": {"layer": "vulnerability_pois", "category": "hospital", "name": "Chopra Clinic", "osm_type": "node", "osm_id": 6201770910}, "geometry": {"type": "Point", "coordinates": [75.875613, 22.74259]}}, {"type": "Feature", "properties": {"layer": "vulnerability_pois", "category": "hospital", "name": "Dr. Shailendra Jain", "osm_type": "node", "osm_id": 6201770912}, "geometry": {"type": "Point", "coordinates": [75.876187, 22.742258]}}, {"type": "Feature", "properties": {"layer": "vulnerability_pois", "category": "hospital", "name": "Rinku Sharma Thalassemia Charitable Hospital", "osm_type": "node", "osm_id": 6201770918}, "geometry": {"type": "Point", "coordinates": [75.87644, 22.744776]}}, {"type": "Feature", "properties": {"layer": "vulnerability_pois", "category": "hospital", "name": "Shahpurkar Clinic", "osm_type": "node", "osm_id": 6201770919}, "geometry": {"type": "Point", "coordinates": [75.875104, 22.745236]}}, {"type": "Feature", "properties": {"layer": "vulnerability_pois", "category": "hospital", "name": "Arogya Homeopathic Clinic", "osm_type": "node", "osm_id": 6201770920}, "geometry": {"type": "Point", "coordinates": [75.875737, 22.745736]}}, {"type": "Feature", "properties": {"layer": "vulnerability_pois", "category": "hospital", "name": "Dr. Gajendra Jain Clinic", "osm_type": "node", "osm_id": 6201774221}, "geometry": {"type": "Point", "coordinates": [75.890842, 22.736917]}}, {"type": "Feature", "properties": {"layer": "vulnerability_pois", "category": "hospital", "name": "Vidhya Nursing Home", "osm_type": "node", "osm_id": 6201801152}, "geometry": {"type": "Point", "coordinates": [75.893887, 22.742781]}}, {"type": "Feature", "properties": {"layer": "vulnerability_pois", "category": "hospital", "name": "Dr. Arun Vishnar", "osm_type": "node", "osm_id": 6201821823}, "geometry": {"type": "Point", "coordinates": [75.895346, 22.741397]}}, {"type": "Feature", "properties": {"layer": "vulnerability_pois", "category": "hospital", "name": "Dr. Pritesh Vyas", "osm_type": "node", "osm_id": 6201821824}, "geometry": {"type": "Point", "coordinates": [75.895199, 22.741481]}}, {"type": "Feature", "properties": {"layer": "vulnerability_pois", "category": "school", "name": "N.M.S Malviya Nagar", "osm_type": "node", "osm_id": 6201821825}, "geometry": {"type": "Point", "coordinates": [75.893972, 22.740718]}}, {"type": "Feature", "properties": {"layer": "vulnerability_pois", "category": "hospital", "name": "Dr. Mahesh Ratnere", "osm_type": "node", "osm_id": 6201821829}, "geometry": {"type": "Point", "coordinates": [75.903761, 22.740945]}}, {"type": "Feature", "properties": {"layer": "vulnerability_pois", "category": "hospital", "name": "Universal Hospital and Care Centre", "osm_type": "node", "osm_id": 6201821832}, "geometry": {"type": "Point", "coordinates": [75.905481, 22.76115]}}, {"type": "Feature", "properties": {"layer": "vulnerability_pois", "category": "hospital", "name": "Gupta Clinic", "osm_type": "node", "osm_id": 6201823433}, "geometry": {"type": "Point", "coordinates": [75.895668, 22.743325]}}, {"type": "Feature", "properties": {"layer": "vulnerability_pois", "category": "hospital", "name": "Dr. Surendra Jain", "osm_type": "node", "osm_id": 6201832714}, "geometry": {"type": "Point", "coordinates": [75.8738, 22.74375]}}, {"type": "Feature", "properties": {"layer": "vulnerability_pois", "category": "hospital", "name": "MP Fertility Centre", "osm_type": "node", "osm_id": 6201854070}, "geometry": {"type": "Point", "coordinates": [75.877524, 22.729728]}}, {"type": "Feature", "properties": {"layer": "vulnerability_pois", "category": "hospital", "name": "Sai Clinic", "osm_type": "node", "osm_id": 6201854073}, "geometry": {"type": "Point", "coordinates": [75.879983, 22.732035]}}, {"type": "Feature", "properties": {"layer": "vulnerability_pois", "category": "hospital", "name": "Dr Alka Mimroat", "osm_type": "node", "osm_id": 6201854075}, "geometry": {"type": "Point", "coordinates": [75.878094, 22.736975]}}, {"type": "Feature", "properties": {"layer": "vulnerability_pois", "category": "hospital", "name": "\u0928\u0947\u0924\u094d\u0930 \u0914\u0930 \u0926\u0902\u0924 \u091a\u093f\u0915\u093f\u0924\u094d\u0938\u093e \u0915\u094d\u0932\u093f\u0928\u093f\u0915", "osm_type": "node", "osm_id": 6201854076}, "geometry": {"type": "Point", "coordinates": [75.880559, 22.739193]}}, {"type": "Feature", "properties": {"layer": "vulnerability_pois", "category": "hospital", "name": "Arihant Clinic", "osm_type": "node", "osm_id": 6201866149}, "geometry": {"type": "Point", "coordinates": [75.90041, 22.745235]}}, {"type": "Feature", "properties": {"layer": "vulnerability_pois", "category": "hospital", "name": "Shri Shyam Clinic", "osm_type": "node", "osm_id": 6201871162}, "geometry": {"type": "Point", "coordinates": [75.898844, 22.743187]}}, {"type": "Feature", "properties": {"layer": "vulnerability_pois", "category": "hospital", "name": "\u0924\u094b\u0936\u0940 \u092a\u0949\u0932\u0940\u0915\u094d\u0932\u093f\u0928\u093f\u0915", "osm_type": "node", "osm_id": 6201875773}, "geometry": {"type": "Point", "coordinates": [75.882811, 22.738761]}}, {"type": "Feature", "properties": {"layer": "vulnerability_pois", "category": "hospital", "name": "Dr Patel Clinic", "osm_type": "node", "osm_id": 6201924804}, "geometry": {"type": "Point", "coordinates": [75.899725, 22.747633]}}, {"type": "Feature", "properties": {"layer": "vulnerability_pois", "category": "hospital", "name": "Homoeopathic and Biochemical Dawaiya", "osm_type": "node", "osm_id": 6201927779}, "geometry": {"type": "Point", "coordinates": [75.885297, 22.737458]}}, {"type": "Feature", "properties": {"layer": "vulnerability_pois", "category": "hospital", "name": "GBL Clinic", "osm_type": "node", "osm_id": 6201936437}, "geometry": {"type": "Point", "coordinates": [75.896677, 22.747827]}}, {"type": "Feature", "properties": {"layer": "vulnerability_pois", "category": "hospital", "name": "Tomar Homeo Clinic", "osm_type": "node", "osm_id": 6201972267}, "geometry": {"type": "Point", "coordinates": [75.885426, 22.737676]}}, {"type": "Feature", "properties": {"layer": "vulnerability_pois", "category": "hospital", "name": "Dr. B D Singhal", "osm_type": "node", "osm_id": 6202033677}, "geometry": {"type": "Point", "coordinates": [75.874954, 22.731843]}}, {"type": "Feature", "properties": {"layer": "vulnerability_pois", "category": "hospital", "name": "Amol Liver and Gastro Hospital", "osm_type": "node", "osm_id": 6202033678}, "geometry": {"type": "Point", "coordinates": [75.87494, 22.730953]}}, {"type": "Feature", "properties": {"layer": "vulnerability_pois", "category": "hospital", "name": "Dr. Anil Agarwal", "osm_type": "node", "osm_id": 6202033679}, "geometry": {"type": "Point", "coordinates": [75.874484, 22.730556]}}, {"type": "Feature", "properties": {"layer": "vulnerability_pois", "category": "hospital", "name": "Dr. Pradeep Choudhary", "osm_type": "node", "osm_id": 6202033681}, "geometry": {"type": "Point", "coordinates": [75.87325, 22.730023]}}, {"type": "Feature", "properties": {"layer": "vulnerability_pois", "category": "hospital", "name": "Aahaar Expert", "osm_type": "node", "osm_id": 6202033682}, "geometry": {"type": "Point", "coordinates": [75.872837, 22.728384]}}, {"type": "Feature", "properties": {"layer": "vulnerability_pois", "category": "hospital", "name": "Dr. Meet's Clinic", "osm_type": "node", "osm_id": 6202033683}, "geometry": {"type": "Point", "coordinates": [75.874672, 22.728364]}}, {"type": "Feature", "properties": {"layer": "vulnerability_pois", "category": "hospital", "name": "Dr. Ashok Agrawal", "osm_type": "node", "osm_id": 6202035285}, "geometry": {"type": "Point", "coordinates": [75.880337, 22.727924]}}, {"type": "Feature", "properties": {"layer": "vulnerability_pois", "category": "hospital", "name": "\u0936\u094d\u0930\u0940\u0928\u093e\u0925 \u0915\u094d\u0932\u093f\u0928\u093f\u0915", "osm_type": "node", "osm_id": 6202057736}, "geometry": {"type": "Point", "coordinates": [75.886403, 22.738883]}}, {"type": "Feature", "properties": {"layer": "vulnerability_pois", "category": "hospital", "name": "Dr V K Taneja", "osm_type": "node", "osm_id": 6202082342}, "geometry": {"type": "Point", "coordinates": [75.890842, 22.737352]}}, {"type": "Feature", "properties": {"layer": "vulnerability_pois", "category": "hospital", "name": "Homeopathic Davakhana", "osm_type": "node", "osm_id": 6202099304}, "geometry": {"type": "Point", "coordinates": [75.895008, 22.742417]}}, {"type": "Feature", "properties": {"layer": "vulnerability_pois", "category": "hospital", "name": "Yoganandam", "osm_type": "node", "osm_id": 6202106844}, "geometry": {"type": "Point", "coordinates": [75.889523, 22.734207]}}, {"type": "Feature", "properties": {"layer": "vulnerability_pois", "category": "hospital", "name": "Ashirwaad Clinic", "osm_type": "node", "osm_id": 6202115242}, "geometry": {"type": "Point", "coordinates": [75.895824, 22.741699]}}, {"type": "Feature", "properties": {"layer": "vulnerability_pois", "category": "hospital", "name": "\u0921\u0949 \u092a\u093f\u0928\u093e\u0915 \u092d\u091f\u0928\u093e\u0917\u0930", "osm_type": "node", "osm_id": 6202138770}, "geometry": {"type": "Point", "coordinates": [75.888644, 22.73485]}}, {"type": "Feature", "properties": {"layer": "vulnerability_pois", "category": "hospital", "name": "Sparsh chikitsa", "osm_type": "node", "osm_id": 6202144497}, "geometry": {"type": "Point", "coordinates": [75.89578, 22.735596]}}, {"type": "Feature", "properties": {"layer": "vulnerability_pois", "category": "hospital", "name": "Dr Ashish Mishra", "osm_type": "node", "osm_id": 6202153626}, "geometry": {"type": "Point", "coordinates": [75.887143, 22.735862]}}, {"type": "Feature", "properties": {"layer": "vulnerability_pois", "category": "hospital", "name": "Dr S A Khan", "osm_type": "node", "osm_id": 6202157116}, "geometry": {"type": "Point", "coordinates": [75.900019, 22.736993]}}, {"type": "Feature", "properties": {"layer": "vulnerability_pois", "category": "hospital", "name": "Mahi Clinic", "osm_type": "node", "osm_id": 6202157810}, "geometry": {"type": "Point", "coordinates": [75.898087, 22.73792]}}, {"type": "Feature", "properties": {"layer": "vulnerability_pois", "category": "hospital", "name": "Dr. Neha Goyal", "osm_type": "node", "osm_id": 6202175990}, "geometry": {"type": "Point", "coordinates": [75.873251, 22.731983]}}, {"type": "Feature", "properties": {"layer": "vulnerability_pois", "category": "hospital", "name": "Dr Gopal R Goyal", "osm_type": "node", "osm_id": 6202175991}, "geometry": {"type": "Point", "coordinates": [75.87325, 22.732018]}}, {"type": "Feature", "properties": {"layer": "vulnerability_pois", "category": "hospital", "name": "Dr Alok Jain", "osm_type": "node", "osm_id": 6202175992}, "geometry": {"type": "Point", "coordinates": [75.873829, 22.731941]}}, {"type": "Feature", "properties": {"layer": "vulnerability_pois", "category": "hospital", "name": "Shree Ji hospital", "osm_type": "node", "osm_id": 6202175993}, "geometry": {"type": "Point", "coordinates": [75.873988, 22.731972]}}, {"type": "Feature", "properties": {"layer": "vulnerability_pois", "category": "hospital", "name": "Dr Vijay Hawaldar", "osm_type": "node", "osm_id": 6202175994}, "geometry": {"type": "Point", "coordinates": [75.874972, 22.731784]}}, {"type": "Feature", "properties": {"layer": "vulnerability_pois", "category": "hospital", "name": "Dr Vijay Khetan", "osm_type": "node", "osm_id": 6202175999}, "geometry": {"type": "Point", "coordinates": [75.875724, 22.733266]}}, {"type": "Feature", "properties": {"layer": "vulnerability_pois", "category": "hospital", "name": "Dr Pankaj Bhandari", "osm_type": "node", "osm_id": 6202176002}, "geometry": {"type": "Point", "coordinates": [75.876162, 22.732929]}}, {"type": "Feature", "properties": {"layer": "vulnerability_pois", "category": "hospital", "name": "Samar Maternity Home", "osm_type": "node", "osm_id": 6202178149}, "geometry": {"type": "Point", "coordinates": [75.90237, 22.735452]}}, {"type": "Feature", "properties": {"layer": "vulnerability_pois", "category": "hospital", "name": "Dayavati Hospital", "osm_type": "node", "osm_id": 6202194568}, "geometry": {"type": "Point", "coordinates": [75.900873, 22.737098]}}, {"type": "Feature", "properties": {"layer": "vulnerability_pois", "category": "hospital", "name": "Vivansh Homeopathic Health Care", "osm_type": "node", "osm_id": 6202210571}, "geometry": {"type": "Point", "coordinates": [75.899481, 22.741332]}}, {"type": "Feature", "properties": {"layer": "vulnerability_pois", "category": "hospital", "name": "Rai Clinic", "osm_type": "node", "osm_id": 6202225011}, "geometry": {"type": "Point", "coordinates": [75.90018, 22.739496]}}, {"type": "Feature", "properties": {"layer": "vulnerability_pois", "category": "hospital", "name": "Dr H C Mishra", "osm_type": "node", "osm_id": 6202235141}, "geometry": {"type": "Point", "coordinates": [75.897436, 22.740252]}}, {"type": "Feature", "properties": {"layer": "vulnerability_pois", "category": "hospital", "name": "Sai Chaya", "osm_type": "node", "osm_id": 6202266545}, "geometry": {"type": "Point", "coordinates": [75.897436, 22.740349]}}, {"type": "Feature", "properties": {"layer": "vulnerability_pois", "category": "hospital", "name": "Mangilal Churiya Hospital", "osm_type": "node", "osm_id": 6202526053}, "geometry": {"type": "Point", "coordinates": [75.88447, 22.732558]}}, {"type": "Feature", "properties": {"layer": "vulnerability_pois", "category": "hospital", "name": "Dr. Mukesh Bhachawat", "osm_type": "node", "osm_id": 6202561569}, "geometry": {"type": "Point", "coordinates": [75.886087, 22.732142]}}, {"type": "Feature", "properties": {"layer": "vulnerability_pois", "category": "hospital", "name": "Dr. Neeti Shrivastava", "osm_type": "node", "osm_id": 6202562536}, "geometry": {"type": "Point", "coordinates": [75.885959, 22.732452]}}, {"type": "Feature", "properties": {"layer": "vulnerability_pois", "category": "hospital", "name": "Dr.Anjali Masand", "osm_type": "node", "osm_id": 6202571468}, "geometry": {"type": "Point", "coordinates": [75.887659, 22.733753]}}, {"type": "Feature", "properties": {"layer": "vulnerability_pois", "category": "hospital", "name": "Aarti Mehra", "osm_type": "node", "osm_id": 6202599888}, "geometry": {"type": "Point", "coordinates": [75.888008, 22.733169]}}, {"type": "Feature", "properties": {"layer": "vulnerability_pois", "category": "hospital", "name": "Dr.Shrikant Vaidya", "osm_type": "node", "osm_id": 6202609310}, "geometry": {"type": "Point", "coordinates": [75.888719, 22.731629]}}, {"type": "Feature", "properties": {"layer": "vulnerability_pois", "category": "hospital", "name": "Dr.Vijay Hawaldar,Dr.Ranjana Hawaldar,Dr.Sanjay Hawaldar,Dr.Asmita Hawaldar", "osm_type": "node", "osm_id": 6202618207}, "geometry": {"type": "Point", "coordinates": [75.887686, 22.734866]}}, {"type": "Feature", "properties": {"layer": "vulnerability_pois", "category": "hospital", "name": "Retina Speciality Hospital", "osm_type": "node", "osm_id": 6202636417}, "geometry": {"type": "Point", "coordinates": [75.896584, 22.747899]}}, {"type": "Feature", "properties": {"layer": "vulnerability_pois", "category": "hospital", "name": "Review Clinic", "osm_type": "node", "osm_id": 6202636431}, "geometry": {"type": "Point", "coordinates": [75.898404, 22.747516]}}, {"type": "Feature", "properties": {"layer": "vulnerability_pois", "category": "hospital", "name": "Medanta", "osm_type": "node", "osm_id": 6202661032}, "geometry": {"type": "Point", "coordinates": [75.895942, 22.748748]}}, {"type": "Feature", "properties": {"layer": "vulnerability_pois", "category": "hospital", "name": "Patanjali Home Care", "osm_type": "node", "osm_id": 6202661069}, "geometry": {"type": "Point", "coordinates": [75.899411, 22.747916]}}, {"type": "Feature", "properties": {"layer": "vulnerability_pois", "category": "hospital", "name": "My Dentist", "osm_type": "node", "osm_id": 6202667272}, "geometry": {"type": "Point", "coordinates": [75.888459, 22.730695]}}, {"type": "Feature", "properties": {"layer": "vulnerability_pois", "category": "hospital", "name": "Geriatric Grin", "osm_type": "node", "osm_id": 6202677138}, "geometry": {"type": "Point", "coordinates": [75.894616, 22.742451]}}, {"type": "Feature", "properties": {"layer": "vulnerability_pois", "category": "hospital", "name": "Sanjeevani Nursing Home", "osm_type": "node", "osm_id": 6202677875}, "geometry": {"type": "Point", "coordinates": [75.888579, 22.73106]}}, {"type": "Feature", "properties": {"layer": "vulnerability_pois", "category": "hospital", "name": "Paras Homeopathic Clinic", "osm_type": "node", "osm_id": 6202680239}, "geometry": {"type": "Point", "coordinates": [75.900149, 22.741528]}}, {"type": "Feature", "properties": {"layer": "vulnerability_pois", "category": "hospital", "name": "Saaol Heart Center", "osm_type": "node", "osm_id": 6202685485}, "geometry": {"type": "Point", "coordinates": [75.890654, 22.731331]}}, {"type": "Feature", "properties": {"layer": "vulnerability_pois", "category": "hospital", "name": "Hamidiya Clinic", "osm_type": "node", "osm_id": 6202687385}, "geometry": {"type": "Point", "coordinates": [75.895719, 22.743323]}}, {"type": "Feature", "properties": {"layer": "vulnerability_pois", "category": "hospital", "name": "Pahwas Kidney Care Centre", "osm_type": "node", "osm_id": 6202688812}, "geometry": {"type": "Point", "coordinates": [75.891481, 22.731125]}}, {"type": "Feature", "properties": {"layer": "vulnerability_pois", "category": "hospital", "name": "Dr. O.P. Goyal", "osm_type": "node", "osm_id": 6202688814}, "geometry": {"type": "Point", "coordinates": [75.898651, 22.742051]}}, {"type": "Feature", "properties": {"layer": "vulnerability_pois", "category": "hospital", "name": "Dr.HD Siddiqui,Dr.Alim Siddiqui,Dr.Simeen Siddiqui,Dr Saad Siddiqui", "osm_type": "node", "osm_id": 6202691369}, "geometry": {"type": "Point", "coordinates": [75.891314, 22.731338]}}, {"type": "Feature", "properties": {"layer": "vulnerability_pois", "category": "hospital", "name": "Asthimya O Spine And Sports Injury Clinic", "osm_type": "node", "osm_id": 6202691611}, "geometry": {"type": "Point", "coordinates": [75.891341, 22.731374]}}, {"type": "Feature", "properties": {"layer": "vulnerability_pois", "category": "hospital", "name": "Dr. Atul Vyas", "osm_type": "node", "osm_id": 6202692829}, "geometry": {"type": "Point", "coordinates": [75.890444, 22.732208]}}, {"type": "Feature", "properties": {"layer": "vulnerability_pois", "category": "hospital", "name": "Ojas Clinic", "osm_type": "node", "osm_id": 6202697678}, "geometry": {"type": "Point", "coordinates": [75.890317, 22.732382]}}, {"type": "Feature", "properties": {"layer": "vulnerability_pois", "category": "hospital", "name": "\u091c\u0947\u090f\u0928 \u092a\u0949\u0932\u0940\u0915\u094d\u0932\u093f\u0928\u093f\u0915", "osm_type": "node", "osm_id": 6202702676}, "geometry": {"type": "Point", "coordinates": [75.883355, 22.738395]}}, {"type": "Feature", "properties": {"layer": "vulnerability_pois", "category": "hospital", "name": "Dr Yogesh Johri Clinic", "osm_type": "node", "osm_id": 6202702677}, "geometry": {"type": "Point", "coordinates": [75.882271, 22.73869]}}, {"type": "Feature", "properties": {"layer": "vulnerability_pois", "category": "hospital", "name": "Dr. Mahesh Shah Clinc", "osm_type": "node", "osm_id": 6202702682}, "geometry": {"type": "Point", "coordinates": [75.880565, 22.739123]}}, {"type": "Feature", "properties": {"layer": "vulnerability_pois", "category": "hospital", "name": "Indore Medical Hall", "osm_type": "node", "osm_id": 6202702684}, "geometry": {"type": "Point", "coordinates": [75.880541, 22.739516]}}, {"type": "Feature", "properties": {"layer": "vulnerability_pois", "category": "hospital", "name": "Dr.Vinita Vaidhya", "osm_type": "node", "osm_id": 6202703411}, "geometry": {"type": "Point", "coordinates": [75.891674, 22.732508]}}, {"type": "Feature", "properties": {"layer": "vulnerability_pois", "category": "hospital", "name": "Anand Clinic", "osm_type": "node", "osm_id": 6202703586}, "geometry": {"type": "Point", "coordinates": [75.883468, 22.740802]}}, {"type": "Feature", "properties": {"layer": "vulnerability_pois", "category": "hospital", "name": "Dr. K.M Sharma", "osm_type": "node", "osm_id": 6202705466}, "geometry": {"type": "Point", "coordinates": [75.870179, 22.748224]}}, {"type": "Feature", "properties": {"layer": "vulnerability_pois", "category": "hospital", "name": "Bhandari Hospital", "osm_type": "node", "osm_id": 6202705467}, "geometry": {"type": "Point", "coordinates": [75.872042, 22.747974]}}, {"type": "Feature", "properties": {"layer": "vulnerability_pois", "category": "hospital", "name": "Dr. Manish Purohit", "osm_type": "node", "osm_id": 6202705471}, "geometry": {"type": "Point", "coordinates": [75.87088, 22.745424]}}, {"type": "Feature", "properties": {"layer": "vulnerability_pois", "category": "hospital", "name": "Dr.Vijay Lakshmi Solanki", "osm_type": "node", "osm_id": 6202705472}, "geometry": {"type": "Point", "coordinates": [75.870902, 22.745423]}}, {"type": "Feature", "properties": {"layer": "vulnerability_pois", "category": "hospital", "name": "Dr. Dinesh Chaurasiya", "osm_type": "node", "osm_id": 6202705474}, "geometry": {"type": "Point", "coordinates": [75.873307, 22.744076]}}, {"type": "Feature", "properties": {"layer": "vulnerability_pois", "category": "hospital", "name": "Dr. Nitin Jamdagni", "osm_type": "node", "osm_id": 6202705475}, "geometry": {"type": "Point", "coordinates": [75.87257, 22.743932]}}, {"type": "Feature", "properties": {"layer": "vulnerability_pois", "category": "hospital", "name": "Verma Nursing Home", "osm_type": "node", "osm_id": 6202705480}, "geometry": {"type": "Point", "coordinates": [75.871543, 22.745066]}}, {"type": "Feature", "properties": {"layer": "vulnerability_pois", "category": "hospital", "name": "Dr. Sunita Chauhan", "osm_type": "node", "osm_id": 6202705484}, "geometry": {"type": "Point", "coordinates": [75.870962, 22.743782]}}, {"type": "Feature", "properties": {"layer": "vulnerability_pois", "category": "hospital", "name": "Dayanand Hospital", "osm_type": "node", "osm_id": 6202705787}, "geometry": {"type": "Point", "coordinates": [75.871171, 22.741798]}}, {"type": "Feature", "properties": {"layer": "vulnerability_pois", "category": "hospital", "name": "Dr. S.K Nagar", "osm_type": "node", "osm_id": 6202705790}, "geometry": {"type": "Point", "coordinates": [75.871152, 22.741625]}}, {"type": "Feature", "properties": {"layer": "vulnerability_pois", "category": "hospital", "name": "Dr . Anjali Masand", "osm_type": "node", "osm_id": 6202705792}, "geometry": {"type": "Point", "coordinates": [75.871029, 22.741463]}}, {"type": "Feature", "properties": {"layer": "vulnerability_pois", "category": "hospital", "name": "Dr. Sandeep Kumar Jain", "osm_type": "node", "osm_id": 6202705793}, "geometry": {"type": "Point", "coordinates": [75.871043, 22.741422]}}, {"type": "Feature", "properties": {"layer": "vulnerability_pois", "category": "hospital", "name": "Shivaji Clinic", "osm_type": "node", "osm_id": 6202705795}, "geometry": {"type": "Point", "coordinates": [75.872049, 22.736552]}}, {"type": "Feature", "properties": {"layer": "vulnerability_pois", "category": "hospital", "name": "Dr Mahesh Shah", "osm_type": "node", "osm_id": 6202736586}, "geometry": {"type": "Point", "coordinates": [75.880551, 22.73914]}}, {"type": "Feature", "properties": {"layer": "vulnerability_pois", "category": "hospital", "name": "City Hospital and Research Centre", "osm_type": "node", "osm_id": 6202757553}, "geometry": {"type": "Point", "coordinates": [75.873866, 22.733899]}}, {"type": "Feature", "properties": {"layer": "vulnerability_pois", "category": "hospital", "name": "Dr Ritu Maheshwari", "osm_type": "node", "osm_id": 6202776086}, "geometry": {"type": "Point", "coordinates": [75.87578, 22.733279]}}, {"type": "Feature", "properties": {"layer": "vulnerability_pois", "category": "hospital", "name": "Marmat's Clinic", "osm_type": "node", "osm_id": 6202778291}, "geometry": {"type": "Point", "coordinates": [75.882841, 22.736508]}}, {"type": "Feature", "properties": {"layer": "vulnerability_pois", "category": "hospital", "name": "\u0938\u0902\u092f\u0941\u0915\u094d\u0924 \u0938\u094d\u0935\u093e\u0938\u094d\u0925\u094d\u092f \u0915\u094d\u0932\u093f\u0928\u093f\u0915", "osm_type": "node", "osm_id": 6202778297}, "geometry": {"type": "Point", "coordinates": [75.888185, 22.734831]}}, {"type": "Feature", "properties": {"layer": "vulnerability_pois", "category": "hospital", "name": "Women Care Clinic", "osm_type": "node", "osm_id": 6202778300}, "geometry": {"type": "Point", "coordinates": [75.888203, 22.73566]}}, {"type": "Feature", "properties": {"layer": "vulnerability_pois", "category": "hospital", "name": "Dr J K Lala Clinic", "osm_type": "node", "osm_id": 6202778303}, "geometry": {"type": "Point", "coordinates": [75.883844, 22.735763]}}, {"type": "Feature", "properties": {"layer": "vulnerability_pois", "category": "hospital", "name": "Dr Vinayak Thakare Clinic", "osm_type": "node", "osm_id": 6202778306}, "geometry": {"type": "Point", "coordinates": [75.883833, 22.735894]}}, {"type": "Feature", "properties": {"layer": "vulnerability_pois", "category": "hospital", "name": "Greater Gate Whale Nursing Home", "osm_type": "node", "osm_id": 6202778308}, "geometry": {"type": "Point", "coordinates": [75.884589, 22.736661]}}, {"type": "Feature", "properties": {"layer": "vulnerability_pois", "category": "hospital", "name": "Triveni Hospital", "osm_type": "node", "osm_id": 6202778309}, "geometry": {"type": "Point", "coordinates": [75.885819, 22.736798]}}, {"type": "Feature", "properties": {"layer": "vulnerability_pois", "category": "hospital", "name": "Dr Hemant Chopra Clinic", "osm_type": "node", "osm_id": 6202778311}, "geometry": {"type": "Point", "coordinates": [75.884825, 22.737478]}}, {"type": "Feature", "properties": {"layer": "vulnerability_pois", "category": "hospital", "name": "Dr Vimal Kumar Bhandari", "osm_type": "node", "osm_id": 6202781672}, "geometry": {"type": "Point", "coordinates": [75.876061, 22.73298]}}, {"type": "Feature", "properties": {"layer": "vulnerability_pois", "category": "hospital", "name": "Dr S K Jain", "osm_type": "node", "osm_id": 6202781673}, "geometry": {"type": "Point", "coordinates": [75.875806, 22.733106]}}, {"type": "Feature", "properties": {"layer": "vulnerability_pois", "category": "hospital", "name": "Dr Sanjay Hawaldar", "osm_type": "node", "osm_id": 6202815851}, "geometry": {"type": "Point", "coordinates": [75.874994, 22.731694]}}, {"type": "Feature", "properties": {"layer": "vulnerability_pois", "category": "hospital", "name": "Namo Ayurved Clinic", "osm_type": "node", "osm_id": 6202815852}, "geometry": {"type": "Point", "coordinates": [75.875005, 22.731986]}}, {"type": "Feature", "properties": {"layer": "vulnerability_pois", "category": "hospital", "name": "Ankur Hospital Pvt Ltd.", "osm_type": "node", "osm_id": 6202815854}, "geometry": {"type": "Point", "coordinates": [75.874278, 22.731815]}}, {"type": "Feature", "properties": {"layer": "vulnerability_pois", "category": "hospital", "name": "Institute of Holistic Medicines", "osm_type": "node", "osm_id": 6202815856}, "geometry": {"type": "Point", "coordinates": [75.875959, 22.732174]}}, {"type": "Feature", "properties": {"layer": "vulnerability_pois", "category": "hospital", "name": "Dr Vijay Muchhal", "osm_type": "node", "osm_id": 6202834982}, "geometry": {"type": "Point", "coordinates": [75.87457, 22.730961]}}, {"type": "Feature", "properties": {"layer": "vulnerability_pois", "category": "hospital", "name": "Laxmi Memorial Hospital", "osm_type": "node", "osm_id": 6202835031}, "geometry": {"type": "Point", "coordinates": [75.883051, 22.731017]}}, {"type": "Feature", "properties": {"layer": "vulnerability_pois", "category": "hospital", "name": "The Recovery Hospital", "osm_type": "node", "osm_id": 6202835032}, "geometry": {"type": "Point", "coordinates": [75.882064, 22.729843]}}, {"type": "Feature", "properties": {"layer": "vulnerability_pois", "category": "hospital", "name": "Curewell Hospital", "osm_type": "node", "osm_id": 6202835035}, "geometry": {"type": "Point", "coordinates": [75.881997, 22.726672]}}, {"type": "Feature", "properties": {"layer": "vulnerability_pois", "category": "hospital", "name": "Dr. Anant K Jinsiwale Clinic", "osm_type": "node", "osm_id": 6202835036}, "geometry": {"type": "Point", "coordinates": [75.888441, 22.730903]}}, {"type": "Feature", "properties": {"layer": "vulnerability_pois", "category": "hospital", "name": "Dr. Atul Kathed Clinic", "osm_type": "node", "osm_id": 6202835038}, "geometry": {"type": "Point", "coordinates": [75.888279, 22.730984]}}, {"type": "Feature", "properties": {"layer": "vulnerability_pois", "category": "hospital", "name": "Dr. Sanjay Jain Clinic", "osm_type": "node", "osm_id": 6202835040}, "geometry": {"type": "Point", "coordinates": [75.889502, 22.734999]}}, {"type": "Feature", "properties": {"layer": "vulnerability_pois", "category": "hospital", "name": "Dr. Pali Rastogi Clinic", "osm_type": "node", "osm_id": 6202835045}, "geometry": {"type": "Point", "coordinates": [75.88186, 22.726825]}}, {"type": "Feature", "properties": {"layer": "vulnerability_pois", "category": "hospital", "name": "V-Care Gynocology Centre and Laser Clinic", "osm_type": "node", "osm_id": 6202835046}, "geometry": {"type": "Point", "coordinates": [75.885338, 22.727357]}}, {"type": "Feature", "properties": {"layer": "vulnerability_pois", "category": "hospital", "name": "Yuva Cosmoderm Skin Clinic", "osm_type": "node", "osm_id": 6202835049}, "geometry": {"type": "Point", "coordinates": [75.883539, 22.727121]}}, {"type": "Feature", "properties": {"layer": "vulnerability_pois", "category": "hospital", "name": "Dr. Prerna jain", "osm_type": "node", "osm_id": 6202835050}, "geometry": {"type": "Point", "coordinates": [75.883808, 22.727037]}}, {"type": "Feature", "properties": {"layer": "vulnerability_pois", "category": "hospital", "name": "Eat Right Diet Clinic", "osm_type": "node", "osm_id": 6202835051}, "geometry": {"type": "Point", "coordinates": [75.885376, 22.727395]}}, {"type": "Feature", "properties": {"layer": "vulnerability_pois", "category": "hospital", "name": "Dr. S S Verma Clinic", "osm_type": "node", "osm_id": 6202835053}, "geometry": {"type": "Point", "coordinates": [75.883464, 22.726952]}}, {"type": "Feature", "properties": {"layer": "vulnerability_pois", "category": "hospital", "name": "All Skin Clinic", "osm_type": "node", "osm_id": 6202835055}, "geometry": {"type": "Point", "coordinates": [75.882981, 22.726844]}}, {"type": "Feature", "properties": {"layer": "vulnerability_pois", "category": "elderly_care", "name": "Agrawal Nursing Home", "osm_type": "node", "osm_id": 6202835056}, "geometry": {"type": "Point", "coordinates": [75.882323, 22.726387]}}, {"type": "Feature", "properties": {"layer": "vulnerability_pois", "category": "hospital", "name": "Shobha's Yoga Studio", "osm_type": "node", "osm_id": 6202836685}, "geometry": {"type": "Point", "coordinates": [75.875241, 22.731417]}}, {"type": "Feature", "properties": {"layer": "vulnerability_pois", "category": "hospital", "name": "Charak Hospital Pvt Ltd", "osm_type": "node", "osm_id": 6202846783}, "geometry": {"type": "Point", "coordinates": [75.872883, 22.729232]}}, {"type": "Feature", "properties": {"layer": "vulnerability_pois", "category": "hospital", "name": "Rohit Eye Hospital And Child Care Centre", "osm_type": "node", "osm_id": 6202879327}, "geometry": {"type": "Point", "coordinates": [75.889152, 22.734594]}}, {"type": "Feature", "properties": {"layer": "vulnerability_pois", "category": "hospital", "name": "Shefali Jain Test-tube Baby Centre", "osm_type": "node", "osm_id": 6202879328}, "geometry": {"type": "Point", "coordinates": [75.887944, 22.735332]}}, {"type": "Feature", "properties": {"layer": "vulnerability_pois", "category": "school", "name": "High Light H.S. school", "osm_type": "node", "osm_id": 6202887604}, "geometry": {"type": "Point", "coordinates": [75.884081, 22.735173]}}, {"type": "Feature", "properties": {"layer": "vulnerability_pois", "category": "hospital", "name": "Sohanlal Holistic Centre", "osm_type": "node", "osm_id": 6202901303}, "geometry": {"type": "Point", "coordinates": [75.877665, 22.732114]}}, {"type": "Feature", "properties": {"layer": "vulnerability_pois", "category": "hospital", "name": "Rejuvenate Hair Transplant Centre", "osm_type": "node", "osm_id": 6202901305}, "geometry": {"type": "Point", "coordinates": [75.879865, 22.728216]}}, {"type": "Feature", "properties": {"layer": "vulnerability_pois", "category": "hospital", "name": "New Sanjeevani Clinic", "osm_type": "node", "osm_id": 6202901306}, "geometry": {"type": "Point", "coordinates": [75.879586, 22.728592]}}, {"type": "Feature", "properties": {"layer": "vulnerability_pois", "category": "hospital", "name": "Dr Sangeeta Maloo", "osm_type": "node", "osm_id": 6202901307}, "geometry": {"type": "Point", "coordinates": [75.878287, 22.728225]}}, {"type": "Feature", "properties": {"layer": "vulnerability_pois", "category": "hospital", "name": "Shalby Hospitals", "osm_type": "node", "osm_id": 6202901308}, "geometry": {"type": "Point", "coordinates": [75.879285, 22.729057]}}, {"type": "Feature", "properties": {"layer": "vulnerability_pois", "category": "hospital", "name": "\u091a\u094b\u0907\u0925\u0930\u093e\u092e \u0938\u093f\u091f\u0940 \u0915\u094d\u0932\u0940\u0928\u093f\u0915", "osm_type": "node", "osm_id": 6202901309}, "geometry": {"type": "Point", "coordinates": [75.876507, 22.729611]}}, {"type": "Feature", "properties": {"layer": "vulnerability_pois", "category": "hospital", "name": "Health Care Clinic", "osm_type": "node", "osm_id": 6202910420}, "geometry": {"type": "Point", "coordinates": [75.900326, 22.737262]}}, {"type": "Feature", "properties": {"layer": "vulnerability_pois", "category": "hospital", "name": "S.K Clinic", "osm_type": "node", "osm_id": 6202910423}, "geometry": {"type": "Point", "coordinates": [75.897453, 22.740451]}}, {"type": "Feature", "properties": {"layer": "vulnerability_pois", "category": "hospital", "name": "S.K Clinic", "osm_type": "node", "osm_id": 6202910426}, "geometry": {"type": "Point", "coordinates": [75.899594, 22.740039]}}, {"type": "Feature", "properties": {"layer": "vulnerability_pois", "category": "hospital", "name": "Dr. Rashmi Yadav", "osm_type": "node", "osm_id": 6202910428}, "geometry": {"type": "Point", "coordinates": [75.897314, 22.741039]}}, {"type": "Feature", "properties": {"layer": "vulnerability_pois", "category": "hospital", "name": "Life Line Clinic", "osm_type": "node", "osm_id": 6202910431}, "geometry": {"type": "Point", "coordinates": [75.895442, 22.736255]}}, {"type": "Feature", "properties": {"layer": "vulnerability_pois", "category": "hospital", "name": "Dr. Ashok Pal", "osm_type": "node", "osm_id": 6202910432}, "geometry": {"type": "Point", "coordinates": [75.895626, 22.737353]}}, {"type": "Feature", "properties": {"layer": "vulnerability_pois", "category": "hospital", "name": "Safe Care Homoeopathy Clinic", "osm_type": "node", "osm_id": 6202918898}, "geometry": {"type": "Point", "coordinates": [75.874543, 22.731194]}}, {"type": "Feature", "properties": {"layer": "vulnerability_pois", "category": "school", "name": "Chetna Public school", "osm_type": "node", "osm_id": 6202940100}, "geometry": {"type": "Point", "coordinates": [75.885315, 22.734095]}}, {"type": "Feature", "properties": {"layer": "vulnerability_pois", "category": "school", "name": "Shaskiya Unnat Mahavidhyalay no.96", "osm_type": "node", "osm_id": 6202940101}, "geometry": {"type": "Point", "coordinates": [75.88525, 22.734946]}}, {"type": "Feature", "properties": {"layer": "vulnerability_pois", "category": "hospital", "name": "Pinak Bhatnagar Clinic", "osm_type": "node", "osm_id": 6202943487}, "geometry": {"type": "Point", "coordinates": [75.888815, 22.735108]}}, {"type": "Feature", "properties": {"layer": "vulnerability_pois", "category": "school", "name": "Deepika high school", "osm_type": "node", "osm_id": 6202957146}, "geometry": {"type": "Point", "coordinates": [75.885347, 22.735341]}}, {"type": "Feature", "properties": {"layer": "vulnerability_pois", "category": "hospital", "name": "Child Care Hospital", "osm_type": "node", "osm_id": 6207002066}, "geometry": {"type": "Point", "coordinates": [75.893912, 22.716847]}}, {"type": "Feature", "properties": {"layer": "vulnerability_pois", "category": "hospital", "name": "Dr.Pradeep Saraf", "osm_type": "node", "osm_id": 6207015386}, "geometry": {"type": "Point", "coordinates": [75.895383, 22.716953]}}, {"type": "Feature", "properties": {"layer": "vulnerability_pois", "category": "hospital", "name": "Dr.Atul Karande", "osm_type": "node", "osm_id": 6207022854}, "geometry": {"type": "Point", "coordinates": [75.897229, 22.71771]}}, {"type": "Feature", "properties": {"layer": "vulnerability_pois", "category": "hospital", "name": "Kulkarni Dental Clinic", "osm_type": "node", "osm_id": 6207022862}, "geometry": {"type": "Point", "coordinates": [75.897205, 22.718868]}}, {"type": "Feature", "properties": {"layer": "vulnerability_pois", "category": "hospital", "name": "Advance Eye Care", "osm_type": "node", "osm_id": 6207023864}, "geometry": {"type": "Point", "coordinates": [75.888859, 22.726146]}}, {"type": "Feature", "properties": {"layer": "vulnerability_pois", "category": "hospital", "name": "Allergy Center and Pathology Lab", "osm_type": "node", "osm_id": 6207026662}, "geometry": {"type": "Point", "coordinates": [75.888362, 22.725657]}}, {"type": "Feature", "properties": {"layer": "vulnerability_pois", "category": "hospital", "name": "Crystal Lithotripsy and Urology Centre", "osm_type": "node", "osm_id": 6207027785}, "geometry": {"type": "Point", "coordinates": [75.888515, 22.725628]}}, {"type": "Feature", "properties": {"layer": "vulnerability_pois", "category": "hospital", "name": "Sklinic", "osm_type": "node", "osm_id": 6207029121}, "geometry": {"type": "Point", "coordinates": [75.888347, 22.725648]}}, {"type": "Feature", "properties": {"layer": "vulnerability_pois", "category": "hospital", "name": "Classical Homeopathic Clinic", "osm_type": "node", "osm_id": 6207029836}, "geometry": {"type": "Point", "coordinates": [75.888474, 22.725638]}}, {"type": "Feature", "properties": {"layer": "vulnerability_pois", "category": "hospital", "name": "The Homeopathy", "osm_type": "node", "osm_id": 6207031003}, "geometry": {"type": "Point", "coordinates": [75.896233, 22.719029]}}, {"type": "Feature", "properties": {"layer": "vulnerability_pois", "category": "hospital", "name": "Khanna Eye Clinic", "osm_type": "node", "osm_id": 6207031069}, "geometry": {"type": "Point", "coordinates": [75.887225, 22.725829]}}, {"type": "Feature", "properties": {"layer": "vulnerability_pois", "category": "hospital", "name": "Dr.Harish Torani", "osm_type": "node", "osm_id": 6207031745}, "geometry": {"type": "Point", "coordinates": [75.896333, 22.719078]}}, {"type": "Feature", "properties": {"layer": "vulnerability_pois", "category": "hospital", "name": "Consultant Homeopath", "osm_type": "node", "osm_id": 6207034320}, "geometry": {"type": "Point", "coordinates": [75.889146, 22.724331]}}, {"type": "Feature", "properties": {"layer": "vulnerability_pois", "category": "hospital", "name": "Mayank Hospital", "osm_type": "node", "osm_id": 6207041214}, "geometry": {"type": "Point", "coordinates": [75.888414, 22.722541]}}, {"type": "Feature", "properties": {"layer": "vulnerability_pois", "category": "hospital", "name": "New Shri Ji Homeo Link", "osm_type": "node", "osm_id": 6207041395}, "geometry": {"type": "Point", "coordinates": [75.89651, 22.719033]}}, {"type": "Feature", "properties": {"layer": "vulnerability_pois", "category": "hospital", "name": "Dr. Salil Bhargava", "osm_type": "node", "osm_id": 6207044542}, "geometry": {"type": "Point", "coordinates": [75.889226, 22.708373]}}, {"type": "Feature", "properties": {"layer": "vulnerability_pois", "category": "hospital", "name": "Shreyance Clinic", "osm_type": "node", "osm_id": 6207044544}, "geometry": {"type": "Point", "coordinates": [75.884407, 22.712953]}}, {"type": "Feature", "properties": {"layer": "vulnerability_pois", "category": "hospital", "name": "Dr. Ashok Ladha", "osm_type": "node", "osm_id": 6207044545}, "geometry": {"type": "Point", "coordinates": [75.884993, 22.710219]}}, {"type": "Feature", "properties": {"layer": "vulnerability_pois", "category": "hospital", "name": "Dr. Sushil Mandowara", "osm_type": "node", "osm_id": 6207044546}, "geometry": {"type": "Point", "coordinates": [75.883982, 22.710424]}}, {"type": "Feature", "properties": {"layer": "vulnerability_pois", "category": "hospital", "name": "Shri Vaishnav Hospital", "osm_type": "node", "osm_id": 6207044572}, "geometry": {"type": "Point", "coordinates": [75.897438, 22.718749]}}, {"type": "Feature", "properties": {"layer": "vulnerability_pois", "category": "hospital", "name": "Sonography and Diagnostic", "osm_type": "node", "osm_id": 6207046685}, "geometry": {"type": "Point", "coordinates": [75.888892, 22.723287]}}, {"type": "Feature", "properties": {"layer": "vulnerability_pois", "category": "hospital", "name": "Dr.Dharmendra Jhawar", "osm_type": "node", "osm_id": 6207048392}, "geometry": {"type": "Point", "coordinates": [75.89821, 22.718941]}}, {"type": "Feature", "properties": {"layer": "vulnerability_pois", "category": "hospital", "name": "Medicare Hospital", "osm_type": "node", "osm_id": 6207048393}, "geometry": {"type": "Point", "coordinates": [75.890821, 22.722383]}}, {"type": "Feature", "properties": {"layer": "vulnerability_pois", "category": "hospital", "name": "Dr.Ruchita Jhawar", "osm_type": "node", "osm_id": 6207051466}, "geometry": {"type": "Point", "coordinates": [75.898231, 22.718964]}}, {"type": "Feature", "properties": {"layer": "vulnerability_pois", "category": "hospital", "name": "Dr. Sangram Singh", "osm_type": "node", "osm_id": 6207053699}, "geometry": {"type": "Point", "coordinates": [75.88208, 22.723122]}}, {"type": "Feature", "properties": {"layer": "vulnerability_pois", "category": "hospital", "name": "Patanjali Mega Store", "osm_type": "node", "osm_id": 6207058765}, "geometry": {"type": "Point", "coordinates": [75.881095, 22.726235]}}, {"type": "Feature", "properties": {"layer": "vulnerability_pois", "category": "hospital", "name": "ENT Specialist", "osm_type": "node", "osm_id": 6207061971}, "geometry": {"type": "Point", "coordinates": [75.885755, 22.714984]}}, {"type": "Feature", "properties": {"layer": "vulnerability_pois", "category": "hospital", "name": "Dr. Shikha Ghanghoriya Clinic", "osm_type": "node", "osm_id": 6207061973}, "geometry": {"type": "Point", "coordinates": [75.883126, 22.712896]}}, {"type": "Feature", "properties": {"layer": "vulnerability_pois", "category": "hospital", "name": "Chauhan's Ent and Dental Clinic", "osm_type": "node", "osm_id": 6207061974}, "geometry": {"type": "Point", "coordinates": [75.88348, 22.718408]}}, {"type": "Feature", "properties": {"layer": "vulnerability_pois", "category": "hospital", "name": "The Retreat Clinic", "osm_type": "node", "osm_id": 6207061976}, "geometry": {"type": "Point", "coordinates": [75.886812, 22.718705]}}, {"type": "Feature", "properties": {"layer": "vulnerability_pois", "category": "hospital", "name": "Shree Chandra Yoga Kendra", "osm_type": "node", "osm_id": 6207061977}, "geometry": {"type": "Point", "coordinates": [75.888291, 22.717758]}}, {"type": "Feature", "properties": {"layer": "vulnerability_pois", "category": "hospital", "name": "Dr. Shreemati Madhu Sharma Clinic", "osm_type": "node", "osm_id": 6207061979}, "geometry": {"type": "Point", "coordinates": [75.883899, 22.71735]}}, {"type": "Feature", "properties": {"layer": "vulnerability_pois", "category": "hospital", "name": "Vishesh Hospital", "osm_type": "node", "osm_id": 6207061981}, "geometry": {"type": "Point", "coordinates": [75.884418, 22.716756]}}, {"type": "Feature", "properties": {"layer": "vulnerability_pois", "category": "hospital", "name": "Dr. Ashok Vajpayee Clinic", "osm_type": "node", "osm_id": 6207061982}, "geometry": {"type": "Point", "coordinates": [75.884564, 22.718151]}}, {"type": "Feature", "properties": {"layer": "vulnerability_pois", "category": "hospital", "name": "Dr. Praful Dubey", "osm_type": "node", "osm_id": 6207061983}, "geometry": {"type": "Point", "coordinates": [75.882751, 22.717904]}}, {"type": "Feature", "properties": {"layer": "vulnerability_pois", "category": "hospital", "name": "\u0921\u0949 \u092e\u0941\u0915\u0947\u0936 \u092c\u093f\u0930\u0932\u093e", "osm_type": "node", "osm_id": 6207061984}, "geometry": {"type": "Point", "coordinates": [75.882413, 22.717914]}}, {"type": "Feature", "properties": {"layer": "vulnerability_pois", "category": "hospital", "name": "B M Mittal Hospital and Research Centre", "osm_type": "node", "osm_id": 6207062085}, "geometry": {"type": "Point", "coordinates": [75.887493, 22.718448]}}, {"type": "Feature", "properties": {"layer": "vulnerability_pois", "category": "hospital", "name": "Geeta Bhawan Hospital", "osm_type": "node", "osm_id": 6207062087}, "geometry": {"type": "Point", "coordinates": [75.887449, 22.718128]}}, {"type": "Feature", "properties": {"layer": "vulnerability_pois", "category": "hospital", "name": "Homeopathy Arc", "osm_type": "node", "osm_id": 6207063247}, "geometry": {"type": "Point", "coordinates": [75.90143, 22.719772]}}, {"type": "Feature", "properties": {"layer": "vulnerability_pois", "category": "hospital", "name": "Aradhya's Homeopathic Clinic And Skin Care", "osm_type": "node", "osm_id": 6207069317}, "geometry": {"type": "Point", "coordinates": [75.899906, 22.715915]}}, {"type": "Feature", "properties": {"layer": "vulnerability_pois", "category": "hospital", "name": "Dr.B B Tripathi", "osm_type": "node", "osm_id": 6207075735}, "geometry": {"type": "Point", "coordinates": [75.900019, 22.71455]}}, {"type": "Feature", "properties": {"layer": "vulnerability_pois", "category": "hospital", "name": "Dr. Arvind Dave Clinic", "osm_type": "node", "osm_id": 6207080359}, "geometry": {"type": "Point", "coordinates": [75.882815, 22.717988]}}, {"type": "Feature", "properties": {"layer": "vulnerability_pois", "category": "hospital", "name": "Central Clinic", "osm_type": "node", "osm_id": 6207080362}, "geometry": {"type": "Point", "coordinates": [75.883963, 22.717458]}}, {"type": "Feature", "properties": {"layer": "vulnerability_pois", "category": "hospital", "name": "Suyash Hospital", "osm_type": "node", "osm_id": 6207080363}, "geometry": {"type": "Point", "coordinates": [75.883927, 22.713798]}}, {"type": "Feature", "properties": {"layer": "vulnerability_pois", "category": "hospital", "name": "Dr.Anurag Panwel", "osm_type": "node", "osm_id": 6207082416}, "geometry": {"type": "Point", "coordinates": [75.900252, 22.714628]}}, {"type": "Feature", "properties": {"layer": "vulnerability_pois", "category": "hospital", "name": "Dr.Kalpana Jain", "osm_type": "node", "osm_id": 6207086444}, "geometry": {"type": "Point", "coordinates": [75.895984, 22.719172]}}, {"type": "Feature", "properties": {"layer": "vulnerability_pois", "category": "hospital", "name": "Dr.Madhukar Gupta", "osm_type": "node", "osm_id": 6207090845}, "geometry": {"type": "Point", "coordinates": [75.895962, 22.719106]}}, {"type": "Feature", "properties": {"layer": "vulnerability_pois", "category": "hospital", "name": "Dr Prakash singhal", "osm_type": "node", "osm_id": 6207092122}, "geometry": {"type": "Point", "coordinates": [75.884479, 22.70963]}}, {"type": "Feature", "properties": {"layer": "vulnerability_pois", "category": "hospital", "name": "Dr P G Raman", "osm_type": "node", "osm_id": 6207097957}, "geometry": {"type": "Point", "coordinates": [75.88937, 22.709843]}}, {"type": "Feature", "properties": {"layer": "vulnerability_pois", "category": "hospital", "name": "Dr Jyoti Bunglowala", "osm_type": "node", "osm_id": 6207122195}, "geometry": {"type": "Point", "coordinates": [75.884119, 22.71296]}}, {"type": "Feature", "properties": {"layer": "vulnerability_pois", "category": "hospital", "name": "Government Autonomous College Of Dentistry And Hospital", "osm_type": "node", "osm_id": 6207122196}, "geometry": {"type": "Point", "coordinates": [75.881461, 22.711651]}}, {"type": "Feature", "properties": {"layer": "vulnerability_pois", "category": "hospital", "name": "Dolphin Hospital", "osm_type": "node", "osm_id": 6207122708}, "geometry": {"type": "Point", "coordinates": [75.88362, 22.723923]}}, {"type": "Feature", "properties": {"layer": "vulnerability_pois", "category": "hospital", "name": "Dr Gunwant Yashlaha", "osm_type": "node", "osm_id": 6207129380}, "geometry": {"type": "Point", "coordinates": [75.874288, 22.723772]}}, {"type": "Feature", "properties": {"layer": "vulnerability_pois", "category": "hospital", "name": "Dr K G Gupta", "osm_type": "node", "osm_id": 6207129383}, "geometry": {"type": "Point", "coordinates": [75.879377, 22.726272]}}, {"type": "Feature", "properties": {"layer": "vulnerability_pois", "category": "hospital", "name": "Nitya Homeopathic", "osm_type": "node", "osm_id": 6207129586}, "geometry": {"type": "Point", "coordinates": [75.879576, 22.726526]}}, {"type": "Feature", "properties": {"layer": "vulnerability_pois", "category": "hospital", "name": "Dr Deepak Agrawal", "osm_type": "node", "osm_id": 6207129588}, "geometry": {"type": "Point", "coordinates": [75.879532, 22.726552]}}, {"type": "Feature", "properties": {"layer": "vulnerability_pois", "category": "hospital", "name": "Dr Lata Chitale", "osm_type": "node", "osm_id": 6207129590}, "geometry": {"type": "Point", "coordinates": [75.877727, 22.727653]}}, {"type": "Feature", "properties": {"layer": "vulnerability_pois", "category": "hospital", "name": "Dr Vishal Ratan Munjal", "osm_type": "node", "osm_id": 6207129595}, "geometry": {"type": "Point", "coordinates": [75.885197, 22.712817]}}, {"type": "Feature", "properties": {"layer": "vulnerability_pois", "category": "hospital", "name": "Dr Jafrey Chest And Elergy Center", "osm_type": "node", "osm_id": 6207136544}, "geometry": {"type": "Point", "coordinates": [75.889442, 22.727656]}}, {"type": "Feature", "properties": {"layer": "vulnerability_pois", "category": "hospital", "name": "Total Fertility Solutions", "osm_type": "node", "osm_id": 6207141502}, "geometry": {"type": "Point", "coordinates": [75.882509, 22.717972]}}, {"type": "Feature", "properties": {"layer": "vulnerability_pois", "category": "hospital", "name": "Dr. Sanjay Maheshwari", "osm_type": "node", "osm_id": 6207141504}, "geometry": {"type": "Point", "coordinates": [75.88501, 22.716643]}}, {"type": "Feature", "properties": {"layer": "vulnerability_pois", "category": "hospital", "name": "Alpha Clinic", "osm_type": "node", "osm_id": 6207141506}, "geometry": {"type": "Point", "coordinates": [75.886687, 22.718892]}}, {"type": "Feature", "properties": {"layer": "vulnerability_pois", "category": "hospital", "name": "Dr. Kaushalendra Verma", "osm_type": "node", "osm_id": 6207141507}, "geometry": {"type": "Point", "coordinates": [75.886696, 22.718816]}}, {"type": "Feature", "properties": {"layer": "vulnerability_pois", "category": "hospital", "name": "\u0916\u0930\u0947 \u0938\u094d\u0915\u093f\u0928 \u0915\u094d\u0932\u093f\u0928\u093f\u0915", "osm_type": "node", "osm_id": 6207141569}, "geometry": {"type": "Point", "coordinates": [75.877425, 22.710095]}}, {"type": "Feature", "properties": {"layer": "vulnerability_pois", "category": "hospital", "name": "\u0921\u0949 \u092a\u0941\u0937\u094d\u092a \u092a\u0941\u0930\u094b\u0939\u093f\u0924", "osm_type": "node", "osm_id": 6207141570}, "geometry": {"type": "Point", "coordinates": [75.877463, 22.710108]}}, {"type": "Feature", "properties": {"layer": "vulnerability_pois", "category": "hospital", "name": "\u0936\u094d\u0930\u0940 \u0905\u0928\u0902\u0928\u094d\u0924\u0928\u093e\u0925 \u091a\u093f\u0915\u093f\u0924\u094d\u0938\u093e\u0932\u092f", "osm_type": "node", "osm_id": 6207141572}, "geometry": {"type": "Point", "coordinates": [75.877158, 22.707626]}}, {"type": "Feature", "properties": {"layer": "vulnerability_pois", "category": "hospital", "name": "Abha Clinic", "osm_type": "node", "osm_id": 6207141577}, "geometry": {"type": "Point", "coordinates": [75.875525, 22.707865]}}, {"type": "Feature", "properties": {"layer": "vulnerability_pois", "category": "hospital", "name": "Kusum Dental Clinic", "osm_type": "node", "osm_id": 6207141580}, "geometry": {"type": "Point", "coordinates": [75.875702, 22.709125]}}, {"type": "Feature", "properties": {"layer": "vulnerability_pois", "category": "hospital", "name": "Christan Hospital", "osm_type": "node", "osm_id": 6207141583}, "geometry": {"type": "Point", "coordinates": [75.871713, 22.711507]}}, {"type": "Feature", "properties": {"layer": "vulnerability_pois", "category": "hospital", "name": "Dr. Hardiya Advanced Eye Surgery And Research Centre", "osm_type": "node", "osm_id": 6207141584}, "geometry": {"type": "Point", "coordinates": [75.870817, 22.710669]}}, {"type": "Feature", "properties": {"layer": "vulnerability_pois", "category": "hospital", "name": "Dr Naquis Homoepathic Clinic", "osm_type": "node", "osm_id": 6207142086}, "geometry": {"type": "Point", "coordinates": [75.889365, 22.727599]}}, {"type": "Feature", "properties": {"layer": "vulnerability_pois", "category": "hospital", "name": "Dr Mukesh E Gangrade", "osm_type": "node", "osm_id": 6207153911}, "geometry": {"type": "Point", "coordinates": [75.888365, 22.725573]}}, {"type": "Feature", "properties": {"layer": "vulnerability_pois", "category": "hospital", "name": "Orthotic Chikitsa Kendra", "osm_type": "node", "osm_id": 6207154777}, "geometry": {"type": "Point", "coordinates": [75.888403, 22.725575]}}, {"type": "Feature", "properties": {"layer": "vulnerability_pois", "category": "hospital", "name": "Gokuldas Hospital", "osm_type": "node", "osm_id": 6207166584}, "geometry": {"type": "Point", "coordinates": [75.876078, 22.716385]}}, {"type": "Feature", "properties": {"layer": "vulnerability_pois", "category": "hospital", "name": "M Y Hospital Respiratory and Bone Section", "osm_type": "node", "osm_id": 6207167685}, "geometry": {"type": "Point", "coordinates": [75.881093, 22.71346]}}, {"type": "Feature", "properties": {"layer": "vulnerability_pois", "category": "hospital", "name": "M Y HOSPITAL", "osm_type": "node", "osm_id": 6207167686}, "geometry": {"type": "Point", "coordinates": [75.879557, 22.713534]}}, {"type": "Feature", "properties": {"layer": "vulnerability_pois", "category": "hospital", "name": "M Y Cancer Hospital", "osm_type": "node", "osm_id": 6207167688}, "geometry": {"type": "Point", "coordinates": [75.878715, 22.713833]}}, {"type": "Feature", "properties": {"layer": "vulnerability_pois", "category": "hospital", "name": "Dr C S Thatte", "osm_type": "node", "osm_id": 6207167694}, "geometry": {"type": "Point", "coordinates": [75.874139, 22.722665]}}, {"type": "Feature", "properties": {"layer": "vulnerability_pois", "category": "hospital", "name": "Greater Kailash Hospital", "osm_type": "node", "osm_id": 6207174536}, "geometry": {"type": "Point", "coordinates": [75.889468, 22.725126]}}, {"type": "Feature", "properties": {"layer": "vulnerability_pois", "category": "hospital", "name": "Bhagwati Maternity And Nursing Home", "osm_type": "node", "osm_id": 6207177544}, "geometry": {"type": "Point", "coordinates": [75.896241, 22.71951]}}, {"type": "Feature", "properties": {"layer": "vulnerability_pois", "category": "hospital", "name": "Eurekaa Hospital", "osm_type": "node", "osm_id": 6207190444}, "geometry": {"type": "Point", "coordinates": [75.889089, 22.723346]}}, {"type": "Feature", "properties": {"layer": "vulnerability_pois", "category": "hospital", "name": "Sodani Diagnostic Clinic", "osm_type": "node", "osm_id": 6207192228}, "geometry": {"type": "Point", "coordinates": [75.879438, 22.726287]}}, {"type": "Feature", "properties": {"layer": "vulnerability_pois", "category": "hospital", "name": "Women Health Clinic", "osm_type": "node", "osm_id": 6207195399}, "geometry": {"type": "Point", "coordinates": [75.879355, 22.711629]}}, {"type": "Feature", "properties": {"layer": "vulnerability_pois", "category": "hospital", "name": "Dr. Sonal Shroff", "osm_type": "node", "osm_id": 6207195401}, "geometry": {"type": "Point", "coordinates": [75.88034, 22.711216]}}, {"type": "Feature", "properties": {"layer": "vulnerability_pois", "category": "hospital", "name": "Goyal Ortho & Chlid Care", "osm_type": "node", "osm_id": 6207195404}, "geometry": {"type": "Point", "coordinates": [75.878996, 22.712574]}}, {"type": "Feature", "properties": {"layer": "vulnerability_pois", "category": "hospital", "name": "RK Eye & Retina Centre", "osm_type": "node", "osm_id": 6207195406}, "geometry": {"type": "Point", "coordinates": [75.877824, 22.711616]}}, {"type": "Feature", "properties": {"layer": "vulnerability_pois", "category": "hospital", "name": "P. C. Sethi hospital", "osm_type": "node", "osm_id": 6207195407}, "geometry": {"type": "Point", "coordinates": [75.878642, 22.708611]}}, {"type": "Feature", "properties": {"layer": "vulnerability_pois", "category": "hospital", "name": "Dr.Shrivastava", "osm_type": "node", "osm_id": 6207203746}, "geometry": {"type": "Point", "coordinates": [75.878996, 22.710275]}}, {"type": "Feature", "properties": {"layer": "vulnerability_pois", "category": "hospital", "name": "Dr. Ajay Doshi", "osm_type": "node", "osm_id": 6207216998}, "geometry": {"type": "Point", "coordinates": [75.898664, 22.71603]}}, {"type": "Feature", "properties": {"layer": "vulnerability_pois", "category": "hospital", "name": "Dr. G. S. Mittal", "osm_type": "node", "osm_id": 6207260986}, "geometry": {"type": "Point", "coordinates": [75.895767, 22.714628]}}, {"type": "Feature", "properties": {"layer": "vulnerability_pois", "category": "hospital", "name": "Dr. M Raj", "osm_type": "node", "osm_id": 6207264902}, "geometry": {"type": "Point", "coordinates": [75.897315, 22.715257]}}, {"type": "Feature", "properties": {"layer": "vulnerability_pois", "category": "hospital", "name": "Dr. Anupam Gupta Clinic", "osm_type": "node", "osm_id": 6207266528}, "geometry": {"type": "Point", "coordinates": [75.875262, 22.707506]}}, {"type": "Feature", "properties": {"layer": "vulnerability_pois", "category": "hospital", "name": "Dr RG Bansal Clinic", "osm_type": "node", "osm_id": 6207266529}, "geometry": {"type": "Point", "coordinates": [75.875466, 22.707793]}}, {"type": "Feature", "properties": {"layer": "vulnerability_pois", "category": "hospital", "name": "Manish Maheshwari Clinic", "osm_type": "node", "osm_id": 6207266531}, "geometry": {"type": "Point", "coordinates": [75.875155, 22.708654]}}, {"type": "Feature", "properties": {"layer": "vulnerability_pois", "category": "hospital", "name": "Dr. Kailash Chandra clinic", "osm_type": "node", "osm_id": 6207266535}, "geometry": {"type": "Point", "coordinates": [75.875831, 22.709295]}}, {"type": "Feature", "properties": {"layer": "vulnerability_pois", "category": "hospital", "name": "Veer Bajrang Mandir Clinic", "osm_type": "node", "osm_id": 6207266539}, "geometry": {"type": "Point", "coordinates": [75.873819, 22.708901]}}, {"type": "Feature", "properties": {"layer": "vulnerability_pois", "category": "hospital", "name": "Shakuntala Devi Hospital And Research Centre", "osm_type": "node", "osm_id": 6207292596}, "geometry": {"type": "Point", "coordinates": [75.905712, 22.717567]}}, {"type": "Feature", "properties": {"layer": "vulnerability_pois", "category": "hospital", "name": "Sunil Clinic", "osm_type": "node", "osm_id": 6207298674}, "geometry": {"type": "Point", "coordinates": [75.8963, 22.718783]}}, {"type": "Feature", "properties": {"layer": "vulnerability_pois", "category": "hospital", "name": "Sparsh Wellness Clinic", "osm_type": "node", "osm_id": 6207302475}, "geometry": {"type": "Point", "coordinates": [75.896268, 22.717766]}}, {"type": "Feature", "properties": {"layer": "vulnerability_pois", "category": "hospital", "name": "\u0921\u0949. \u0906\u0930. \u0915\u0947. \u092e\u093f\u0924\u094d\u0924\u0932", "osm_type": "node", "osm_id": 6207305163}, "geometry": {"type": "Point", "coordinates": [75.895744, 22.71718]}}, {"type": "Feature", "properties": {"layer": "vulnerability_pois", "category": "hospital", "name": "Pankaj Clinic", "osm_type": "node", "osm_id": 6207308300}, "geometry": {"type": "Point", "coordinates": [75.896171, 22.716696]}}, {"type": "Feature", "properties": {"layer": "vulnerability_pois", "category": "hospital", "name": "Dr. Dilip Jain", "osm_type": "node", "osm_id": 6207320416}, "geometry": {"type": "Point", "coordinates": [75.895761, 22.716775]}}, {"type": "Feature", "properties": {"layer": "vulnerability_pois", "category": "hospital", "name": "Kalpana X-Ray Clinic", "osm_type": "node", "osm_id": 6207328856}, "geometry": {"type": "Point", "coordinates": [75.88795, 22.723199]}}, {"type": "Feature", "properties": {"layer": "vulnerability_pois", "category": "hospital", "name": "Karuna Maternity And Nursing Home", "osm_type": "node", "osm_id": 6207343008}, "geometry": {"type": "Point", "coordinates": [75.879106, 22.712518]}}, {"type": "Feature", "properties": {"layer": "vulnerability_pois", "category": "hospital", "name": "Dr MC Ajmera", "osm_type": "node", "osm_id": 6207343010}, "geometry": {"type": "Point", "coordinates": [75.87792, 22.71131]}}, {"type": "Feature", "properties": {"layer": "vulnerability_pois", "category": "hospital", "name": "Dr Rajeev Khare Clinic", "osm_type": "node", "osm_id": 6207343011}, "geometry": {"type": "Point", "coordinates": [75.877963, 22.711142]}}, {"type": "Feature", "properties": {"layer": "vulnerability_pois", "category": "hospital", "name": "Jindal House", "osm_type": "node", "osm_id": 6207343012}, "geometry": {"type": "Point", "coordinates": [75.878266, 22.710733]}}, {"type": "Feature", "properties": {"layer": "vulnerability_pois", "category": "hospital", "name": "Dr Sadana Dental Clinic", "osm_type": "node", "osm_id": 6207343013}, "geometry": {"type": "Point", "coordinates": [75.878064, 22.710233]}}, {"type": "Feature", "properties": {"layer": "vulnerability_pois", "category": "hospital", "name": "Physiocare", "osm_type": "node", "osm_id": 6207343014}, "geometry": {"type": "Point", "coordinates": [75.878029, 22.710206]}}, {"type": "Feature", "properties": {"layer": "vulnerability_pois", "category": "hospital", "name": "Raj Clinic", "osm_type": "node", "osm_id": 6207343019}, "geometry": {"type": "Point", "coordinates": [75.877435, 22.707581]}}, {"type": "Feature", "properties": {"layer": "vulnerability_pois", "category": "hospital", "name": "Vimal Netralaya", "osm_type": "node", "osm_id": 6207343020}, "geometry": {"type": "Point", "coordinates": [75.877201, 22.707591]}}, {"type": "Feature", "properties": {"layer": "vulnerability_pois", "category": "hospital", "name": "Noble Hospital", "osm_type": "node", "osm_id": 6207573921}, "geometry": {"type": "Point", "coordinates": [75.877805, 22.719142]}}, {"type": "Feature", "properties": {"layer": "vulnerability_pois", "category": "hospital", "name": "M Y Accident and Emergency Centre", "osm_type": "node", "osm_id": 6207573924}, "geometry": {"type": "Point", "coordinates": [75.879028, 22.713715]}}, {"type": "Feature", "properties": {"layer": "vulnerability_pois", "category": "hospital", "name": "Late Shri Rajendra Darkar OPD", "osm_type": "node", "osm_id": 6207573925}, "geometry": {"type": "Point", "coordinates": [75.878512, 22.713457]}}, {"type": "Feature", "properties": {"layer": "vulnerability_pois", "category": "hospital", "name": "Bhaiji Homeo Immunity Recharge Centre", "osm_type": "node", "osm_id": 6207573931}, "geometry": {"type": "Point", "coordinates": [75.86931, 22.718689]}}, {"type": "Feature", "properties": {"layer": "vulnerability_pois", "category": "hospital", "name": "Rhythmic power yoga", "osm_type": "node", "osm_id": 6207573932}, "geometry": {"type": "Point", "coordinates": [75.869274, 22.718807]}}, {"type": "Feature", "properties": {"layer": "vulnerability_pois", "category": "hospital", "name": "Ratan Ayurvedic Sansthan", "osm_type": "node", "osm_id": 6207573933}, "geometry": {"type": "Point", "coordinates": [75.872165, 22.721466]}}, {"type": "Feature", "properties": {"layer": "vulnerability_pois", "category": "hospital", "name": "Dr J S Kathpal", "osm_type": "node", "osm_id": 6207573934}, "geometry": {"type": "Point", "coordinates": [75.872098, 22.721514]}}, {"type": "Feature", "properties": {"layer": "vulnerability_pois", "category": "hospital", "name": "Dr Nilesh Jain", "osm_type": "node", "osm_id": 6207573935}, "geometry": {"type": "Point", "coordinates": [75.874204, 22.722963]}}, {"type": "Feature", "properties": {"layer": "vulnerability_pois", "category": "hospital", "name": "Dr Malay Kumart", "osm_type": "node", "osm_id": 6207573938}, "geometry": {"type": "Point", "coordinates": [75.874335, 22.723908]}}, {"type": "Feature", "properties": {"layer": "vulnerability_pois", "category": "hospital", "name": "Dr Shikhar Nahar", "osm_type": "node", "osm_id": 6207608874}, "geometry": {"type": "Point", "coordinates": [75.899165, 22.720822]}}, {"type": "Feature", "properties": {"layer": "vulnerability_pois", "category": "hospital", "name": "Om Clinic", "osm_type": "node", "osm_id": 6207608876}, "geometry": {"type": "Point", "coordinates": [75.901147, 22.720511]}}, {"type": "Feature", "properties": {"layer": "vulnerability_pois", "category": "hospital", "name": "Sudeh Skin Clinic", "osm_type": "node", "osm_id": 6207608877}, "geometry": {"type": "Point", "coordinates": [75.90123, 22.72051]}}, {"type": "Feature", "properties": {"layer": "vulnerability_pois", "category": "hospital", "name": "Ashirwad Clinic", "osm_type": "node", "osm_id": 6207683379}, "geometry": {"type": "Point", "coordinates": [75.896915, 22.721076]}}, {"type": "Feature", "properties": {"layer": "vulnerability_pois", "category": "hospital", "name": "Punya Maa Smriti Clinic", "osm_type": "node", "osm_id": 6207683380}, "geometry": {"type": "Point", "coordinates": [75.897607, 22.721002]}}, {"type": "Feature", "properties": {"layer": "vulnerability_pois", "category": "hospital", "name": "Sattvam Ayurved", "osm_type": "node", "osm_id": 6207683381}, "geometry": {"type": "Point", "coordinates": [75.898036, 22.720967]}}, {"type": "Feature", "properties": {"layer": "vulnerability_pois", "category": "hospital", "name": "Saket Poly Clinic", "osm_type": "node", "osm_id": 6207763611}, "geometry": {"type": "Point", "coordinates": [75.894662, 22.725811]}}, {"type": "Feature", "properties": {"layer": "vulnerability_pois", "category": "hospital", "name": "Dr. Punit Bhargava", "osm_type": "node", "osm_id": 6207763616}, "geometry": {"type": "Point", "coordinates": [75.894414, 22.726032]}}, {"type": "Feature", "properties": {"layer": "vulnerability_pois", "category": "hospital", "name": "Dr Ritu Maheshwari", "osm_type": "node", "osm_id": 6207763620}, "geometry": {"type": "Point", "coordinates": [75.894448, 22.726841]}}, {"type": "Feature", "properties": {"layer": "vulnerability_pois", "category": "hospital", "name": "Dr. Aparna Manjrekar", "osm_type": "node", "osm_id": 6207763623}, "geometry": {"type": "Point", "coordinates": [75.894279, 22.727164]}}, {"type": "Feature", "properties": {"layer": "vulnerability_pois", "category": "hospital", "name": "Dr. Manish and Ekta Trivedi", "osm_type": "node", "osm_id": 6207763625}, "geometry": {"type": "Point", "coordinates": [75.894276, 22.727817]}}, {"type": "Feature", "properties": {"layer": "vulnerability_pois", "category": "hospital", "name": "Dr. Milind Sathe", "osm_type": "node", "osm_id": 6207763627}, "geometry": {"type": "Point", "coordinates": [75.893239, 22.721885]}}, {"type": "Feature", "properties": {"layer": "vulnerability_pois", "category": "hospital", "name": "Eureka Hospital", "osm_type": "node", "osm_id": 6207763631}, "geometry": {"type": "Point", "coordinates": [75.896292, 22.72287]}}, {"type": "Feature", "properties": {"layer": "vulnerability_pois", "category": "hospital", "name": "Dr. Ritu's Homeopathic Clinic", "osm_type": "node", "osm_id": 6207763633}, "geometry": {"type": "Point", "coordinates": [75.897103, 22.723001]}}, {"type": "Feature", "properties": {"layer": "vulnerability_pois", "category": "hospital", "name": "Homeopathy Clinic", "osm_type": "node", "osm_id": 6207763634}, "geometry": {"type": "Point", "coordinates": [75.898594, 22.723723]}}, {"type": "Feature", "properties": {"layer": "vulnerability_pois", "category": "hospital", "name": "Dr.N.D Soni", "osm_type": "node", "osm_id": 6207763635}, "geometry": {"type": "Point", "coordinates": [75.899069, 22.722016]}}, {"type": "Feature", "properties": {"layer": "vulnerability_pois", "category": "hospital", "name": "Dr. Rajesh Korea; Dr. Alka Korea", "osm_type": "node", "osm_id": 6207763637}, "geometry": {"type": "Point", "coordinates": [75.895226, 22.721239]}}, {"type": "Feature", "properties": {"layer": "vulnerability_pois", "category": "hospital", "name": "Dr . Vinod Naaneriya", "osm_type": "node", "osm_id": 6207763640}, "geometry": {"type": "Point", "coordinates": [75.895257, 22.722566]}}, {"type": "Feature", "properties": {"layer": "vulnerability_pois", "category": "hospital", "name": "Concern", "osm_type": "node", "osm_id": 6207763641}, "geometry": {"type": "Point", "coordinates": [75.894951, 22.722333]}}, {"type": "Feature", "properties": {"layer": "vulnerability_pois", "category": "hospital", "name": "Dr. R.S Palor", "osm_type": "node", "osm_id": 6207763642}, "geometry": {"type": "Point", "coordinates": [75.894962, 22.722724]}}, {"type": "Feature", "properties": {"layer": "vulnerability_pois", "category": "hospital", "name": "Dr. Ginni skinology", "osm_type": "node", "osm_id": 6207763643}, "geometry": {"type": "Point", "coordinates": [75.893948, 22.724525]}}, {"type": "Feature", "properties": {"layer": "vulnerability_pois", "category": "hospital", "name": "Disha Fertility and Surgical Centre", "osm_type": "node", "osm_id": 6207763645}, "geometry": {"type": "Point", "coordinates": [75.895367, 22.72543]}}, {"type": "Feature", "properties": {"layer": "vulnerability_pois", "category": "hospital", "name": "Dr. Shefali Ojha", "osm_type": "node", "osm_id": 6207763647}, "geometry": {"type": "Point", "coordinates": [75.894147, 22.725265]}}, {"type": "Feature", "properties": {"layer": "vulnerability_pois", "category": "hospital", "name": "Dr. Nikhil Ojha", "osm_type": "node", "osm_id": 6207763648}, "geometry": {"type": "Point", "coordinates": [75.894227, 22.725227]}}, {"type": "Feature", "properties": {"layer": "vulnerability_pois", "category": "hospital", "name": "Patidar Homoeopathic", "osm_type": "node", "osm_id": 6208183979}, "geometry": {"type": "Point", "coordinates": [75.90168, 22.720844]}}, {"type": "Feature", "properties": {"layer": "vulnerability_pois", "category": "hospital", "name": "Aagman Eye And Life Clinic", "osm_type": "node", "osm_id": 6208218095}, "geometry": {"type": "Point", "coordinates": [75.901584, 22.720879]}}, {"type": "Feature", "properties": {"layer": "vulnerability_pois", "category": "hospital", "name": "Dr Ujjwal Uke", "osm_type": "node", "osm_id": 6208240427}, "geometry": {"type": "Point", "coordinates": [75.901254, 22.720951]}}, {"type": "Feature", "properties": {"layer": "vulnerability_pois", "category": "hospital", "name": "Mohit Clinic", "osm_type": "node", "osm_id": 6208308264}, "geometry": {"type": "Point", "coordinates": [75.89766, 22.721269]}}, {"type": "Feature", "properties": {"layer": "vulnerability_pois", "category": "hospital", "name": "Classic Arch", "osm_type": "node", "osm_id": 6208778695}, "geometry": {"type": "Point", "coordinates": [75.894352, 22.726906]}}, {"type": "Feature", "properties": {"layer": "vulnerability_pois", "category": "hospital", "name": "Shreenath Homeo Clinic", "osm_type": "node", "osm_id": 6208859248}, "geometry": {"type": "Point", "coordinates": [75.891973, 22.725557]}}, {"type": "Feature", "properties": {"layer": "vulnerability_pois", "category": "hospital", "name": "Homeopathic Davakhana", "osm_type": "node", "osm_id": 6208859249}, "geometry": {"type": "Point", "coordinates": [75.891944, 22.72543]}}, {"type": "Feature", "properties": {"layer": "vulnerability_pois", "category": "hospital", "name": "Dr D K Sharma", "osm_type": "node", "osm_id": 6208859252}, "geometry": {"type": "Point", "coordinates": [75.893807, 22.724929]}}, {"type": "Feature", "properties": {"layer": "vulnerability_pois", "category": "hospital", "name": "Orthopaedic Clinic", "osm_type": "node", "osm_id": 6208859254}, "geometry": {"type": "Point", "coordinates": [75.894196, 22.72526]}}, {"type": "Feature", "properties": {"layer": "vulnerability_pois", "category": "hospital", "name": "The Mark", "osm_type": "node", "osm_id": 6208859256}, "geometry": {"type": "Point", "coordinates": [75.893896, 22.725593]}}, {"type": "Feature", "properties": {"layer": "vulnerability_pois", "category": "hospital", "name": "Shree Ganesh Netralay", "osm_type": "node", "osm_id": 6208859257}, "geometry": {"type": "Point", "coordinates": [75.894031, 22.725634]}}, {"type": "Feature", "properties": {"layer": "vulnerability_pois", "category": "hospital", "name": "Hridayam", "osm_type": "node", "osm_id": 6208859258}, "geometry": {"type": "Point", "coordinates": [75.893998, 22.725643]}}, {"type": "Feature", "properties": {"layer": "vulnerability_pois", "category": "hospital", "name": "Dr Manish Nema", "osm_type": "node", "osm_id": 6208859259}, "geometry": {"type": "Point", "coordinates": [75.894033, 22.725669]}}, {"type": "Feature", "properties": {"layer": "vulnerability_pois", "category": "hospital", "name": "Tikakaran Kendra", "osm_type": "node", "osm_id": 6208943668}, "geometry": {"type": "Point", "coordinates": [75.895082, 22.721084]}}, {"type": "Feature", "properties": {"layer": "vulnerability_pois", "category": "hospital", "name": "Health Clinic", "osm_type": "node", "osm_id": 6208943669}, "geometry": {"type": "Point", "coordinates": [75.895292, 22.720842]}}, {"type": "Feature", "properties": {"layer": "vulnerability_pois", "category": "hospital", "name": "Review Clinic", "osm_type": "node", "osm_id": 6208943670}, "geometry": {"type": "Point", "coordinates": [75.892853, 22.721155]}}, {"type": "Feature", "properties": {"layer": "vulnerability_pois", "category": "hospital", "name": "Dermacure", "osm_type": "node", "osm_id": 6208943671}, "geometry": {"type": "Point", "coordinates": [75.893272, 22.722476]}}, {"type": "Feature", "properties": {"layer": "vulnerability_pois", "category": "hospital", "name": "Pearl Dental Clinic", "osm_type": "node", "osm_id": 6208943673}, "geometry": {"type": "Point", "coordinates": [75.892884, 22.723082]}}, {"type": "Feature", "properties": {"layer": "vulnerability_pois", "category": "hospital", "name": "Shreya Clinic", "osm_type": "node", "osm_id": 6208952031}, "geometry": {"type": "Point", "coordinates": [75.894981, 22.724641]}}, {"type": "Feature", "properties": {"layer": "vulnerability_pois", "category": "hospital", "name": "Dr Girish kavthekar", "osm_type": "node", "osm_id": 6208995417}, "geometry": {"type": "Point", "coordinates": [75.898803, 22.723253]}}, {"type": "Feature", "properties": {"layer": "vulnerability_pois", "category": "hospital", "name": "Ashish Mehrotra", "osm_type": "node", "osm_id": 6208995418}, "geometry": {"type": "Point", "coordinates": [75.897739, 22.723131]}}, {"type": "Feature", "properties": {"layer": "vulnerability_pois", "category": "hospital", "name": "Dr Kusum Dangi", "osm_type": "node", "osm_id": 6208995419}, "geometry": {"type": "Point", "coordinates": [75.897401, 22.723084]}}, {"type": "Feature", "properties": {"layer": "vulnerability_pois", "category": "hospital", "name": "Vaid's Clinic", "osm_type": "node", "osm_id": 6208995421}, "geometry": {"type": "Point", "coordinates": [75.896258, 22.722727]}}, {"type": "Feature", "properties": {"layer": "vulnerability_pois", "category": "hospital", "name": "Bhatt Clinic", "osm_type": "node", "osm_id": 6208995424}, "geometry": {"type": "Point", "coordinates": [75.895364, 22.723081]}}, {"type": "Feature", "properties": {"layer": "vulnerability_pois", "category": "hospital", "name": "Ashirwad Homeopathic Clinic", "osm_type": "node", "osm_id": 6208995426}, "geometry": {"type": "Point", "coordinates": [75.897013, 22.724613]}}, {"type": "Feature", "properties": {"layer": "vulnerability_pois", "category": "hospital", "name": "Sunita Shinde", "osm_type": "node", "osm_id": 6208995427}, "geometry": {"type": "Point", "coordinates": [75.895513, 22.725459]}}, {"type": "Feature", "properties": {"layer": "vulnerability_pois", "category": "hospital", "name": "\u0906\u0928\u0902\u0926 \u0939\u0949\u0938\u094d\u092a\u093f\u091f\u0932 \u090f\u0902\u0921 \u0930\u093f\u0938\u0930\u094d\u091a \u0938\u0947\u0902\u091f\u0930", "osm_type": "node", "osm_id": 6213624625}, "geometry": {"type": "Point", "coordinates": [75.861559, 22.70315]}}, {"type": "Feature", "properties": {"layer": "vulnerability_pois", "category": "hospital", "name": "Sainath Clinic", "osm_type": "node", "osm_id": 6213650385}, "geometry": {"type": "Point", "coordinates": [75.861135, 22.703943]}}, {"type": "Feature", "properties": {"layer": "vulnerability_pois", "category": "hospital", "name": "Gupta Clinic", "osm_type": "node", "osm_id": 6213650889}, "geometry": {"type": "Point", "coordinates": [75.841879, 22.720319]}}, {"type": "Feature", "properties": {"layer": "vulnerability_pois", "category": "hospital", "name": "Chirayu Hospital", "osm_type": "node", "osm_id": 6213650893}, "geometry": {"type": "Point", "coordinates": [75.840447, 22.719928]}}, {"type": "Feature", "properties": {"layer": "vulnerability_pois", "category": "hospital", "name": "Kailash Clinic", "osm_type": "node", "osm_id": 6213710749}, "geometry": {"type": "Point", "coordinates": [75.846268, 22.709072]}}, {"type": "Feature", "properties": {"layer": "vulnerability_pois", "category": "hospital", "name": "Dr Chetan Kothari Clinic", "osm_type": "node", "osm_id": 6213727177}, "geometry": {"type": "Point", "coordinates": [75.846493, 22.712801]}}, {"type": "Feature", "properties": {"layer": "vulnerability_pois", "category": "hospital", "name": "Sai Physiotherapy Clinic", "osm_type": "node", "osm_id": 6213732705}, "geometry": {"type": "Point", "coordinates": [75.84749, 22.719984]}}, {"type": "Feature", "properties": {"layer": "vulnerability_pois", "category": "hospital", "name": "New Kashyap Clinic", "osm_type": "node", "osm_id": 6213757386}, "geometry": {"type": "Point", "coordinates": [75.864101, 22.71182]}}, {"type": "Feature", "properties": {"layer": "vulnerability_pois", "category": "hospital", "name": "Bhatia Skin Clinic", "osm_type": "node", "osm_id": 6213781213}, "geometry": {"type": "Point", "coordinates": [75.844982, 22.71536]}}, {"type": "Feature", "properties": {"layer": "vulnerability_pois", "category": "hospital", "name": "Dr Prakash Phandse", "osm_type": "node", "osm_id": 6213781214}, "geometry": {"type": "Point", "coordinates": [75.849068, 22.720353]}}, {"type": "Feature", "properties": {"layer": "vulnerability_pois", "category": "hospital", "name": "Saif Health Care", "osm_type": "node", "osm_id": 6213785909}, "geometry": {"type": "Point", "coordinates": [75.844029, 22.716018]}}, {"type": "Feature", "properties": {"layer": "vulnerability_pois", "category": "hospital", "name": "Dr Ankit Kothari Clinic", "osm_type": "node", "osm_id": 6213805897}, "geometry": {"type": "Point", "coordinates": [75.843869, 22.71592]}}, {"type": "Feature", "properties": {"layer": "vulnerability_pois", "category": "hospital", "name": "Samarth Child Surgical Center", "osm_type": "node", "osm_id": 6213831966}, "geometry": {"type": "Point", "coordinates": [75.843798, 22.715983]}}, {"type": "Feature", "properties": {"layer": "vulnerability_pois", "category": "hospital", "name": "Digvijay Clinic", "osm_type": "node", "osm_id": 6213843076}, "geometry": {"type": "Point", "coordinates": [75.843502, 22.715992]}}, {"type": "Feature", "properties": {"layer": "vulnerability_pois", "category": "hospital", "name": "Suraj Vision And Dental Clinic", "osm_type": "node", "osm_id": 6213857389}, "geometry": {"type": "Point", "coordinates": [75.869231, 22.718566]}}, {"type": "Feature", "properties": {"layer": "vulnerability_pois", "category": "hospital", "name": "Dr Tapsi Chatterjee", "osm_type": "node", "osm_id": 6213864098}, "geometry": {"type": "Point", "coordinates": [75.846028, 22.722736]}}, {"type": "Feature", "properties": {"layer": "vulnerability_pois", "category": "hospital", "name": "Kothari Clinic", "osm_type": "node", "osm_id": 6213864100}, "geometry": {"type": "Point", "coordinates": [75.846012, 22.722906]}}, {"type": "Feature", "properties": {"layer": "vulnerability_pois", "category": "hospital", "name": "Ruby Clinic", "osm_type": "node", "osm_id": 6213876263}, "geometry": {"type": "Point", "coordinates": [75.846208, 22.721823]}}, {"type": "Feature", "properties": {"layer": "vulnerability_pois", "category": "hospital", "name": "Dr Bharat Jadam Clinic", "osm_type": "node", "osm_id": 6213895763}, "geometry": {"type": "Point", "coordinates": [75.841849, 22.715906]}}, {"type": "Feature", "properties": {"layer": "vulnerability_pois", "category": "hospital", "name": "C.S. Homeo Pharmacy", "osm_type": "node", "osm_id": 6213898341}, "geometry": {"type": "Point", "coordinates": [75.861813, 22.72108]}}, {"type": "Feature", "properties": {"layer": "vulnerability_pois", "category": "hospital", "name": "Maruti Clinic", "osm_type": "node", "osm_id": 6213904151}, "geometry": {"type": "Point", "coordinates": [75.862138, 22.723402]}}, {"type": "Feature", "properties": {"layer": "vulnerability_pois", "category": "hospital", "name": "Bansal Hospital", "osm_type": "node", "osm_id": 6213909993}, "geometry": {"type": "Point", "coordinates": [75.843847, 22.713268]}}, {"type": "Feature", "properties": {"layer": "vulnerability_pois", "category": "hospital", "name": "Solanki Clinic", "osm_type": "node", "osm_id": 6213914988}, "geometry": {"type": "Point", "coordinates": [75.859667, 22.712338]}}, {"type": "Feature", "properties": {"layer": "vulnerability_pois", "category": "hospital", "name": "Oaj Ayurvedic and Infertility Center", "osm_type": "node", "osm_id": 6213929363}, "geometry": {"type": "Point", "coordinates": [75.858066, 22.716335]}}, {"type": "Feature", "properties": {"layer": "vulnerability_pois", "category": "hospital", "name": "Khushaal Dawakhana", "osm_type": "node", "osm_id": 6213932793}, "geometry": {"type": "Point", "coordinates": [75.856956, 22.716542]}}, {"type": "Feature", "properties": {"layer": "vulnerability_pois", "category": "hospital", "name": "Dr.N.P.Chabra", "osm_type": "node", "osm_id": 6213936461}, "geometry": {"type": "Point", "coordinates": [75.85666, 22.716555]}}, {"type": "Feature", "properties": {"layer": "vulnerability_pois", "category": "hospital", "name": "Usmaan Bhai", "osm_type": "node", "osm_id": 6213941250}, "geometry": {"type": "Point", "coordinates": [75.855707, 22.71593]}}, {"type": "Feature", "properties": {"layer": "vulnerability_pois", "category": "hospital", "name": "Multani Ayurvedic Clinic", "osm_type": "node", "osm_id": 6213953964}, "geometry": {"type": "Point", "coordinates": [75.8557, 22.715923]}}, {"type": "Feature", "properties": {"layer": "vulnerability_pois", "category": "hospital", "name": "Akbar Clinic", "osm_type": "node", "osm_id": 6213955617}, "geometry": {"type": "Point", "coordinates": [75.825177, 22.707699]}}, {"type": "Feature", "properties": {"layer": "vulnerability_pois", "category": "hospital", "name": "Patidar Clinic", "osm_type": "node", "osm_id": 6213962736}, "geometry": {"type": "Point", "coordinates": [75.828347, 22.70877]}}, {"type": "Feature", "properties": {"layer": "vulnerability_pois", "category": "hospital", "name": "Tanish Hospital", "osm_type": "node", "osm_id": 6213964372}, "geometry": {"type": "Point", "coordinates": [75.854975, 22.716265]}}, {"type": "Feature", "properties": {"layer": "vulnerability_pois", "category": "hospital", "name": "Yash Deep Clinic", "osm_type": "node", "osm_id": 6213981134}, "geometry": {"type": "Point", "coordinates": [75.852413, 22.71838]}}, {"type": "Feature", "properties": {"layer": "vulnerability_pois", "category": "hospital", "name": "\u0939\u0947\u0932\u094d\u0925 \u0915\u0947\u092f\u0930 \u092a\u094b\u0932\u0940 \u0915\u094d\u0932\u093f\u0928\u093f\u0915", "osm_type": "node", "osm_id": 6213995187}, "geometry": {"type": "Point", "coordinates": [75.854293, 22.716382]}}, {"type": "Feature", "properties": {"layer": "vulnerability_pois", "category": "hospital", "name": "\u0921\u093e\u0915\u094d\u091f\u0930\u094d\u0938 \u0939\u093e\u0909\u0938", "osm_type": "node", "osm_id": 6214001764}, "geometry": {"type": "Point", "coordinates": [75.829109, 22.708991]}}, {"type": "Feature", "properties": {"layer": "vulnerability_pois", "category": "hospital", "name": "Holi Homeo Clinic", "osm_type": "node", "osm_id": 6214019776}, "geometry": {"type": "Point", "coordinates": [75.856359, 22.719148]}}, {"type": "Feature", "properties": {"layer": "vulnerability_pois", "category": "hospital", "name": "District Hospital,Indore", "osm_type": "node", "osm_id": 6214033167}, "geometry": {"type": "Point", "coordinates": [75.830806, 22.708825]}}, {"type": "Feature", "properties": {"layer": "vulnerability_pois", "category": "hospital", "name": "Dr Sachin Garg", "osm_type": "node", "osm_id": 6214037376}, "geometry": {"type": "Point", "coordinates": [75.833943, 22.720195]}}, {"type": "Feature", "properties": {"layer": "vulnerability_pois", "category": "hospital", "name": "Dr N S Mittal", "osm_type": "node", "osm_id": 6214037381}, "geometry": {"type": "Point", "coordinates": [75.837647, 22.724705]}}, {"type": "Feature", "properties": {"layer": "vulnerability_pois", "category": "hospital", "name": "Dr G D Nagar", "osm_type": "node", "osm_id": 6214037382}, "geometry": {"type": "Point", "coordinates": [75.83889, 22.723629]}}, {"type": "Feature", "properties": {"layer": "vulnerability_pois", "category": "hospital", "name": "Dr. L.L.Jain", "osm_type": "node", "osm_id": 6214045108}, "geometry": {"type": "Point", "coordinates": [75.855258, 22.718888]}}, {"type": "Feature", "properties": {"layer": "vulnerability_pois", "category": "hospital", "name": "Ramkrishna Hospital", "osm_type": "node", "osm_id": 6214058603}, "geometry": {"type": "Point", "coordinates": [75.831599, 22.709993]}}, {"type": "Feature", "properties": {"layer": "vulnerability_pois", "category": "hospital", "name": "Rajas Eye And Retina Research Center", "osm_type": "node", "osm_id": 6214071457}, "geometry": {"type": "Point", "coordinates": [75.854977, 22.71893]}}, {"type": "Feature", "properties": {"layer": "vulnerability_pois", "category": "hospital", "name": "Shrinath Clinic", "osm_type": "node", "osm_id": 6214080018}, "geometry": {"type": "Point", "coordinates": [75.830851, 22.71423]}}, {"type": "Feature", "properties": {"layer": "vulnerability_pois", "category": "hospital", "name": "Dr.Rawal's Clinic", "osm_type": "node", "osm_id": 6214081704}, "geometry": {"type": "Point", "coordinates": [75.8539, 22.718826]}}, {"type": "Feature", "properties": {"layer": "vulnerability_pois", "category": "hospital", "name": "Saurabh Hospital", "osm_type": "node", "osm_id": 6214095680}, "geometry": {"type": "Point", "coordinates": [75.853152, 22.71899]}}, {"type": "Feature", "properties": {"layer": "vulnerability_pois", "category": "hospital", "name": "Dr.Virendra Koria", "osm_type": "node", "osm_id": 6214096152}, "geometry": {"type": "Point", "coordinates": [75.853058, 22.719005]}}, {"type": "Feature", "properties": {"layer": "vulnerability_pois", "category": "hospital", "name": "Dr.Rajendra Arya", "osm_type": "node", "osm_id": 6214131768}, "geometry": {"type": "Point", "coordinates": [75.849191, 22.715425]}}, {"type": "Feature", "properties": {"layer": "vulnerability_pois", "category": "hospital", "name": "Dr.Pratibha Doshi", "osm_type": "node", "osm_id": 6214141968}, "geometry": {"type": "Point", "coordinates": [75.849184, 22.71543]}}, {"type": "Feature", "properties": {"layer": "vulnerability_pois", "category": "hospital", "name": "Dr Satish Gupta", "osm_type": "node", "osm_id": 6214145835}, "geometry": {"type": "Point", "coordinates": [75.825574, 22.724618]}}, {"type": "Feature", "properties": {"layer": "vulnerability_pois", "category": "hospital", "name": "Shubham Clinic", "osm_type": "node", "osm_id": 6214145837}, "geometry": {"type": "Point", "coordinates": [75.827159, 22.726429]}}, {"type": "Feature", "properties": {"layer": "vulnerability_pois", "category": "hospital", "name": "Dr.Ashok Nagar", "osm_type": "node", "osm_id": 6214147775}, "geometry": {"type": "Point", "coordinates": [75.849184, 22.715423]}}, {"type": "Feature", "properties": {"layer": "vulnerability_pois", "category": "hospital", "name": "Dr.A.K. Tandon", "osm_type": "node", "osm_id": 6214157193}, "geometry": {"type": "Point", "coordinates": [75.849142, 22.715564]}}, {"type": "Feature", "properties": {"layer": "vulnerability_pois", "category": "hospital", "name": "Ganesh Optical", "osm_type": "node", "osm_id": 6214162716}, "geometry": {"type": "Point", "coordinates": [75.848863, 22.715328]}}, {"type": "Feature", "properties": {"layer": "vulnerability_pois", "category": "hospital", "name": "Dr K K Nagar", "osm_type": "node", "osm_id": 6214164289}, "geometry": {"type": "Point", "coordinates": [75.828613, 22.722238]}}, {"type": "Feature", "properties": {"layer": "vulnerability_pois", "category": "hospital", "name": "Arogya Ayurvedic Centre", "osm_type": "node", "osm_id": 6214164290}, "geometry": {"type": "Point", "coordinates": [75.827244, 22.723877]}}, {"type": "Feature", "properties": {"layer": "vulnerability_pois", "category": "hospital", "name": "Shri Nath Ayurveda Bhawan", "osm_type": "node", "osm_id": 6214164946}, "geometry": {"type": "Point", "coordinates": [75.848802, 22.715359]}}, {"type": "Feature", "properties": {"layer": "vulnerability_pois", "category": "hospital", "name": "Dr.B.D. Khandelwal", "osm_type": "node", "osm_id": 6214171066}, "geometry": {"type": "Point", "coordinates": [75.848207, 22.715558]}}, {"type": "Feature", "properties": {"layer": "vulnerability_pois", "category": "hospital", "name": "Dr.D.R. Hariyani", "osm_type": "node", "osm_id": 6214178004}, "geometry": {"type": "Point", "coordinates": [75.847993, 22.715549]}}, {"type": "Feature", "properties": {"layer": "vulnerability_pois", "category": "hospital", "name": "Dr Govind Gupta", "osm_type": "node", "osm_id": 6214185875}, "geometry": {"type": "Point", "coordinates": [75.837266, 22.721526]}}, {"type": "Feature", "properties": {"layer": "vulnerability_pois", "category": "hospital", "name": "Homoeopathic Hospital", "osm_type": "node", "osm_id": 6214185877}, "geometry": {"type": "Point", "coordinates": [75.837153, 22.72208]}}, {"type": "Feature", "properties": {"layer": "vulnerability_pois", "category": "hospital", "name": "Dr.Sushil Joshi", "osm_type": "node", "osm_id": 6214201510}, "geometry": {"type": "Point", "coordinates": [75.849114, 22.719457]}}, {"type": "Feature", "properties": {"layer": "vulnerability_pois", "category": "hospital", "name": "Dr.Renu Dubey(Sharma)", "osm_type": "node", "osm_id": 6214203219}, "geometry": {"type": "Point", "coordinates": [75.849039, 22.719234]}}, {"type": "Feature", "properties": {"layer": "vulnerability_pois", "category": "hospital", "name": "Mehta Physiotherapy Clinic", "osm_type": "node", "osm_id": 6214205690}, "geometry": {"type": "Point", "coordinates": [75.848921, 22.719321]}}, {"type": "Feature", "properties": {"layer": "vulnerability_pois", "category": "hospital", "name": "Dr. Rajesh Korea", "osm_type": "node", "osm_id": 6214230874}, "geometry": {"type": "Point", "coordinates": [75.846527, 22.719159]}}, {"type": "Feature", "properties": {"layer": "vulnerability_pois", "category": "hospital", "name": "Dr Sheikh", "osm_type": "node", "osm_id": 6214241098}, "geometry": {"type": "Point", "coordinates": [75.849292, 22.721645]}}, {"type": "Feature", "properties": {"layer": "vulnerability_pois", "category": "hospital", "name": "Dr Rupesh Agarwal", "osm_type": "node", "osm_id": 6214241100}, "geometry": {"type": "Point", "coordinates": [75.841957, 22.72044]}}, {"type": "Feature", "properties": {"layer": "vulnerability_pois", "category": "hospital", "name": "Shree Balaji Skin Clinic", "osm_type": "node", "osm_id": 6214241102}, "geometry": {"type": "Point", "coordinates": [75.841962, 22.720419]}}, {"type": "Feature", "properties": {"layer": "vulnerability_pois", "category": "hospital", "name": "Dr R K Tomar", "osm_type": "node", "osm_id": 6214241103}, "geometry": {"type": "Point", "coordinates": [75.841932, 22.720431]}}, {"type": "Feature", "properties": {"layer": "vulnerability_pois", "category": "hospital", "name": "Dr Satish Gupta", "osm_type": "node", "osm_id": 6214241105}, "geometry": {"type": "Point", "coordinates": [75.847595, 22.719983]}}, {"type": "Feature", "properties": {"layer": "vulnerability_pois", "category": "hospital", "name": "City Eye Care", "osm_type": "node", "osm_id": 6215168989}, "geometry": {"type": "Point", "coordinates": [75.865445, 22.718893]}}, {"type": "Feature", "properties": {"layer": "vulnerability_pois", "category": "hospital", "name": "MTH Women's Hospital", "osm_type": "node", "osm_id": 6215256100}, "geometry": {"type": "Point", "coordinates": [75.865359, 22.718102]}}, {"type": "Feature", "properties": {"layer": "vulnerability_pois", "category": "hospital", "name": "Khatwani Clinic", "osm_type": "node", "osm_id": 6215390572}, "geometry": {"type": "Point", "coordinates": [75.862249, 22.725164]}}, {"type": "Feature", "properties": {"layer": "vulnerability_pois", "category": "hospital", "name": "Pulse Hospital", "osm_type": "node", "osm_id": 6215679231}, "geometry": {"type": "Point", "coordinates": [75.85463, 22.698822]}}, {"type": "Feature", "properties": {"layer": "vulnerability_pois", "category": "hospital", "name": "Dr.Sher Afgan", "osm_type": "node", "osm_id": 6215679232}, "geometry": {"type": "Point", "coordinates": [75.854545, 22.697524]}}, {"type": "Feature", "properties": {"layer": "vulnerability_pois", "category": "hospital", "name": "Memoon Physiotherapy Clinic", "osm_type": "node", "osm_id": 6215679233}, "geometry": {"type": "Point", "coordinates": [75.855457, 22.698018]}}, {"type": "Feature", "properties": {"layer": "vulnerability_pois", "category": "hospital", "name": "Al-Noor Clinic", "osm_type": "node", "osm_id": 6215679236}, "geometry": {"type": "Point", "coordinates": [75.856244, 22.698087]}}, {"type": "Feature", "properties": {"layer": "vulnerability_pois", "category": "hospital", "name": "Hakimi Clinic", "osm_type": "node", "osm_id": 6215679239}, "geometry": {"type": "Point", "coordinates": [75.857753, 22.697892]}}, {"type": "Feature", "properties": {"layer": "vulnerability_pois", "category": "hospital", "name": "Dr. Love Patidar", "osm_type": "node", "osm_id": 6215679247}, "geometry": {"type": "Point", "coordinates": [75.864103, 22.689846]}}, {"type": "Feature", "properties": {"layer": "vulnerability_pois", "category": "hospital", "name": "Medisquare Hospital", "osm_type": "node", "osm_id": 6215679249}, "geometry": {"type": "Point", "coordinates": [75.864589, 22.690504]}}, {"type": "Feature", "properties": {"layer": "vulnerability_pois", "category": "hospital", "name": "Gurjar Hospital", "osm_type": "node", "osm_id": 6215679253}, "geometry": {"type": "Point", "coordinates": [75.866137, 22.691856]}}, {"type": "Feature", "properties": {"layer": "vulnerability_pois", "category": "hospital", "name": "Apple Hospital", "osm_type": "node", "osm_id": 6215679256}, "geometry": {"type": "Point", "coordinates": [75.866639, 22.694002]}}, {"type": "Feature", "properties": {"layer": "vulnerability_pois", "category": "hospital", "name": "Dr. Hora Eye Care and Dental Clinic", "osm_type": "node", "osm_id": 6215679260}, "geometry": {"type": "Point", "coordinates": [75.868167, 22.699703]}}, {"type": "Feature", "properties": {"layer": "vulnerability_pois", "category": "hospital", "name": "Samadhan", "osm_type": "node", "osm_id": 6215679262}, "geometry": {"type": "Point", "coordinates": [75.868191, 22.699765]}}, {"type": "Feature", "properties": {"layer": "vulnerability_pois", "category": "hospital", "name": "Dr. Satish Premchandani", "osm_type": "node", "osm_id": 6215679265}, "geometry": {"type": "Point", "coordinates": [75.865896, 22.698518]}}, {"type": "Feature", "properties": {"layer": "vulnerability_pois", "category": "hospital", "name": "DHL center", "osm_type": "node", "osm_id": 6215679268}, "geometry": {"type": "Point", "coordinates": [75.866716, 22.698847]}}, {"type": "Feature", "properties": {"layer": "vulnerability_pois", "category": "hospital", "name": "Dr Arjun Wadhwani", "osm_type": "node", "osm_id": 6215679271}, "geometry": {"type": "Point", "coordinates": [75.865193, 22.698711]}}, {"type": "Feature", "properties": {"layer": "vulnerability_pois", "category": "hospital", "name": "Dr. Amitabh Goyal", "osm_type": "node", "osm_id": 6215679274}, "geometry": {"type": "Point", "coordinates": [75.864347, 22.699002]}}, {"type": "Feature", "properties": {"layer": "vulnerability_pois", "category": "hospital", "name": "Paryani Day Care Center", "osm_type": "node", "osm_id": 6215679278}, "geometry": {"type": "Point", "coordinates": [75.857055, 22.701039]}}, {"type": "Feature", "properties": {"layer": "vulnerability_pois", "category": "hospital", "name": "Adarsh Clinic", "osm_type": "node", "osm_id": 6215679279}, "geometry": {"type": "Point", "coordinates": [75.857302, 22.701257]}}, {"type": "Feature", "properties": {"layer": "vulnerability_pois", "category": "hospital", "name": "Shivam Polyclinic And Daycare Centre", "osm_type": "node", "osm_id": 6215805261}, "geometry": {"type": "Point", "coordinates": [75.857117, 22.724646]}}, {"type": "Feature", "properties": {"layer": "vulnerability_pois", "category": "hospital", "name": "Dr OP Parikh", "osm_type": "node", "osm_id": 6215813285}, "geometry": {"type": "Point", "coordinates": [75.854173, 22.722908]}}, {"type": "Feature", "properties": {"layer": "vulnerability_pois", "category": "hospital", "name": "Dr Suman Bndi", "osm_type": "node", "osm_id": 6215844861}, "geometry": {"type": "Point", "coordinates": [75.854366, 22.721028]}}, {"type": "Feature", "properties": {"layer": "vulnerability_pois", "category": "hospital", "name": "Dr.Meenakshi Arya", "osm_type": "node", "osm_id": 6215877658}, "geometry": {"type": "Point", "coordinates": [75.854763, 22.712837]}}, {"type": "Feature", "properties": {"layer": "vulnerability_pois", "category": "hospital", "name": "Chand Tara Dawakhana", "osm_type": "node", "osm_id": 6215902471}, "geometry": {"type": "Point", "coordinates": [75.851848, 22.722322]}}, {"type": "Feature", "properties": {"layer": "vulnerability_pois", "category": "hospital", "name": "Gupta Clinic", "osm_type": "node", "osm_id": 6215924638}, "geometry": {"type": "Point", "coordinates": [75.835432, 22.699071]}}, {"type": "Feature", "properties": {"layer": "vulnerability_pois", "category": "hospital", "name": "Dr Rajesh Agarwal Clinic", "osm_type": "node", "osm_id": 6215924640}, "geometry": {"type": "Point", "coordinates": [75.836543, 22.699369]}}, {"type": "Feature", "properties": {"layer": "vulnerability_pois", "category": "hospital", "name": "Dr Poonam Newalkar", "osm_type": "node", "osm_id": 6215924641}, "geometry": {"type": "Point", "coordinates": [75.836519, 22.699438]}}, {"type": "Feature", "properties": {"layer": "vulnerability_pois", "category": "hospital", "name": "Samragyee Homoeopathy Clinic", "osm_type": "node", "osm_id": 6215924643}, "geometry": {"type": "Point", "coordinates": [75.836691, 22.700007]}}, {"type": "Feature", "properties": {"layer": "vulnerability_pois", "category": "hospital", "name": "Doctor MD Badli Clinic", "osm_type": "node", "osm_id": 6215924644}, "geometry": {"type": "Point", "coordinates": [75.837407, 22.700588]}}, {"type": "Feature", "properties": {"layer": "vulnerability_pois", "category": "hospital", "name": "Vinayak Netralaya", "osm_type": "node", "osm_id": 6215924648}, "geometry": {"type": "Point", "coordinates": [75.840061, 22.702484]}}, {"type": "Feature", "properties": {"layer": "vulnerability_pois", "category": "hospital", "name": "Mishra Homeo Clinic", "osm_type": "node", "osm_id": 6215924650}, "geometry": {"type": "Point", "coordinates": [75.842303, 22.702563]}}, {"type": "Feature", "properties": {"layer": "vulnerability_pois", "category": "hospital", "name": "Dr Sanjay Gujarati", "osm_type": "node", "osm_id": 6215924651}, "geometry": {"type": "Point", "coordinates": [75.842239, 22.703058]}}, {"type": "Feature", "properties": {"layer": "vulnerability_pois", "category": "hospital", "name": "Dr GD Agrawal", "osm_type": "node", "osm_id": 6215924653}, "geometry": {"type": "Point", "coordinates": [75.83514, 22.700171]}}, {"type": "Feature", "properties": {"layer": "vulnerability_pois", "category": "hospital", "name": "Doctor Praveen Agarwal", "osm_type": "node", "osm_id": 6215924654}, "geometry": {"type": "Point", "coordinates": [75.834757, 22.70035]}}, {"type": "Feature", "properties": {"layer": "vulnerability_pois", "category": "hospital", "name": "Mani Medizone", "osm_type": "node", "osm_id": 6215924659}, "geometry": {"type": "Point", "coordinates": [75.832111, 22.696649]}}, {"type": "Feature", "properties": {"layer": "vulnerability_pois", "category": "hospital", "name": "Dr KK Sharma Clinic", "osm_type": "node", "osm_id": 6215924661}, "geometry": {"type": "Point", "coordinates": [75.830979, 22.696533]}}, {"type": "Feature", "properties": {"layer": "vulnerability_pois", "category": "hospital", "name": "Dr Ashok Bandi Clinic", "osm_type": "node", "osm_id": 6215924663}, "geometry": {"type": "Point", "coordinates": [75.830872, 22.69609]}}, {"type": "Feature", "properties": {"layer": "vulnerability_pois", "category": "hospital", "name": "Dr Smita Singh Clinic", "osm_type": "node", "osm_id": 6215924665}, "geometry": {"type": "Point", "coordinates": [75.830804, 22.694976]}}, {"type": "Feature", "properties": {"layer": "vulnerability_pois", "category": "hospital", "name": "Shree Astha Hospital", "osm_type": "node", "osm_id": 6215924668}, "geometry": {"type": "Point", "coordinates": [75.825617, 22.703712]}}, {"type": "Feature", "properties": {"layer": "vulnerability_pois", "category": "hospital", "name": "Dr.Rao Clinic", "osm_type": "node", "osm_id": 6215931088}, "geometry": {"type": "Point", "coordinates": [75.856642, 22.713474]}}, {"type": "Feature", "properties": {"layer": "vulnerability_pois", "category": "hospital", "name": "Dr Vandana Jain", "osm_type": "node", "osm_id": 6215942940}, "geometry": {"type": "Point", "coordinates": [75.840553, 22.720019]}}, {"type": "Feature", "properties": {"layer": "vulnerability_pois", "category": "hospital", "name": "Dr Chaitanya Singh", "osm_type": "node", "osm_id": 6215942943}, "geometry": {"type": "Point", "coordinates": [75.832157, 22.722585]}}, {"type": "Feature", "properties": {"layer": "vulnerability_pois", "category": "hospital", "name": "Dr. Smita Singh", "osm_type": "node", "osm_id": 6215942944}, "geometry": {"type": "Point", "coordinates": [75.832086, 22.722631]}}, {"type": "Feature", "properties": {"layer": "vulnerability_pois", "category": "hospital", "name": "Banthia Hospital", "osm_type": "node", "osm_id": 6215942945}, "geometry": {"type": "Point", "coordinates": [75.829552, 22.723258]}}, {"type": "Feature", "properties": {"layer": "vulnerability_pois", "category": "hospital", "name": "Dr Rekha Bhatia", "osm_type": "node", "osm_id": 6215942946}, "geometry": {"type": "Point", "coordinates": [75.825626, 22.722783]}}, {"type": "Feature", "properties": {"layer": "vulnerability_pois", "category": "hospital", "name": "Dr Rakesh Agrawal", "osm_type": "node", "osm_id": 6215942950}, "geometry": {"type": "Point", "coordinates": [75.826908, 22.724251]}}, {"type": "Feature", "properties": {"layer": "vulnerability_pois", "category": "hospital", "name": "Dr Samrat Sahu", "osm_type": "node", "osm_id": 6215942951}, "geometry": {"type": "Point", "coordinates": [75.827238, 22.724263]}}, {"type": "Feature", "properties": {"layer": "vulnerability_pois", "category": "hospital", "name": "Homeo Care", "osm_type": "node", "osm_id": 6215942954}, "geometry": {"type": "Point", "coordinates": [75.827213, 22.724898]}}, {"type": "Feature", "properties": {"layer": "vulnerability_pois", "category": "hospital", "name": "Nidhi Clinic", "osm_type": "node", "osm_id": 6215942956}, "geometry": {"type": "Point", "coordinates": [75.827137, 22.727839]}}, {"type": "Feature", "properties": {"layer": "vulnerability_pois", "category": "hospital", "name": "Sri Vishwa Mangalam Health Care Centre", "osm_type": "node", "osm_id": 6215942957}, "geometry": {"type": "Point", "coordinates": [75.826662, 22.72859]}}, {"type": "Feature", "properties": {"layer": "vulnerability_pois", "category": "hospital", "name": "Daksh Eye Care", "osm_type": "node", "osm_id": 6215942958}, "geometry": {"type": "Point", "coordinates": [75.826462, 22.729359]}}, {"type": "Feature", "properties": {"layer": "vulnerability_pois", "category": "hospital", "name": "Yashlok Clinic", "osm_type": "node", "osm_id": 6215943512}, "geometry": {"type": "Point", "coordinates": [75.856564, 22.718389]}}, {"type": "Feature", "properties": {"layer": "vulnerability_pois", "category": "hospital", "name": "Dr.Manoj Pahadiya", "osm_type": "node", "osm_id": 6215947013}, "geometry": {"type": "Point", "coordinates": [75.850824, 22.709639]}}, {"type": "Feature", "properties": {"layer": "vulnerability_pois", "category": "hospital", "name": "Dr.Sunil Rajan", "osm_type": "node", "osm_id": 6215955690}, "geometry": {"type": "Point", "coordinates": [75.850519, 22.707934]}}, {"type": "Feature", "properties": {"layer": "vulnerability_pois", "category": "hospital", "name": "Cure And Care Clinic", "osm_type": "node", "osm_id": 6215957646}, "geometry": {"type": "Point", "coordinates": [75.849131, 22.713641]}}, {"type": "Feature", "properties": {"layer": "vulnerability_pois", "category": "hospital", "name": "Dr Vijay Sharma", "osm_type": "node", "osm_id": 6215957647}, "geometry": {"type": "Point", "coordinates": [75.856229, 22.718369]}}, {"type": "Feature", "properties": {"layer": "vulnerability_pois", "category": "hospital", "name": "Sifat-E-Razi Clinic", "osm_type": "node", "osm_id": 6215962485}, "geometry": {"type": "Point", "coordinates": [75.846738, 22.708896]}}, {"type": "Feature", "properties": {"layer": "vulnerability_pois", "category": "hospital", "name": "Motiwale Clinic", "osm_type": "node", "osm_id": 6215967093}, "geometry": {"type": "Point", "coordinates": [75.856111, 22.7183]}}, {"type": "Feature", "properties": {"layer": "vulnerability_pois", "category": "hospital", "name": "Health Care Clinic", "osm_type": "node", "osm_id": 6215970991}, "geometry": {"type": "Point", "coordinates": [75.846701, 22.708856]}}, {"type": "Feature", "properties": {"layer": "vulnerability_pois", "category": "hospital", "name": "Satguru Clinic", "osm_type": "node", "osm_id": 6216051303}, "geometry": {"type": "Point", "coordinates": [75.855105, 22.703308]}}, {"type": "Feature", "properties": {"layer": "vulnerability_pois", "category": "hospital", "name": "Unique Hospital", "osm_type": "node", "osm_id": 6216066255}, "geometry": {"type": "Point", "coordinates": [75.838647, 22.695245]}}, {"type": "Feature", "properties": {"layer": "vulnerability_pois", "category": "hospital", "name": "Little Smiles", "osm_type": "node", "osm_id": 6216066256}, "geometry": {"type": "Point", "coordinates": [75.838616, 22.694774]}}, {"type": "Feature", "properties": {"layer": "vulnerability_pois", "category": "hospital", "name": "Dr. Bhagyashri Joshi", "osm_type": "node", "osm_id": 6216066257}, "geometry": {"type": "Point", "coordinates": [75.83858, 22.694556]}}, {"type": "Feature", "properties": {"layer": "vulnerability_pois", "category": "hospital", "name": "R-Ayurveda", "osm_type": "node", "osm_id": 6216066262}, "geometry": {"type": "Point", "coordinates": [75.835905, 22.695115]}}, {"type": "Feature", "properties": {"layer": "vulnerability_pois", "category": "hospital", "name": "Samadhan Medical Investigation", "osm_type": "node", "osm_id": 6216066263}, "geometry": {"type": "Point", "coordinates": [75.836115, 22.695284]}}, {"type": "Feature", "properties": {"layer": "vulnerability_pois", "category": "hospital", "name": "Mishra Homeo Pharmacy & Clinic", "osm_type": "node", "osm_id": 6216066264}, "geometry": {"type": "Point", "coordinates": [75.834344, 22.696479]}}, {"type": "Feature", "properties": {"layer": "vulnerability_pois", "category": "hospital", "name": "Dr. Kalpana Mahajan", "osm_type": "node", "osm_id": 6216066269}, "geometry": {"type": "Point", "coordinates": [75.832053, 22.696343]}}, {"type": "Feature", "properties": {"layer": "vulnerability_pois", "category": "hospital", "name": "Dhootapapeshwar", "osm_type": "node", "osm_id": 6216066270}, "geometry": {"type": "Point", "coordinates": [75.831148, 22.695548]}}, {"type": "Feature", "properties": {"layer": "vulnerability_pois", "category": "hospital", "name": "Prayas Diabetes Centre", "osm_type": "node", "osm_id": 6216066271}, "geometry": {"type": "Point", "coordinates": [75.83001, 22.693597]}}, {"type": "Feature", "properties": {"layer": "vulnerability_pois", "category": "hospital", "name": "Yash Lok Hospital", "osm_type": "node", "osm_id": 6216066272}, "geometry": {"type": "Point", "coordinates": [75.828464, 22.689307]}}, {"type": "Feature", "properties": {"layer": "vulnerability_pois", "category": "hospital", "name": "Arihant Hospital", "osm_type": "node", "osm_id": 6216066273}, "geometry": {"type": "Point", "coordinates": [75.82939, 22.701483]}}, {"type": "Feature", "properties": {"layer": "vulnerability_pois", "category": "hospital", "name": "Dr. Sarita Nichani", "osm_type": "node", "osm_id": 6216100046}, "geometry": {"type": "Point", "coordinates": [75.853938, 22.700077]}}, {"type": "Feature", "properties": {"layer": "vulnerability_pois", "category": "hospital", "name": "Ayurveda Pancharam Center", "osm_type": "node", "osm_id": 6216100047}, "geometry": {"type": "Point", "coordinates": [75.854437, 22.700369]}}, {"type": "Feature", "properties": {"layer": "vulnerability_pois", "category": "hospital", "name": "Dr Gopal Shrivastav", "osm_type": "node", "osm_id": 6216100048}, "geometry": {"type": "Point", "coordinates": [75.854561, 22.700426]}}, {"type": "Feature", "properties": {"layer": "vulnerability_pois", "category": "hospital", "name": "KRG's Blessed Mom Clinic", "osm_type": "node", "osm_id": 6216112184}, "geometry": {"type": "Point", "coordinates": [75.839138, 22.696534]}}, {"type": "Feature", "properties": {"layer": "vulnerability_pois", "category": "hospital", "name": "Ayurvedic Panchkarm Yoga-Homeopathy Centre", "osm_type": "node", "osm_id": 6216112185}, "geometry": {"type": "Point", "coordinates": [75.839051, 22.696345]}}, {"type": "Feature", "properties": {"layer": "vulnerability_pois", "category": "hospital", "name": "Priyal Eye Care Centre", "osm_type": "node", "osm_id": 6216112186}, "geometry": {"type": "Point", "coordinates": [75.839015, 22.696243]}}, {"type": "Feature", "properties": {"layer": "vulnerability_pois", "category": "hospital", "name": "Shri Ganesh Polyclinic", "osm_type": "node", "osm_id": 6216112187}, "geometry": {"type": "Point", "coordinates": [75.839005, 22.696224]}}, {"type": "Feature", "properties": {"layer": "vulnerability_pois", "category": "hospital", "name": "Sundaram Hospital", "osm_type": "node", "osm_id": 6216112189}, "geometry": {"type": "Point", "coordinates": [75.838026, 22.696257]}}, {"type": "Feature", "properties": {"layer": "vulnerability_pois", "category": "hospital", "name": "Dr. Bajaj Health & Fitness Clinic", "osm_type": "node", "osm_id": 6216122291}, "geometry": {"type": "Point", "coordinates": [75.852165, 22.698493]}}, {"type": "Feature", "properties": {"layer": "vulnerability_pois", "category": "hospital", "name": "Dr Nimit Mandhanya clinic", "osm_type": "node", "osm_id": 6216131627}, "geometry": {"type": "Point", "coordinates": [75.837795, 22.698552]}}, {"type": "Feature", "properties": {"layer": "vulnerability_pois", "category": "hospital", "name": "Arogyadham Clinic", "osm_type": "node", "osm_id": 6216131628}, "geometry": {"type": "Point", "coordinates": [75.838939, 22.697664]}}, {"type": "Feature", "properties": {"layer": "vulnerability_pois", "category": "hospital", "name": "\u0921\u0949\u0964 \u092a\u094d\u0930\u0938\u0928\u094d\u0928\u093e \u092f\u093e\u0926\u0935 \u0915\u094d\u0932\u0940\u0928\u093f\u0915", "osm_type": "node", "osm_id": 6216131636}, "geometry": {"type": "Point", "coordinates": [75.83892, 22.695681]}}, {"type": "Feature", "properties": {"layer": "vulnerability_pois", "category": "hospital", "name": "Dr Tanuj Srivastava Clinic", "osm_type": "node", "osm_id": 6216131638}, "geometry": {"type": "Point", "coordinates": [75.838343, 22.695024]}}, {"type": "Feature", "properties": {"layer": "vulnerability_pois", "category": "hospital", "name": "Dr Deepti Mahabale", "osm_type": "node", "osm_id": 6216131640}, "geometry": {"type": "Point", "coordinates": [75.838791, 22.694944]}}, {"type": "Feature", "properties": {"layer": "vulnerability_pois", "category": "hospital", "name": "Dr Shilpa Bhagwat Clinic", "osm_type": "node", "osm_id": 6216131641}, "geometry": {"type": "Point", "coordinates": [75.838547, 22.694519]}}, {"type": "Feature", "properties": {"layer": "vulnerability_pois", "category": "hospital", "name": "Dr Rakesh Aggarwal Clinic", "osm_type": "node", "osm_id": 6216131643}, "geometry": {"type": "Point", "coordinates": [75.837814, 22.694667]}}, {"type": "Feature", "properties": {"layer": "vulnerability_pois", "category": "hospital", "name": "Dr Shreemit Maheshwari Clinic", "osm_type": "node", "osm_id": 6216131644}, "geometry": {"type": "Point", "coordinates": [75.837747, 22.694544]}}, {"type": "Feature", "properties": {"layer": "vulnerability_pois", "category": "hospital", "name": "Retina Specialist Hospital", "osm_type": "node", "osm_id": 6216131645}, "geometry": {"type": "Point", "coordinates": [75.837179, 22.694667]}}, {"type": "Feature", "properties": {"layer": "vulnerability_pois", "category": "hospital", "name": "Vardhman Medicare", "osm_type": "node", "osm_id": 6216131647}, "geometry": {"type": "Point", "coordinates": [75.836208, 22.695227]}}, {"type": "Feature", "properties": {"layer": "vulnerability_pois", "category": "hospital", "name": "Electropathy Clinic And Research Centre", "osm_type": "node", "osm_id": 6216131649}, "geometry": {"type": "Point", "coordinates": [75.835124, 22.696296]}}, {"type": "Feature", "properties": {"layer": "vulnerability_pois", "category": "hospital", "name": "National Physiotherapy", "osm_type": "node", "osm_id": 6216131650}, "geometry": {"type": "Point", "coordinates": [75.834834, 22.696414]}}, {"type": "Feature", "properties": {"layer": "vulnerability_pois", "category": "hospital", "name": "Dr Raja Sovani Clinic", "osm_type": "node", "osm_id": 6216163833}, "geometry": {"type": "Point", "coordinates": [75.845833, 22.693824]}}, {"type": "Feature", "properties": {"layer": "vulnerability_pois", "category": "hospital", "name": "Dr Rajendra Moghe Clinic", "osm_type": "node", "osm_id": 6216163837}, "geometry": {"type": "Point", "coordinates": [75.844454, 22.69562]}}, {"type": "Feature", "properties": {"layer": "vulnerability_pois", "category": "hospital", "name": "Mahashabde Eye Care And Child Care Center", "osm_type": "node", "osm_id": 6216163839}, "geometry": {"type": "Point", "coordinates": [75.844317, 22.697971]}}, {"type": "Feature", "properties": {"layer": "vulnerability_pois", "category": "hospital", "name": "Singhal Urology and Gynaecology Centre", "osm_type": "node", "osm_id": 6216185604}, "geometry": {"type": "Point", "coordinates": [75.843695, 22.715287]}}, {"type": "Feature", "properties": {"layer": "vulnerability_pois", "category": "elderly_care", "name": "City Nursing Home", "osm_type": "node", "osm_id": 6216185606}, "geometry": {"type": "Point", "coordinates": [75.84437, 22.715242]}}, {"type": "Feature", "properties": {"layer": "vulnerability_pois", "category": "hospital", "name": "Dr. Pankaj Gupta Clinic", "osm_type": "node", "osm_id": 6216185607}, "geometry": {"type": "Point", "coordinates": [75.846503, 22.715417]}}, {"type": "Feature", "properties": {"layer": "vulnerability_pois", "category": "hospital", "name": "Dr. G K Nema Clinic", "osm_type": "node", "osm_id": 6216185612}, "geometry": {"type": "Point", "coordinates": [75.843623, 22.714007]}}, {"type": "Feature", "properties": {"layer": "vulnerability_pois", "category": "hospital", "name": "Dr. Ashish Goyal", "osm_type": "node", "osm_id": 6216185614}, "geometry": {"type": "Point", "coordinates": [75.844999, 22.715422]}}, {"type": "Feature", "properties": {"layer": "vulnerability_pois", "category": "hospital", "name": "Bafna Hospital and Orthopaedic Research Centre", "osm_type": "node", "osm_id": 6216185615}, "geometry": {"type": "Point", "coordinates": [75.84197, 22.715736]}}, {"type": "Feature", "properties": {"layer": "vulnerability_pois", "category": "hospital", "name": "Sushrut Hospital", "osm_type": "node", "osm_id": 6216185616}, "geometry": {"type": "Point", "coordinates": [75.845342, 22.715639]}}, {"type": "Feature", "properties": {"layer": "vulnerability_pois", "category": "hospital", "name": "Dr. R K Sinha Clinic", "osm_type": "node", "osm_id": 6216185617}, "geometry": {"type": "Point", "coordinates": [75.846156, 22.715091]}}, {"type": "Feature", "properties": {"layer": "vulnerability_pois", "category": "hospital", "name": "Dr. Ankur Meghawat", "osm_type": "node", "osm_id": 6216185618}, "geometry": {"type": "Point", "coordinates": [75.843904, 22.714845]}}, {"type": "Feature", "properties": {"layer": "vulnerability_pois", "category": "hospital", "name": "Joints Clinic", "osm_type": "node", "osm_id": 6216186082}, "geometry": {"type": "Point", "coordinates": [75.866528, 22.698582]}}, {"type": "Feature", "properties": {"layer": "vulnerability_pois", "category": "hospital", "name": "Satwani Dispensary", "osm_type": "node", "osm_id": 6216186083}, "geometry": {"type": "Point", "coordinates": [75.867233, 22.698639]}}, {"type": "Feature", "properties": {"layer": "vulnerability_pois", "category": "hospital", "name": "Maa Holistic Cure", "osm_type": "node", "osm_id": 6216186785}, "geometry": {"type": "Point", "coordinates": [75.868387, 22.699468]}}, {"type": "Feature", "properties": {"layer": "vulnerability_pois", "category": "hospital", "name": "Dr. Ashwin Jain", "osm_type": "node", "osm_id": 6216189271}, "geometry": {"type": "Point", "coordinates": [75.867932, 22.69892]}}, {"type": "Feature", "properties": {"layer": "vulnerability_pois", "category": "hospital", "name": "Dubey Homeo Clinic", "osm_type": "node", "osm_id": 6216189274}, "geometry": {"type": "Point", "coordinates": [75.867037, 22.698443]}}, {"type": "Feature", "properties": {"layer": "vulnerability_pois", "category": "hospital", "name": "Dr. Suresh Rathi", "osm_type": "node", "osm_id": 6216189275}, "geometry": {"type": "Point", "coordinates": [75.866897, 22.698291]}}, {"type": "Feature", "properties": {"layer": "vulnerability_pois", "category": "hospital", "name": "Dr. Amit Hardia", "osm_type": "node", "osm_id": 6216189277}, "geometry": {"type": "Point", "coordinates": [75.86609, 22.697728]}}, {"type": "Feature", "properties": {"layer": "vulnerability_pois", "category": "hospital", "name": "Jigyasa Physiotherapy Clinic", "osm_type": "node", "osm_id": 6216189278}, "geometry": {"type": "Point", "coordinates": [75.86888, 22.698055]}}, {"type": "Feature", "properties": {"layer": "vulnerability_pois", "category": "hospital", "name": "Madhavbaug", "osm_type": "node", "osm_id": 6216189280}, "geometry": {"type": "Point", "coordinates": [75.867502, 22.696506]}}, {"type": "Feature", "properties": {"layer": "vulnerability_pois", "category": "hospital", "name": "Govindani Day Care Clinic", "osm_type": "node", "osm_id": 6216189281}, "geometry": {"type": "Point", "coordinates": [75.866837, 22.696318]}}, {"type": "Feature", "properties": {"layer": "vulnerability_pois", "category": "hospital", "name": "Pranic Healing Center", "osm_type": "node", "osm_id": 6216189282}, "geometry": {"type": "Point", "coordinates": [75.865995, 22.697038]}}, {"type": "Feature", "properties": {"layer": "vulnerability_pois", "category": "hospital", "name": "Dr. J S Tuteja", "osm_type": "node", "osm_id": 6216189283}, "geometry": {"type": "Point", "coordinates": [75.862954, 22.692457]}}, {"type": "Feature", "properties": {"layer": "vulnerability_pois", "category": "hospital", "name": "Fatemi Clinic", "osm_type": "node", "osm_id": 6216189585}, "geometry": {"type": "Point", "coordinates": [75.855237, 22.696845]}}, {"type": "Feature", "properties": {"layer": "vulnerability_pois", "category": "hospital", "name": "Dr. S R Khurpe", "osm_type": "node", "osm_id": 6216189586}, "geometry": {"type": "Point", "coordinates": [75.855129, 22.697157]}}, {"type": "Feature", "properties": {"layer": "vulnerability_pois", "category": "hospital", "name": "Dr. K K Artwani", "osm_type": "node", "osm_id": 6216189587}, "geometry": {"type": "Point", "coordinates": [75.850346, 22.700559]}}, {"type": "Feature", "properties": {"layer": "vulnerability_pois", "category": "hospital", "name": "Child Care", "osm_type": "node", "osm_id": 6216189589}, "geometry": {"type": "Point", "coordinates": [75.868364, 22.699983]}}, {"type": "Feature", "properties": {"layer": "vulnerability_pois", "category": "hospital", "name": "Dr. Mukesh Sodani", "osm_type": "node", "osm_id": 6216189590}, "geometry": {"type": "Point", "coordinates": [75.870004, 22.70016]}}, {"type": "Feature", "properties": {"layer": "vulnerability_pois", "category": "hospital", "name": "Roberts Nursing Home", "osm_type": "node", "osm_id": 6216189591}, "geometry": {"type": "Point", "coordinates": [75.888373, 22.710709]}}, {"type": "Feature", "properties": {"layer": "vulnerability_pois", "category": "hospital", "name": "Abhinav Nursing Home", "osm_type": "node", "osm_id": 6216198631}, "geometry": {"type": "Point", "coordinates": [75.855757, 22.717755]}}, {"type": "Feature", "properties": {"layer": "vulnerability_pois", "category": "hospital", "name": "Dr K B Roy", "osm_type": "node", "osm_id": 6216221543}, "geometry": {"type": "Point", "coordinates": [75.85139, 22.719161]}}, {"type": "Feature", "properties": {"layer": "vulnerability_pois", "category": "hospital", "name": "Varma Union Hospital", "osm_type": "node", "osm_id": 6216223084}, "geometry": {"type": "Point", "coordinates": [75.838147, 22.711911]}}, {"type": "Feature", "properties": {"layer": "vulnerability_pois", "category": "hospital", "name": "Indore Eye Hospital", "osm_type": "node", "osm_id": 6216223285}, "geometry": {"type": "Point", "coordinates": [75.840506, 22.711069]}}, {"type": "Feature", "properties": {"layer": "vulnerability_pois", "category": "hospital", "name": "Shree Indore Cloth market Hospital", "osm_type": "node", "osm_id": 6216223286}, "geometry": {"type": "Point", "coordinates": [75.84001, 22.711776]}}, {"type": "Feature", "properties": {"layer": "vulnerability_pois", "category": "hospital", "name": "Dr. Vikas Rathore Orthology", "osm_type": "node", "osm_id": 6216223287}, "geometry": {"type": "Point", "coordinates": [75.839068, 22.708531]}}, {"type": "Feature", "properties": {"layer": "vulnerability_pois", "category": "hospital", "name": "Shreepad Hospital and Surgical Centre", "osm_type": "node", "osm_id": 6216235724}, "geometry": {"type": "Point", "coordinates": [75.84189, 22.706561]}}, {"type": "Feature", "properties": {"layer": "vulnerability_pois", "category": "hospital", "name": "Dr Govind Jhanwar", "osm_type": "node", "osm_id": 6216240762}, "geometry": {"type": "Point", "coordinates": [75.850788, 22.719256]}}, {"type": "Feature", "properties": {"layer": "vulnerability_pois", "category": "hospital", "name": "Nihar Netralaya", "osm_type": "node", "osm_id": 6216244433}, "geometry": {"type": "Point", "coordinates": [75.849561, 22.719449]}}, {"type": "Feature", "properties": {"layer": "vulnerability_pois", "category": "hospital", "name": "Ali Clinic", "osm_type": "node", "osm_id": 6216262758}, "geometry": {"type": "Point", "coordinates": [75.826381, 22.708126]}}, {"type": "Feature", "properties": {"layer": "vulnerability_pois", "category": "hospital", "name": "Dr Anand Choudhary", "osm_type": "node", "osm_id": 6216267816}, "geometry": {"type": "Point", "coordinates": [75.849228, 22.72255]}}, {"type": "Feature", "properties": {"layer": "vulnerability_pois", "category": "hospital", "name": "Sameera Clinic", "osm_type": "node", "osm_id": 6216276690}, "geometry": {"type": "Point", "coordinates": [75.849335, 22.722681]}}, {"type": "Feature", "properties": {"layer": "vulnerability_pois", "category": "hospital", "name": "Dr. S K Bichuliya Clinic", "osm_type": "node", "osm_id": 6216282285}, "geometry": {"type": "Point", "coordinates": [75.827851, 22.70864]}}, {"type": "Feature", "properties": {"layer": "vulnerability_pois", "category": "hospital", "name": "Joshi Clinic", "osm_type": "node", "osm_id": 6216289773}, "geometry": {"type": "Point", "coordinates": [75.852934, 22.724704]}}, {"type": "Feature", "properties": {"layer": "vulnerability_pois", "category": "hospital", "name": "Dr. Kriti Mehta", "osm_type": "node", "osm_id": 6216291158}, "geometry": {"type": "Point", "coordinates": [75.838346, 22.700573]}}, {"type": "Feature", "properties": {"layer": "vulnerability_pois", "category": "hospital", "name": "Sparsh", "osm_type": "node", "osm_id": 6216291159}, "geometry": {"type": "Point", "coordinates": [75.83771, 22.701309]}}, {"type": "Feature", "properties": {"layer": "vulnerability_pois", "category": "hospital", "name": "Manav Seva Centre", "osm_type": "node", "osm_id": 6216291161}, "geometry": {"type": "Point", "coordinates": [75.836248, 22.699374]}}, {"type": "Feature", "properties": {"layer": "vulnerability_pois", "category": "hospital", "name": "Amratham Clinic", "osm_type": "node", "osm_id": 6216291163}, "geometry": {"type": "Point", "coordinates": [75.835968, 22.699486]}}, {"type": "Feature", "properties": {"layer": "vulnerability_pois", "category": "hospital", "name": "Kothari Clinic", "osm_type": "node", "osm_id": 6216291168}, "geometry": {"type": "Point", "coordinates": [75.83322, 22.697979]}}, {"type": "Feature", "properties": {"layer": "vulnerability_pois", "category": "hospital", "name": "Dr Aruna Tiwari Clinic", "osm_type": "node", "osm_id": 6216297992}, "geometry": {"type": "Point", "coordinates": [75.852589, 22.725563]}}, {"type": "Feature", "properties": {"layer": "vulnerability_pois", "category": "hospital", "name": "Dr M Asim Clinic", "osm_type": "node", "osm_id": 6216302881}, "geometry": {"type": "Point", "coordinates": [75.852461, 22.725903]}}, {"type": "Feature", "properties": {"layer": "vulnerability_pois", "category": "hospital", "name": "Al Shifa National Hospital and Research Centre", "osm_type": "node", "osm_id": 6216308860}, "geometry": {"type": "Point", "coordinates": [75.850564, 22.730917]}}, {"type": "Feature", "properties": {"layer": "vulnerability_pois", "category": "hospital", "name": "Daant ka Dawakhana", "osm_type": "node", "osm_id": 6216327472}, "geometry": {"type": "Point", "coordinates": [75.825244, 22.707668]}}, {"type": "Feature", "properties": {"layer": "vulnerability_pois", "category": "hospital", "name": "Dr. Rajendra Kumar Sharma Clinic", "osm_type": "node", "osm_id": 6216327474}, "geometry": {"type": "Point", "coordinates": [75.831451, 22.709954]}}, {"type": "Feature", "properties": {"layer": "vulnerability_pois", "category": "hospital", "name": "Raja Hospital", "osm_type": "node", "osm_id": 6216327475}, "geometry": {"type": "Point", "coordinates": [75.828205, 22.708759]}}, {"type": "Feature", "properties": {"layer": "vulnerability_pois", "category": "hospital", "name": "Dr Ahmad Clinic", "osm_type": "node", "osm_id": 6216328991}, "geometry": {"type": "Point", "coordinates": [75.85498, 22.711959]}}, {"type": "Feature", "properties": {"layer": "vulnerability_pois", "category": "hospital", "name": "Krishna Physiotherapy Clinic", "osm_type": "node", "osm_id": 6216332722}, "geometry": {"type": "Point", "coordinates": [75.834831, 22.727997]}}, {"type": "Feature", "properties": {"layer": "vulnerability_pois", "category": "hospital", "name": "Dr Satish Nema", "osm_type": "node", "osm_id": 6216332724}, "geometry": {"type": "Point", "coordinates": [75.832045, 22.728192]}}, {"type": "Feature", "properties": {"layer": "vulnerability_pois", "category": "hospital", "name": "Dr N K Gaur", "osm_type": "node", "osm_id": 6216332725}, "geometry": {"type": "Point", "coordinates": [75.831804, 22.728208]}}, {"type": "Feature", "properties": {"layer": "vulnerability_pois", "category": "hospital", "name": "Dr Pankaj Parmar", "osm_type": "node", "osm_id": 6216332727}, "geometry": {"type": "Point", "coordinates": [75.849282, 22.721193]}}, {"type": "Feature", "properties": {"layer": "vulnerability_pois", "category": "hospital", "name": "Arihant Hospital", "osm_type": "node", "osm_id": 6216332728}, "geometry": {"type": "Point", "coordinates": [75.848745, 22.72033]}}, {"type": "Feature", "properties": {"layer": "vulnerability_pois", "category": "hospital", "name": "Advanced Eye Care Clinic", "osm_type": "node", "osm_id": 6216332729}, "geometry": {"type": "Point", "coordinates": [75.847561, 22.720213]}}, {"type": "Feature", "properties": {"layer": "vulnerability_pois", "category": "hospital", "name": "Sevalay Hospital", "osm_type": "node", "osm_id": 6216332790}, "geometry": {"type": "Point", "coordinates": [75.849211, 22.713636]}}, {"type": "Feature", "properties": {"layer": "vulnerability_pois", "category": "hospital", "name": "Dr Neeta Meratia Clinic", "osm_type": "node", "osm_id": 6216341017}, "geometry": {"type": "Point", "coordinates": [75.855725, 22.717362]}}, {"type": "Feature", "properties": {"layer": "vulnerability_pois", "category": "hospital", "name": "Premkumari Devi Hospital", "osm_type": "node", "osm_id": 6216344981}, "geometry": {"type": "Point", "coordinates": [75.846596, 22.712531]}}, {"type": "Feature", "properties": {"layer": "vulnerability_pois", "category": "hospital", "name": "Dr. Rakesh Koriya Clinic", "osm_type": "node", "osm_id": 6216368651}, "geometry": {"type": "Point", "coordinates": [75.845696, 22.71937]}}, {"type": "Feature", "properties": {"layer": "vulnerability_pois", "category": "hospital", "name": "Patanjali Hospital", "osm_type": "node", "osm_id": 6216403585}, "geometry": {"type": "Point", "coordinates": [75.8416, 22.700962]}}, {"type": "Feature", "properties": {"layer": "vulnerability_pois", "category": "hospital", "name": "Dr. Girish Gattani", "osm_type": "node", "osm_id": 6216403586}, "geometry": {"type": "Point", "coordinates": [75.840041, 22.698727]}}, {"type": "Feature", "properties": {"layer": "vulnerability_pois", "category": "hospital", "name": "Aashirwad Nursing Home, Indore", "osm_type": "node", "osm_id": 6216403588}, "geometry": {"type": "Point", "coordinates": [75.843816, 22.695043]}}, {"type": "Feature", "properties": {"layer": "vulnerability_pois", "category": "hospital", "name": "Government Ashtang Ayruvedic College & Hospital", "osm_type": "node", "osm_id": 6216403594}, "geometry": {"type": "Point", "coordinates": [75.848826, 22.694409]}}, {"type": "Feature", "properties": {"layer": "vulnerability_pois", "category": "hospital", "name": "Dr. R C Sharma Clinic", "osm_type": "node", "osm_id": 6216414867}, "geometry": {"type": "Point", "coordinates": [75.84178, 22.711945]}}, {"type": "Feature", "properties": {"layer": "vulnerability_pois", "category": "hospital", "name": "Dr Sajandas Clinic", "osm_type": "node", "osm_id": 6216416922}, "geometry": {"type": "Point", "coordinates": [75.851521, 22.708462]}}, {"type": "Feature", "properties": {"layer": "vulnerability_pois", "category": "hospital", "name": "Dr Virendra Kumar Clinic", "osm_type": "node", "osm_id": 6216431987}, "geometry": {"type": "Point", "coordinates": [75.856031, 22.707938]}}, {"type": "Feature", "properties": {"layer": "vulnerability_pois", "category": "hospital", "name": "Kailash Hospital", "osm_type": "node", "osm_id": 6216452870}, "geometry": {"type": "Point", "coordinates": [75.846443, 22.708828]}}, {"type": "Feature", "properties": {"layer": "vulnerability_pois", "category": "hospital", "name": "Mata Gujri Charitable Hospital", "osm_type": "node", "osm_id": 6216486059}, "geometry": {"type": "Point", "coordinates": [75.831639, 22.692937]}}, {"type": "Feature", "properties": {"layer": "vulnerability_pois", "category": "hospital", "name": "Homeo smile clinic", "osm_type": "node", "osm_id": 6216486060}, "geometry": {"type": "Point", "coordinates": [75.833225, 22.691574]}}, {"type": "Feature", "properties": {"layer": "vulnerability_pois", "category": "hospital", "name": "Dr R R Solanki", "osm_type": "node", "osm_id": 6216486062}, "geometry": {"type": "Point", "coordinates": [75.835317, 22.6915]}}, {"type": "Feature", "properties": {"layer": "vulnerability_pois", "category": "hospital", "name": "Shivam Clinic", "osm_type": "node", "osm_id": 6216486063}, "geometry": {"type": "Point", "coordinates": [75.838477, 22.691787]}}, {"type": "Feature", "properties": {"layer": "vulnerability_pois", "category": "hospital", "name": "\u092e\u0941\u0938\u094d\u0915\u093e\u0928 \u0915\u094d\u0932\u093f\u0928\u093f\u0915 \u0914\u0930 \u091f\u0940\u0915\u093e\u0915\u0930\u0923 \u0915\u0947\u0902\u0926\u094d\u0930", "osm_type": "node", "osm_id": 6216486067}, "geometry": {"type": "Point", "coordinates": [75.84388, 22.689973]}}, {"type": "Feature", "properties": {"layer": "vulnerability_pois", "category": "hospital", "name": "\u0921\u0949 \u0905\u092e\u093f\u0924 \u092c\u0902\u0917", "osm_type": "node", "osm_id": 6216509194}, "geometry": {"type": "Point", "coordinates": [75.837624, 22.696716]}}, {"type": "Feature", "properties": {"layer": "vulnerability_pois", "category": "hospital", "name": "Kripalaya", "osm_type": "node", "osm_id": 6216509195}, "geometry": {"type": "Point", "coordinates": [75.827259, 22.69584]}}, {"type": "Feature", "properties": {"layer": "vulnerability_pois", "category": "hospital", "name": "Mahaveer Hospital", "osm_type": "node", "osm_id": 6216509196}, "geometry": {"type": "Point", "coordinates": [75.827385, 22.695081]}}, {"type": "Feature", "properties": {"layer": "vulnerability_pois", "category": "hospital", "name": "Child Care Clinic", "osm_type": "node", "osm_id": 6216509198}, "geometry": {"type": "Point", "coordinates": [75.83744, 22.690484]}}, {"type": "Feature", "properties": {"layer": "vulnerability_pois", "category": "hospital", "name": "Sanjivani Ayurvedic Clinic", "osm_type": "node", "osm_id": 6216509200}, "geometry": {"type": "Point", "coordinates": [75.837381, 22.690321]}}, {"type": "Feature", "properties": {"layer": "vulnerability_pois", "category": "hospital", "name": "Khandelwal Hospitals and Nursing Home", "osm_type": "node", "osm_id": 6216509202}, "geometry": {"type": "Point", "coordinates": [75.837233, 22.691651]}}, {"type": "Feature", "properties": {"layer": "vulnerability_pois", "category": "hospital", "name": "Ideal Clinic", "osm_type": "node", "osm_id": 6216509203}, "geometry": {"type": "Point", "coordinates": [75.836988, 22.692206]}}, {"type": "Feature", "properties": {"layer": "vulnerability_pois", "category": "hospital", "name": "Dr. Sunil Madariya", "osm_type": "node", "osm_id": 6216509206}, "geometry": {"type": "Point", "coordinates": [75.838215, 22.691819]}}, {"type": "Feature", "properties": {"layer": "vulnerability_pois", "category": "hospital", "name": "Dr. Sonal Dhaketa", "osm_type": "node", "osm_id": 6216509207}, "geometry": {"type": "Point", "coordinates": [75.838229, 22.693301]}}, {"type": "Feature", "properties": {"layer": "vulnerability_pois", "category": "hospital", "name": "Sehat Hospital", "osm_type": "node", "osm_id": 6216547608}, "geometry": {"type": "Point", "coordinates": [75.839369, 22.702108]}}, {"type": "Feature", "properties": {"layer": "vulnerability_pois", "category": "hospital", "name": "Dr. Vishnu Mantri", "osm_type": "node", "osm_id": 6216547609}, "geometry": {"type": "Point", "coordinates": [75.838968, 22.701819]}}, {"type": "Feature", "properties": {"layer": "vulnerability_pois", "category": "hospital", "name": "Preetank Clinic", "osm_type": "node", "osm_id": 6216547610}, "geometry": {"type": "Point", "coordinates": [75.838301, 22.702297]}}, {"type": "Feature", "properties": {"layer": "vulnerability_pois", "category": "hospital", "name": "Dr. Anish Jain", "osm_type": "node", "osm_id": 6216547611}, "geometry": {"type": "Point", "coordinates": [75.834414, 22.701365]}}, {"type": "Feature", "properties": {"layer": "vulnerability_pois", "category": "hospital", "name": "Balaji Homeo Clinic", "osm_type": "node", "osm_id": 6216547612}, "geometry": {"type": "Point", "coordinates": [75.83456, 22.700583]}}, {"type": "Feature", "properties": {"layer": "vulnerability_pois", "category": "hospital", "name": "Shrikant Fatak", "osm_type": "node", "osm_id": 6216599362}, "geometry": {"type": "Point", "coordinates": [75.844563, 22.692789]}}, {"type": "Feature", "properties": {"layer": "vulnerability_pois", "category": "hospital", "name": "Dr Prakash K Tanwani", "osm_type": "node", "osm_id": 6216851591}, "geometry": {"type": "Point", "coordinates": [75.860789, 22.720993]}}, {"type": "Feature", "properties": {"layer": "vulnerability_pois", "category": "hospital", "name": "Dr Rupesh Modi", "osm_type": "node", "osm_id": 6216884655}, "geometry": {"type": "Point", "coordinates": [75.847478, 22.716356]}}, {"type": "Feature", "properties": {"layer": "vulnerability_pois", "category": "hospital", "name": "Indore Hospital", "osm_type": "node", "osm_id": 6216931123}, "geometry": {"type": "Point", "coordinates": [75.854813, 22.719171]}}, {"type": "Feature", "properties": {"layer": "vulnerability_pois", "category": "hospital", "name": "Al-noor Charitable Hospital", "osm_type": "node", "osm_id": 6216941742}, "geometry": {"type": "Point", "coordinates": [75.849025, 22.715436]}}, {"type": "Feature", "properties": {"layer": "vulnerability_pois", "category": "hospital", "name": "Shree Dada Satam Clinic", "osm_type": "node", "osm_id": 6216970274}, "geometry": {"type": "Point", "coordinates": [75.846801, 22.719499]}}, {"type": "Feature", "properties": {"layer": "vulnerability_pois", "category": "hospital", "name": "Davakhana", "osm_type": "node", "osm_id": 6216982256}, "geometry": {"type": "Point", "coordinates": [75.869298, 22.713575]}}, {"type": "Feature", "properties": {"layer": "vulnerability_pois", "category": "hospital", "name": "Rai Health Clinic", "osm_type": "node", "osm_id": 6216982257}, "geometry": {"type": "Point", "coordinates": [75.869173, 22.713967]}}, {"type": "Feature", "properties": {"layer": "vulnerability_pois", "category": "hospital", "name": "Railway Hospital", "osm_type": "node", "osm_id": 6216982258}, "geometry": {"type": "Point", "coordinates": [75.869911, 22.716859]}}, {"type": "Feature", "properties": {"layer": "vulnerability_pois", "category": "hospital", "name": "Dr Suhas Bande", "osm_type": "node", "osm_id": 6216982264}, "geometry": {"type": "Point", "coordinates": [75.857707, 22.714542]}}, {"type": "Feature", "properties": {"layer": "vulnerability_pois", "category": "hospital", "name": "Dawani Clinic", "osm_type": "node", "osm_id": 6216982274}, "geometry": {"type": "Point", "coordinates": [75.854085, 22.716052]}}, {"type": "Feature", "properties": {"layer": "vulnerability_pois", "category": "hospital", "name": "Dr R N Jaiswal", "osm_type": "node", "osm_id": 6217788279}, "geometry": {"type": "Point", "coordinates": [75.854681, 22.716126]}}, {"type": "Feature", "properties": {"layer": "vulnerability_pois", "category": "hospital", "name": "Dakorji ayurveda agency", "osm_type": "node", "osm_id": 6217788282}, "geometry": {"type": "Point", "coordinates": [75.849532, 22.715354]}}, {"type": "Feature", "properties": {"layer": "vulnerability_pois", "category": "hospital", "name": "Sanghvi Child Care", "osm_type": "node", "osm_id": 6217788284}, "geometry": {"type": "Point", "coordinates": [75.849581, 22.715338]}}, {"type": "Feature", "properties": {"layer": "vulnerability_pois", "category": "hospital", "name": "Jain Homeo", "osm_type": "node", "osm_id": 6217789686}, "geometry": {"type": "Point", "coordinates": [75.854673, 22.716143]}}, {"type": "Feature", "properties": {"layer": "vulnerability_pois", "category": "hospital", "name": "Dr R Thakur Clinic", "osm_type": "node", "osm_id": 6219008427}, "geometry": {"type": "Point", "coordinates": [75.824806, 22.680726]}}, {"type": "Feature", "properties": {"layer": "vulnerability_pois", "category": "hospital", "name": "Rajyog Meditation Kendra", "osm_type": "node", "osm_id": 6219018040}, "geometry": {"type": "Point", "coordinates": [75.851219, 22.680074]}}, {"type": "Feature", "properties": {"layer": "vulnerability_pois", "category": "hospital", "name": "\u0921\u0949.\u0938\u0941\u0936\u093f\u0932 \u092d\u093e\u091f\u093f\u092f\u093e", "osm_type": "node", "osm_id": 6219020574}, "geometry": {"type": "Point", "coordinates": [75.850446, 22.68044]}}, {"type": "Feature", "properties": {"layer": "vulnerability_pois", "category": "hospital", "name": "Dr.Amarjeet Singh Chabra", "osm_type": "node", "osm_id": 6219021572}, "geometry": {"type": "Point", "coordinates": [75.847771, 22.675185]}}, {"type": "Feature", "properties": {"layer": "vulnerability_pois", "category": "hospital", "name": "Poly Clinic", "osm_type": "node", "osm_id": 6219025578}, "geometry": {"type": "Point", "coordinates": [75.831372, 22.676787]}}, {"type": "Feature", "properties": {"layer": "vulnerability_pois", "category": "hospital", "name": "Dr Pancholi Clinic", "osm_type": "node", "osm_id": 6219031149}, "geometry": {"type": "Point", "coordinates": [75.83395, 22.676612]}}, {"type": "Feature", "properties": {"layer": "vulnerability_pois", "category": "hospital", "name": "Dr Bhaskar Barhanpurkar Clinic", "osm_type": "node", "osm_id": 6219034024}, "geometry": {"type": "Point", "coordinates": [75.834328, 22.677911]}}, {"type": "Feature", "properties": {"layer": "vulnerability_pois", "category": "hospital", "name": "Aarav Multispeciality Clinic", "osm_type": "node", "osm_id": 6219039924}, "geometry": {"type": "Point", "coordinates": [75.831928, 22.676709]}}, {"type": "Feature", "properties": {"layer": "vulnerability_pois", "category": "hospital", "name": "Dr. Smita A.Umarikar Homeopathic Clinic", "osm_type": "node", "osm_id": 6219039925}, "geometry": {"type": "Point", "coordinates": [75.832368, 22.676461]}}, {"type": "Feature", "properties": {"layer": "vulnerability_pois", "category": "hospital", "name": "Patidar Homeopathic Pharmacy and clinic", "osm_type": "node", "osm_id": 6219039927}, "geometry": {"type": "Point", "coordinates": [75.834059, 22.676864]}}, {"type": "Feature", "properties": {"layer": "vulnerability_pois", "category": "hospital", "name": "\u0926\u0943\u0937\u094d\u091f\u093f \u0928\u0947\u0924\u094d\u0930\u093e\u0932\u092f \u090f\u0902\u0921 \u0930\u0947\u091f\u093f\u0928\u093e \u0938\u0947\u0902\u091f\u0930", "osm_type": "node", "osm_id": 6219039928}, "geometry": {"type": "Point", "coordinates": [75.833934, 22.677877]}}, {"type": "Feature", "properties": {"layer": "vulnerability_pois", "category": "hospital", "name": "Dr. K.C Bhamolia", "osm_type": "node", "osm_id": 6219039930}, "geometry": {"type": "Point", "coordinates": [75.826339, 22.682143]}}, {"type": "Feature", "properties": {"layer": "vulnerability_pois", "category": "hospital", "name": "Dr Avinash Devle Clinic", "osm_type": "node", "osm_id": 6219101123}, "geometry": {"type": "Point", "coordinates": [75.834777, 22.6816]}}, {"type": "Feature", "properties": {"layer": "vulnerability_pois", "category": "hospital", "name": "Dr. Yukti Chauhan Clinic", "osm_type": "node", "osm_id": 6219206956}, "geometry": {"type": "Point", "coordinates": [75.837152, 22.68315]}}, {"type": "Feature", "properties": {"layer": "vulnerability_pois", "category": "hospital", "name": "\u091a\u094b\u0907\u0925\u0930\u093e\u092e \u0915\u094d\u0932\u0940\u0928\u093f\u0915", "osm_type": "node", "osm_id": 6219206957}, "geometry": {"type": "Point", "coordinates": [75.837089, 22.688194]}}, {"type": "Feature", "properties": {"layer": "vulnerability_pois", "category": "hospital", "name": "Pooja Hospital", "osm_type": "node", "osm_id": 6219206958}, "geometry": {"type": "Point", "coordinates": [75.836804, 22.688686]}}, {"type": "Feature", "properties": {"layer": "vulnerability_pois", "category": "hospital", "name": "Patanjali Yoga", "osm_type": "node", "osm_id": 6219206960}, "geometry": {"type": "Point", "coordinates": [75.835538, 22.686544]}}, {"type": "Feature", "properties": {"layer": "vulnerability_pois", "category": "hospital", "name": "Sai Astha Clinic", "osm_type": "node", "osm_id": 6219206962}, "geometry": {"type": "Point", "coordinates": [75.83651, 22.687278]}}, {"type": "Feature", "properties": {"layer": "vulnerability_pois", "category": "hospital", "name": "Billore Physiotherapy Centre", "osm_type": "node", "osm_id": 6219206969}, "geometry": {"type": "Point", "coordinates": [75.834584, 22.680286]}}, {"type": "Feature", "properties": {"layer": "vulnerability_pois", "category": "hospital", "name": "\u090f\u0921\u0935\u093e\u0902\u0938 \u0915\u0947\u092f\u0930 \u0915\u094d\u0932\u093f\u0928\u093f\u0915", "osm_type": "node", "osm_id": 6219206970}, "geometry": {"type": "Point", "coordinates": [75.834712, 22.680916]}}, {"type": "Feature", "properties": {"layer": "vulnerability_pois", "category": "hospital", "name": "Dr. J B Lohati Clinic", "osm_type": "node", "osm_id": 6219206971}, "geometry": {"type": "Point", "coordinates": [75.836417, 22.683032]}}, {"type": "Feature", "properties": {"layer": "vulnerability_pois", "category": "hospital", "name": "Dr. Amarjeet Singh Chhabra Clinic", "osm_type": "node", "osm_id": 6219227813}, "geometry": {"type": "Point", "coordinates": [75.849551, 22.679838]}}, {"type": "Feature", "properties": {"layer": "vulnerability_pois", "category": "hospital", "name": "Dr. Arora Clinic For Mother And Child Care", "osm_type": "node", "osm_id": 6219240934}, "geometry": {"type": "Point", "coordinates": [75.867867, 22.69947]}}, {"type": "Feature", "properties": {"layer": "vulnerability_pois", "category": "hospital", "name": "Dr. Neelu Soni", "osm_type": "node", "osm_id": 6219240936}, "geometry": {"type": "Point", "coordinates": [75.867824, 22.699639]}}, {"type": "Feature", "properties": {"layer": "vulnerability_pois", "category": "hospital", "name": "Care and Cure Dental Clinic", "osm_type": "node", "osm_id": 6219240937}, "geometry": {"type": "Point", "coordinates": [75.866603, 22.69903]}}, {"type": "Feature", "properties": {"layer": "vulnerability_pois", "category": "hospital", "name": "Dr. Krishna Verma", "osm_type": "node", "osm_id": 6219240939}, "geometry": {"type": "Point", "coordinates": [75.866515, 22.699282]}}, {"type": "Feature", "properties": {"layer": "vulnerability_pois", "category": "hospital", "name": "Raj Home Clinic", "osm_type": "node", "osm_id": 6219240940}, "geometry": {"type": "Point", "coordinates": [75.867091, 22.699639]}}, {"type": "Feature", "properties": {"layer": "vulnerability_pois", "category": "hospital", "name": "Dr Rakesh Tanwar", "osm_type": "node", "osm_id": 6219240942}, "geometry": {"type": "Point", "coordinates": [75.868868, 22.700762]}}, {"type": "Feature", "properties": {"layer": "vulnerability_pois", "category": "hospital", "name": "Matram Hospital", "osm_type": "node", "osm_id": 6219240943}, "geometry": {"type": "Point", "coordinates": [75.868771, 22.702524]}}, {"type": "Feature", "properties": {"layer": "vulnerability_pois", "category": "hospital", "name": "Aishwarya Medical Center", "osm_type": "node", "osm_id": 6219240945}, "geometry": {"type": "Point", "coordinates": [75.865349, 22.6971]}}, {"type": "Feature", "properties": {"layer": "vulnerability_pois", "category": "hospital", "name": "Gurjar Dental Clinic", "osm_type": "node", "osm_id": 6219240946}, "geometry": {"type": "Point", "coordinates": [75.855611, 22.698035]}}, {"type": "Feature", "properties": {"layer": "vulnerability_pois", "category": "hospital", "name": "Prayas Physiotherapy Center & Laser Clinic", "osm_type": "node", "osm_id": 6219240949}, "geometry": {"type": "Point", "coordinates": [75.85668, 22.701197]}}, {"type": "Feature", "properties": {"layer": "vulnerability_pois", "category": "hospital", "name": "Dr. Harish Manglani", "osm_type": "node", "osm_id": 6219240950}, "geometry": {"type": "Point", "coordinates": [75.857656, 22.707534]}}, {"type": "Feature", "properties": {"layer": "vulnerability_pois", "category": "hospital", "name": "Dr. I. Nabi", "osm_type": "node", "osm_id": 6219240952}, "geometry": {"type": "Point", "coordinates": [75.863074, 22.700525]}}, {"type": "Feature", "properties": {"layer": "vulnerability_pois", "category": "hospital", "name": "Ideal Eye & Dental Care", "osm_type": "node", "osm_id": 6219240953}, "geometry": {"type": "Point", "coordinates": [75.866114, 22.698613]}}, {"type": "Feature", "properties": {"layer": "vulnerability_pois", "category": "hospital", "name": "Dr Jawahar Pahuja", "osm_type": "node", "osm_id": 6219240954}, "geometry": {"type": "Point", "coordinates": [75.86601, 22.698575]}}, {"type": "Feature", "properties": {"layer": "vulnerability_pois", "category": "hospital", "name": "Fafariya Surgical And Dental Clinic", "osm_type": "node", "osm_id": 6219240955}, "geometry": {"type": "Point", "coordinates": [75.864297, 22.698436]}}, {"type": "Feature", "properties": {"layer": "vulnerability_pois", "category": "hospital", "name": "Prachi Surgical Clinic", "osm_type": "node", "osm_id": 6219240956}, "geometry": {"type": "Point", "coordinates": [75.863954, 22.699079]}}, {"type": "Feature", "properties": {"layer": "vulnerability_pois", "category": "hospital", "name": "Vedant Hospital", "osm_type": "node", "osm_id": 6219240958}, "geometry": {"type": "Point", "coordinates": [75.862007, 22.702398]}}, {"type": "Feature", "properties": {"layer": "vulnerability_pois", "category": "hospital", "name": "Shree Dental Clinic", "osm_type": "node", "osm_id": 6219240959}, "geometry": {"type": "Point", "coordinates": [75.859544, 22.697832]}}, {"type": "Feature", "properties": {"layer": "vulnerability_pois", "category": "hospital", "name": "Modi Homeo Clinic", "osm_type": "node", "osm_id": 6219240963}, "geometry": {"type": "Point", "coordinates": [75.858171, 22.697832]}}, {"type": "Feature", "properties": {"layer": "vulnerability_pois", "category": "hospital", "name": "Well Skin Clinic", "osm_type": "node", "osm_id": 6219240966}, "geometry": {"type": "Point", "coordinates": [75.86508, 22.698664]}}, {"type": "Feature", "properties": {"layer": "vulnerability_pois", "category": "hospital", "name": "Dr. Rajesh Wadhwani", "osm_type": "node", "osm_id": 6219254131}, "geometry": {"type": "Point", "coordinates": [75.838367, 22.677076]}}, {"type": "Feature", "properties": {"layer": "vulnerability_pois", "category": "hospital", "name": "Dr.Shikha Homeopathy Clinic", "osm_type": "node", "osm_id": 6219254134}, "geometry": {"type": "Point", "coordinates": [75.838403, 22.677139]}}, {"type": "Feature", "properties": {"layer": "vulnerability_pois", "category": "hospital", "name": "Shubham Clinic", "osm_type": "node", "osm_id": 6219254141}, "geometry": {"type": "Point", "coordinates": [75.844792, 22.676877]}}, {"type": "Feature", "properties": {"layer": "vulnerability_pois", "category": "hospital", "name": "Dr. Trilokinath Pandey", "osm_type": "node", "osm_id": 6219270188}, "geometry": {"type": "Point", "coordinates": [75.837167, 22.67606]}}, {"type": "Feature", "properties": {"layer": "vulnerability_pois", "category": "hospital", "name": "Aryan Hospital and Research Centre", "osm_type": "node", "osm_id": 6219468397}, "geometry": {"type": "Point", "coordinates": [75.829284, 22.68615]}}, {"type": "Feature", "properties": {"layer": "vulnerability_pois", "category": "hospital", "name": "Natural Health Care Centre", "osm_type": "node", "osm_id": 6219468399}, "geometry": {"type": "Point", "coordinates": [75.828992, 22.684041]}}, {"type": "Feature", "properties": {"layer": "vulnerability_pois", "category": "hospital", "name": "Nerve Physiotherapy", "osm_type": "node", "osm_id": 6219468401}, "geometry": {"type": "Point", "coordinates": [75.829998, 22.684019]}}, {"type": "Feature", "properties": {"layer": "vulnerability_pois", "category": "hospital", "name": "Dr Anmol Raghuvanshi", "osm_type": "node", "osm_id": 6219468402}, "geometry": {"type": "Point", "coordinates": [75.830288, 22.683383]}}, {"type": "Feature", "properties": {"layer": "vulnerability_pois", "category": "hospital", "name": "Dr Kishore Chandki", "osm_type": "node", "osm_id": 6219468403}, "geometry": {"type": "Point", "coordinates": [75.834508, 22.681756]}}, {"type": "Feature", "properties": {"layer": "vulnerability_pois", "category": "hospital", "name": "Dr Sanjay Gupta", "osm_type": "node", "osm_id": 6219468405}, "geometry": {"type": "Point", "coordinates": [75.83476, 22.681477]}}, {"type": "Feature", "properties": {"layer": "vulnerability_pois", "category": "hospital", "name": "Dr KC Bhamorliya", "osm_type": "node", "osm_id": 6219468406}, "geometry": {"type": "Point", "coordinates": [75.826431, 22.682099]}}, {"type": "Feature", "properties": {"layer": "vulnerability_pois", "category": "hospital", "name": "Aviral Urology and Laparoscopy Centre", "osm_type": "node", "osm_id": 6219468407}, "geometry": {"type": "Point", "coordinates": [75.823601, 22.685258]}}, {"type": "Feature", "properties": {"layer": "vulnerability_pois", "category": "hospital", "name": "Dr O P Gupta", "osm_type": "node", "osm_id": 6219468408}, "geometry": {"type": "Point", "coordinates": [75.824067, 22.685868]}}, {"type": "Feature", "properties": {"layer": "vulnerability_pois", "category": "hospital", "name": "Dental and Eye Care Clinic", "osm_type": "node", "osm_id": 6219468411}, "geometry": {"type": "Point", "coordinates": [75.824789, 22.686848]}}, {"type": "Feature", "properties": {"layer": "vulnerability_pois", "category": "hospital", "name": "Dr H N Naik", "osm_type": "node", "osm_id": 6219468414}, "geometry": {"type": "Point", "coordinates": [75.829115, 22.688577]}}, {"type": "Feature", "properties": {"layer": "vulnerability_pois", "category": "hospital", "name": "Dental and Hair Clinic(Dr S K Khatri)", "osm_type": "node", "osm_id": 6219468416}, "geometry": {"type": "Point", "coordinates": [75.828779, 22.693979]}}, {"type": "Feature", "properties": {"layer": "vulnerability_pois", "category": "hospital", "name": "Nityam Yoga Classes", "osm_type": "node", "osm_id": 6219904750}, "geometry": {"type": "Point", "coordinates": [75.85161, 22.680187]}}, {"type": "Feature", "properties": {"layer": "vulnerability_pois", "category": "hospital", "name": "Dr Harshvardhan Dhoke", "osm_type": "node", "osm_id": 6221141732}, "geometry": {"type": "Point", "coordinates": [75.832905, 22.684499]}}, {"type": "Feature", "properties": {"layer": "vulnerability_pois", "category": "hospital", "name": "Purvi Hospital", "osm_type": "node", "osm_id": 6221166241}, "geometry": {"type": "Point", "coordinates": [75.829681, 22.684126]}}, {"type": "Feature", "properties": {"layer": "vulnerability_pois", "category": "hospital", "name": "Rajyog Medications", "osm_type": "node", "osm_id": 6222636700}, "geometry": {"type": "Point", "coordinates": [75.851156, 22.679997]}}, {"type": "Feature", "properties": {"layer": "vulnerability_pois", "category": "hospital", "name": "Wahe Guru Clinic", "osm_type": "node", "osm_id": 6222651637}, "geometry": {"type": "Point", "coordinates": [75.836151, 22.683249]}}, {"type": "Feature", "properties": {"layer": "vulnerability_pois", "category": "hospital", "name": "Ekta Poly Clinic", "osm_type": "node", "osm_id": 6222666585}, "geometry": {"type": "Point", "coordinates": [75.835131, 22.680953]}}, {"type": "Feature", "properties": {"layer": "vulnerability_pois", "category": "hospital", "name": "Chirayu Clinic", "osm_type": "node", "osm_id": 6222673457}, "geometry": {"type": "Point", "coordinates": [75.834602, 22.681521]}}, {"type": "Feature", "properties": {"layer": "vulnerability_pois", "category": "hospital", "name": "Dr Avinash Deole", "osm_type": "node", "osm_id": 6222676340}, "geometry": {"type": "Point", "coordinates": [75.834843, 22.681579]}}, {"type": "Feature", "properties": {"layer": "vulnerability_pois", "category": "hospital", "name": "Simran Physio Care", "osm_type": "node", "osm_id": 6222685678}, "geometry": {"type": "Point", "coordinates": [75.835044, 22.681895]}}, {"type": "Feature", "properties": {"layer": "vulnerability_pois", "category": "hospital", "name": "Dr Amit Jain", "osm_type": "node", "osm_id": 6222692582}, "geometry": {"type": "Point", "coordinates": [75.834534, 22.687714]}}, {"type": "Feature", "properties": {"layer": "vulnerability_pois", "category": "hospital", "name": "Prayas Clinic", "osm_type": "node", "osm_id": 6222707813}, "geometry": {"type": "Point", "coordinates": [75.834098, 22.687342]}}, {"type": "Feature", "properties": {"layer": "vulnerability_pois", "category": "hospital", "name": "Shri Sai Acupressure Health Centre", "osm_type": "node", "osm_id": 6222787210}, "geometry": {"type": "Point", "coordinates": [75.828311, 22.683969]}}, {"type": "Feature", "properties": {"layer": "vulnerability_pois", "category": "hospital", "name": "Dr Nilesh Maheshwari", "osm_type": "node", "osm_id": 6222822787}, "geometry": {"type": "Point", "coordinates": [75.829678, 22.687034]}}, {"type": "Feature", "properties": {"layer": "vulnerability_pois", "category": "hospital", "name": "Stars Radiatrics Rehab Services", "osm_type": "node", "osm_id": 6222844155}, "geometry": {"type": "Point", "coordinates": [75.828653, 22.687915]}}, {"type": "Feature", "properties": {"layer": "vulnerability_pois", "category": "hospital", "name": "Roshni Eye Clinic And Surgery Centre", "osm_type": "node", "osm_id": 6222865873}, "geometry": {"type": "Point", "coordinates": [75.829136, 22.6884]}}, {"type": "Feature", "properties": {"layer": "vulnerability_pois", "category": "hospital", "name": "Sanjeevani Homoeopathy Clinic", "osm_type": "node", "osm_id": 6222880906}, "geometry": {"type": "Point", "coordinates": [75.82949, 22.68888]}}, {"type": "Feature", "properties": {"layer": "vulnerability_pois", "category": "hospital", "name": "Dr R K Sanvaliya", "osm_type": "node", "osm_id": 6222888441}, "geometry": {"type": "Point", "coordinates": [75.825611, 22.687685]}}, {"type": "Feature", "properties": {"layer": "vulnerability_pois", "category": "hospital", "name": "Dukh Bhanjan Hospital", "osm_type": "node", "osm_id": 6222935428}, "geometry": {"type": "Point", "coordinates": [75.824194, 22.685426]}}, {"type": "Feature", "properties": {"layer": "vulnerability_pois", "category": "hospital", "name": "Dr. Avinash Mandloi", "osm_type": "node", "osm_id": 6223415827}, "geometry": {"type": "Point", "coordinates": [75.836585, 22.677881]}}, {"type": "Feature", "properties": {"layer": "vulnerability_pois", "category": "hospital", "name": "Dr. M S Hora", "osm_type": "node", "osm_id": 6223415828}, "geometry": {"type": "Point", "coordinates": [75.837944, 22.677742]}}, {"type": "Feature", "properties": {"layer": "vulnerability_pois", "category": "hospital", "name": "Dr. Sureshchandra Pandit", "osm_type": "node", "osm_id": 6223415829}, "geometry": {"type": "Point", "coordinates": [75.837888, 22.677676]}}, {"type": "Feature", "properties": {"layer": "vulnerability_pois", "category": "hospital", "name": "Dr. Ashok B Parasrampuriya", "osm_type": "node", "osm_id": 6224333284}, "geometry": {"type": "Point", "coordinates": [75.831397, 22.67297]}}, {"type": "Feature", "properties": {"layer": "vulnerability_pois", "category": "hospital", "name": "Dr. G D Goyal", "osm_type": "node", "osm_id": 6224334185}, "geometry": {"type": "Point", "coordinates": [75.830187, 22.672624]}}, {"type": "Feature", "properties": {"layer": "vulnerability_pois", "category": "hospital", "name": "Krishna Clinic", "osm_type": "node", "osm_id": 6224334187}, "geometry": {"type": "Point", "coordinates": [75.829929, 22.67223]}}, {"type": "Feature", "properties": {"layer": "vulnerability_pois", "category": "hospital", "name": "\u0938\u093e\u0908 \u0935\u093f\u092d\u0942\u0924\u093f \u0921\u0947 \u0915\u0947\u0905\u0930 \u0938\u0947\u0928\u094d\u091f\u0930", "osm_type": "node", "osm_id": 6224334188}, "geometry": {"type": "Point", "coordinates": [75.830049, 22.672237]}}, {"type": "Feature", "properties": {"layer": "vulnerability_pois", "category": "hospital", "name": "Avdhut Homeopathy Clinic", "osm_type": "node", "osm_id": 6224334189}, "geometry": {"type": "Point", "coordinates": [75.829284, 22.671798]}}, {"type": "Feature", "properties": {"layer": "vulnerability_pois", "category": "hospital", "name": "Nidan Skin Care", "osm_type": "node", "osm_id": 6224334195}, "geometry": {"type": "Point", "coordinates": [75.828551, 22.6704]}}, {"type": "Feature", "properties": {"layer": "vulnerability_pois", "category": "hospital", "name": "Dr. Deepak Joshi", "osm_type": "node", "osm_id": 6224334201}, "geometry": {"type": "Point", "coordinates": [75.825893, 22.666682]}}, {"type": "Feature", "properties": {"layer": "vulnerability_pois", "category": "hospital", "name": "Shri Poly Clinic", "osm_type": "node", "osm_id": 6225551905}, "geometry": {"type": "Point", "coordinates": [75.889083, 22.777699]}}, {"type": "Feature", "properties": {"layer": "vulnerability_pois", "category": "hospital", "name": "Primary Health Care Center", "osm_type": "node", "osm_id": 6225558146}, "geometry": {"type": "Point", "coordinates": [75.889174, 22.769944]}}, {"type": "Feature", "properties": {"layer": "vulnerability_pois", "category": "hospital", "name": "Homeopath Clinic", "osm_type": "node", "osm_id": 6225560387}, "geometry": {"type": "Point", "coordinates": [75.891846, 22.770931]}}, {"type": "Feature", "properties": {"layer": "vulnerability_pois", "category": "hospital", "name": "Aastha Hospital", "osm_type": "node", "osm_id": 6225570788}, "geometry": {"type": "Point", "coordinates": [75.888759, 22.769549]}}, {"type": "Feature", "properties": {"layer": "vulnerability_pois", "category": "hospital", "name": "Dr H S Yadav Clinic", "osm_type": "node", "osm_id": 6225579629}, "geometry": {"type": "Point", "coordinates": [75.883223, 22.772404]}}, {"type": "Feature", "properties": {"layer": "vulnerability_pois", "category": "hospital", "name": "Anand Homeopathic Clinic", "osm_type": "node", "osm_id": 6225592387}, "geometry": {"type": "Point", "coordinates": [75.891387, 22.769035]}}, {"type": "Feature", "properties": {"layer": "vulnerability_pois", "category": "hospital", "name": "Dr Ritu S Haripriya", "osm_type": "node", "osm_id": 6225607522}, "geometry": {"type": "Point", "coordinates": [75.923615, 22.763051]}}, {"type": "Feature", "properties": {"layer": "vulnerability_pois", "category": "hospital", "name": "Dr Atul Bandi", "osm_type": "node", "osm_id": 6225607523}, "geometry": {"type": "Point", "coordinates": [75.923511, 22.763076]}}, {"type": "Feature", "properties": {"layer": "vulnerability_pois", "category": "hospital", "name": "Dr Jay Jain", "osm_type": "node", "osm_id": 6225607524}, "geometry": {"type": "Point", "coordinates": [75.92358, 22.763059]}}, {"type": "Feature", "properties": {"layer": "vulnerability_pois", "category": "hospital", "name": "B Healthy Clinic", "osm_type": "node", "osm_id": 6225607527}, "geometry": {"type": "Point", "coordinates": [75.92352, 22.763071]}}, {"type": "Feature", "properties": {"layer": "vulnerability_pois", "category": "hospital", "name": "Dr Renuka Gupta", "osm_type": "node", "osm_id": 6225633907}, "geometry": {"type": "Point", "coordinates": [75.929944, 22.760635]}}, {"type": "Feature", "properties": {"layer": "vulnerability_pois", "category": "hospital", "name": "Atharva Yog Meditation And Aayurvedic Clinic", "osm_type": "node", "osm_id": 6225633908}, "geometry": {"type": "Point", "coordinates": [75.926774, 22.762307]}}, {"type": "Feature", "properties": {"layer": "vulnerability_pois", "category": "hospital", "name": "Dr Amit Kumar Singh", "osm_type": "node", "osm_id": 6225633909}, "geometry": {"type": "Point", "coordinates": [75.926959, 22.762529]}}, {"type": "Feature", "properties": {"layer": "vulnerability_pois", "category": "hospital", "name": "Dr Poonam Mishra", "osm_type": "node", "osm_id": 6225633910}, "geometry": {"type": "Point", "coordinates": [75.925875, 22.762154]}}, {"type": "Feature", "properties": {"layer": "vulnerability_pois", "category": "hospital", "name": "Dr. Sunil Marothiya", "osm_type": "node", "osm_id": 6225746876}, "geometry": {"type": "Point", "coordinates": [75.897981, 22.796925]}}, {"type": "Feature", "properties": {"layer": "vulnerability_pois", "category": "hospital", "name": "Care & Cure Homeo Clinic", "osm_type": "node", "osm_id": 6225746877}, "geometry": {"type": "Point", "coordinates": [75.898309, 22.797135]}}, {"type": "Feature", "properties": {"layer": "vulnerability_pois", "category": "hospital", "name": "Sonali Purandare", "osm_type": "node", "osm_id": 6226300535}, "geometry": {"type": "Point", "coordinates": [75.929671, 22.760412]}}, {"type": "Feature", "properties": {"layer": "vulnerability_pois", "category": "hospital", "name": "Dr. Surabhi Batra", "osm_type": "node", "osm_id": 6226300536}, "geometry": {"type": "Point", "coordinates": [75.92966, 22.760813]}}, {"type": "Feature", "properties": {"layer": "vulnerability_pois", "category": "hospital", "name": "Dr. Shashi Pareta", "osm_type": "node", "osm_id": 6226300538}, "geometry": {"type": "Point", "coordinates": [75.927023, 22.762218]}}, {"type": "Feature", "properties": {"layer": "vulnerability_pois", "category": "hospital", "name": "Dr. R. S. Rathore", "osm_type": "node", "osm_id": 6226300539}, "geometry": {"type": "Point", "coordinates": [75.925473, 22.762361]}}, {"type": "Feature", "properties": {"layer": "vulnerability_pois", "category": "hospital", "name": "Dr. Vijay Soni", "osm_type": "node", "osm_id": 6226300541}, "geometry": {"type": "Point", "coordinates": [75.923597, 22.763101]}}, {"type": "Feature", "properties": {"layer": "vulnerability_pois", "category": "hospital", "name": "Shri Ram Medical", "osm_type": "node", "osm_id": 6226300544}, "geometry": {"type": "Point", "coordinates": [75.92131, 22.764013]}}, {"type": "Feature", "properties": {"layer": "vulnerability_pois", "category": "hospital", "name": "Arogya Polyclinic", "osm_type": "node", "osm_id": 6226347223}, "geometry": {"type": "Point", "coordinates": [75.880458, 22.769117]}}, {"type": "Feature", "properties": {"layer": "vulnerability_pois", "category": "hospital", "name": "Akshara Health Clinic", "osm_type": "node", "osm_id": 6226347224}, "geometry": {"type": "Point", "coordinates": [75.891401, 22.768664]}}, {"type": "Feature", "properties": {"layer": "vulnerability_pois", "category": "hospital", "name": "Medicure PolyClinic", "osm_type": "node", "osm_id": 6226347225}, "geometry": {"type": "Point", "coordinates": [75.890768, 22.768793]}}, {"type": "Feature", "properties": {"layer": "vulnerability_pois", "category": "hospital", "name": "Sahayata Physiotherapy", "osm_type": "node", "osm_id": 6226347228}, "geometry": {"type": "Point", "coordinates": [75.88819, 22.769644]}}, {"type": "Feature", "properties": {"layer": "vulnerability_pois", "category": "hospital", "name": "Dr Namrata Tarun Sajnani", "osm_type": "node", "osm_id": 6226347229}, "geometry": {"type": "Point", "coordinates": [75.891795, 22.770979]}}, {"type": "Feature", "properties": {"layer": "vulnerability_pois", "category": "hospital", "name": "Medicure Clinic", "osm_type": "node", "osm_id": 6226347230}, "geometry": {"type": "Point", "coordinates": [75.890868, 22.776502]}}, {"type": "Feature", "properties": {"layer": "vulnerability_pois", "category": "hospital", "name": "Katyayani's Homeopathy Clinic", "osm_type": "node", "osm_id": 6226710036}, "geometry": {"type": "Point", "coordinates": [75.923433, 22.763071]}}, {"type": "Feature", "properties": {"layer": "vulnerability_pois", "category": "hospital", "name": "Dr. Leena Soni", "osm_type": "node", "osm_id": 6226719466}, "geometry": {"type": "Point", "coordinates": [75.9235, 22.763067]}}, {"type": "Feature", "properties": {"layer": "vulnerability_pois", "category": "hospital", "name": "Sanjeevani Homeo Clinic", "osm_type": "node", "osm_id": 6226742775}, "geometry": {"type": "Point", "coordinates": [75.926001, 22.762158]}}, {"type": "Feature", "properties": {"layer": "vulnerability_pois", "category": "hospital", "name": "Homeo Clinic And Research Centre", "osm_type": "node", "osm_id": 6226760948}, "geometry": {"type": "Point", "coordinates": [75.927377, 22.761839]}}, {"type": "Feature", "properties": {"layer": "vulnerability_pois", "category": "hospital", "name": "Solace Pain Solutions", "osm_type": "node", "osm_id": 6226767806}, "geometry": {"type": "Point", "coordinates": [75.929891, 22.760589]}}, {"type": "Feature", "properties": {"layer": "vulnerability_pois", "category": "hospital", "name": "Sarah Polyclinic", "osm_type": "node", "osm_id": 6226823619}, "geometry": {"type": "Point", "coordinates": [75.919279, 22.735618]}}, {"type": "Feature", "properties": {"layer": "vulnerability_pois", "category": "hospital", "name": "Dr Zafar Kazmi", "osm_type": "node", "osm_id": 6226823620}, "geometry": {"type": "Point", "coordinates": [75.9204, 22.734124]}}, {"type": "Feature", "properties": {"layer": "vulnerability_pois", "category": "hospital", "name": "Medicare Chemist And General Store", "osm_type": "node", "osm_id": 6226823621}, "geometry": {"type": "Point", "coordinates": [75.920836, 22.731631]}}, {"type": "Feature", "properties": {"layer": "vulnerability_pois", "category": "hospital", "name": "Mohomadi Dawakhana", "osm_type": "node", "osm_id": 6226823623}, "geometry": {"type": "Point", "coordinates": [75.918663, 22.731488]}}, {"type": "Feature", "properties": {"layer": "vulnerability_pois", "category": "hospital", "name": "Aman clinic", "osm_type": "node", "osm_id": 6226823624}, "geometry": {"type": "Point", "coordinates": [75.915735, 22.731712]}}, {"type": "Feature", "properties": {"layer": "vulnerability_pois", "category": "hospital", "name": "Dr M Ayub Parvez", "osm_type": "node", "osm_id": 6226824926}, "geometry": {"type": "Point", "coordinates": [75.916707, 22.740483]}}, {"type": "Feature", "properties": {"layer": "vulnerability_pois", "category": "hospital", "name": "Doctor Ghani Ansari", "osm_type": "node", "osm_id": 6226824927}, "geometry": {"type": "Point", "coordinates": [75.917737, 22.739955]}}, {"type": "Feature", "properties": {"layer": "vulnerability_pois", "category": "hospital", "name": "Husna clinic", "osm_type": "node", "osm_id": 6226824928}, "geometry": {"type": "Point", "coordinates": [75.917842, 22.741177]}}, {"type": "Feature", "properties": {"layer": "vulnerability_pois", "category": "hospital", "name": "Vedant Clinic", "osm_type": "node", "osm_id": 6227571005}, "geometry": {"type": "Point", "coordinates": [75.912223, 22.668442]}}, {"type": "Feature", "properties": {"layer": "vulnerability_pois", "category": "hospital", "name": "Health Care Clinic", "osm_type": "node", "osm_id": 6227579013}, "geometry": {"type": "Point", "coordinates": [75.915051, 22.66555]}}, {"type": "Feature", "properties": {"layer": "vulnerability_pois", "category": "hospital", "name": "Shraddha Clinic", "osm_type": "node", "osm_id": 6227589711}, "geometry": {"type": "Point", "coordinates": [75.915018, 22.665623]}}, {"type": "Feature", "properties": {"layer": "vulnerability_pois", "category": "hospital", "name": "Dr. Nitin Masih", "osm_type": "node", "osm_id": 6227602313}, "geometry": {"type": "Point", "coordinates": [75.915059, 22.664909]}}, {"type": "Feature", "properties": {"layer": "vulnerability_pois", "category": "hospital", "name": "New Life Hospital", "osm_type": "node", "osm_id": 6227611846}, "geometry": {"type": "Point", "coordinates": [75.907967, 22.691917]}}, {"type": "Feature", "properties": {"layer": "vulnerability_pois", "category": "hospital", "name": "Sai Care Hospital", "osm_type": "node", "osm_id": 6227622140}, "geometry": {"type": "Point", "coordinates": [75.905693, 22.692577]}}, {"type": "Feature", "properties": {"layer": "vulnerability_pois", "category": "hospital", "name": "St.Francis Hospital And Research Centre", "osm_type": "node", "osm_id": 6227625033}, "geometry": {"type": "Point", "coordinates": [75.915039, 22.672328]}}, {"type": "Feature", "properties": {"layer": "vulnerability_pois", "category": "hospital", "name": "Sehat Polyclinic", "osm_type": "node", "osm_id": 6227626323}, "geometry": {"type": "Point", "coordinates": [75.903823, 22.692667]}}, {"type": "Feature", "properties": {"layer": "vulnerability_pois", "category": "hospital", "name": "Dava Khana", "osm_type": "node", "osm_id": 6227646718}, "geometry": {"type": "Point", "coordinates": [75.900046, 22.693575]}}, {"type": "Feature", "properties": {"layer": "vulnerability_pois", "category": "hospital", "name": "Om Sai Clinic", "osm_type": "node", "osm_id": 6227672732}, "geometry": {"type": "Point", "coordinates": [75.901151, 22.692448]}}, {"type": "Feature", "properties": {"layer": "vulnerability_pois", "category": "hospital", "name": "Public Healthcare Center", "osm_type": "node", "osm_id": 6227672735}, "geometry": {"type": "Point", "coordinates": [75.905796, 22.691963]}}, {"type": "Feature", "properties": {"layer": "vulnerability_pois", "category": "hospital", "name": "Davakhana", "osm_type": "node", "osm_id": 6227672737}, "geometry": {"type": "Point", "coordinates": [75.902802, 22.692764]}}, {"type": "Feature", "properties": {"layer": "vulnerability_pois", "category": "hospital", "name": "Gaurav Hospital", "osm_type": "node", "osm_id": 6227672739}, "geometry": {"type": "Point", "coordinates": [75.880252, 22.67268]}}, {"type": "Feature", "properties": {"layer": "vulnerability_pois", "category": "hospital", "name": "Dr Prabjeet Singh Bhatia", "osm_type": "node", "osm_id": 6227687115}, "geometry": {"type": "Point", "coordinates": [75.894193, 22.664027]}}, {"type": "Feature", "properties": {"layer": "vulnerability_pois", "category": "hospital", "name": "\u0917\u0941\u0930\u0942\u0915\u0943\u092a\u093e \u0915\u094d\u0932\u093f\u0928\u093f\u0915", "osm_type": "node", "osm_id": 6227687116}, "geometry": {"type": "Point", "coordinates": [75.888727, 22.664494]}}, {"type": "Feature", "properties": {"layer": "vulnerability_pois", "category": "hospital", "name": "Jagrat Clinic", "osm_type": "node", "osm_id": 6229138155}, "geometry": {"type": "Point", "coordinates": [75.894307, 22.788844]}}, {"type": "Feature", "properties": {"layer": "vulnerability_pois", "category": "hospital", "name": "Dr. Amit Shrivastav", "osm_type": "node", "osm_id": 6229138157}, "geometry": {"type": "Point", "coordinates": [75.897593, 22.796932]}}, {"type": "Feature", "properties": {"layer": "vulnerability_pois", "category": "hospital", "name": "Dr. Jya Chabra", "osm_type": "node", "osm_id": 6229138158}, "geometry": {"type": "Point", "coordinates": [75.897571, 22.796926]}}, {"type": "Feature", "properties": {"layer": "vulnerability_pois", "category": "hospital", "name": "Tulsi Clinic", "osm_type": "node", "osm_id": 6229138161}, "geometry": {"type": "Point", "coordinates": [75.907537, 22.791412]}}, {"type": "Feature", "properties": {"layer": "vulnerability_pois", "category": "hospital", "name": "Dr. Singh", "osm_type": "node", "osm_id": 6229138162}, "geometry": {"type": "Point", "coordinates": [75.906012, 22.786504]}}, {"type": "Feature", "properties": {"layer": "vulnerability_pois", "category": "hospital", "name": "Sai Janki Hospital", "osm_type": "node", "osm_id": 6229504609}, "geometry": {"type": "Point", "coordinates": [75.904863, 22.770661]}}, {"type": "Feature", "properties": {"layer": "vulnerability_pois", "category": "hospital", "name": "Dawakhana", "osm_type": "node", "osm_id": 6229504610}, "geometry": {"type": "Point", "coordinates": [75.904022, 22.765454]}}, {"type": "Feature", "properties": {"layer": "vulnerability_pois", "category": "hospital", "name": "Asha Health Care Clinic", "osm_type": "node", "osm_id": 6229504611}, "geometry": {"type": "Point", "coordinates": [75.903756, 22.76464]}}, {"type": "Feature", "properties": {"layer": "vulnerability_pois", "category": "hospital", "name": "Dr. Neeta Meratia Clinic", "osm_type": "node", "osm_id": 6229504612}, "geometry": {"type": "Point", "coordinates": [75.903115, 22.762627]}}, {"type": "Feature", "properties": {"layer": "vulnerability_pois", "category": "hospital", "name": "Midwin Medical Clinic", "osm_type": "node", "osm_id": 6229504614}, "geometry": {"type": "Point", "coordinates": [75.906554, 22.762627]}}, {"type": "Feature", "properties": {"layer": "vulnerability_pois", "category": "hospital", "name": "Dr. Singh Clinic", "osm_type": "node", "osm_id": 6229504616}, "geometry": {"type": "Point", "coordinates": [75.905984, 22.786395]}}, {"type": "Feature", "properties": {"layer": "vulnerability_pois", "category": "hospital", "name": "Gupta Integrated Clinic", "osm_type": "node", "osm_id": 6229522467}, "geometry": {"type": "Point", "coordinates": [75.909356, 22.756739]}}, {"type": "Feature", "properties": {"layer": "vulnerability_pois", "category": "hospital", "name": "The Homeopathy", "osm_type": "node", "osm_id": 6229522468}, "geometry": {"type": "Point", "coordinates": [75.909597, 22.756783]}}, {"type": "Feature", "properties": {"layer": "vulnerability_pois", "category": "hospital", "name": "\u0911\u0930\u094d\u0925\u094b\u092a\u0947\u0921\u093f\u0915 \u090f\u0902\u0921 \u092a\u0947\u0921\u094d\u0930\u093f\u092f\u093e\u0924\u093f\u0915 \u0915\u094d\u0932\u093f\u0928\u093f\u0915", "osm_type": "node", "osm_id": 6229613084}, "geometry": {"type": "Point", "coordinates": [75.88774, 22.668516]}}, {"type": "Feature", "properties": {"layer": "vulnerability_pois", "category": "hospital", "name": "Day Care Centre", "osm_type": "node", "osm_id": 6229613791}, "geometry": {"type": "Point", "coordinates": [75.878721, 22.673808]}}, {"type": "Feature", "properties": {"layer": "vulnerability_pois", "category": "school", "name": "Government Hindi Primary School", "osm_type": "node", "osm_id": 6229676375}, "geometry": {"type": "Point", "coordinates": [75.868449, 22.675174]}}, {"type": "Feature", "properties": {"layer": "vulnerability_pois", "category": "hospital", "name": "24/7 Health Care", "osm_type": "node", "osm_id": 6229676376}, "geometry": {"type": "Point", "coordinates": [75.871637, 22.675127]}}, {"type": "Feature", "properties": {"layer": "vulnerability_pois", "category": "hospital", "name": "Dr. Ashish Tiwari Clinic", "osm_type": "node", "osm_id": 6229676380}, "geometry": {"type": "Point", "coordinates": [75.865347, 22.680202]}}, {"type": "Feature", "properties": {"layer": "vulnerability_pois", "category": "hospital", "name": "Poly Clinic", "osm_type": "node", "osm_id": 6229676381}, "geometry": {"type": "Point", "coordinates": [75.863082, 22.679235]}}, {"type": "Feature", "properties": {"layer": "vulnerability_pois", "category": "hospital", "name": "Dr Saurabh Garge Clinic", "osm_type": "node", "osm_id": 6230928438}, "geometry": {"type": "Point", "coordinates": [75.83033, 22.674263]}}, {"type": "Feature", "properties": {"layer": "vulnerability_pois", "category": "hospital", "name": "Dr Somendra Mishra", "osm_type": "node", "osm_id": 6230928439}, "geometry": {"type": "Point", "coordinates": [75.831311, 22.673951]}}, {"type": "Feature", "properties": {"layer": "vulnerability_pois", "category": "hospital", "name": "Patanjali Medical And Store", "osm_type": "node", "osm_id": 6230928440}, "geometry": {"type": "Point", "coordinates": [75.832191, 22.67357]}}, {"type": "Feature", "properties": {"layer": "vulnerability_pois", "category": "hospital", "name": "Dr. Rohit Kushwah", "osm_type": "node", "osm_id": 6233180573}, "geometry": {"type": "Point", "coordinates": [75.918918, 22.806725]}}, {"type": "Feature", "properties": {"layer": "vulnerability_pois", "category": "hospital", "name": "Prem Nursing Home, Indore", "osm_type": "node", "osm_id": 6233191568}, "geometry": {"type": "Point", "coordinates": [75.926213, 22.817861]}}, {"type": "Feature", "properties": {"layer": "vulnerability_pois", "category": "hospital", "name": "Sai Anjali Clinic", "osm_type": "node", "osm_id": 6233306635}, "geometry": {"type": "Point", "coordinates": [75.842029, 22.775886]}}, {"type": "Feature", "properties": {"layer": "vulnerability_pois", "category": "hospital", "name": "Sarvottam Ayurvedic Clinic", "osm_type": "node", "osm_id": 6233325382}, "geometry": {"type": "Point", "coordinates": [75.847727, 22.767537]}}, {"type": "Feature", "properties": {"layer": "vulnerability_pois", "category": "hospital", "name": "Chhavi Homeo Clinic", "osm_type": "node", "osm_id": 6233331222}, "geometry": {"type": "Point", "coordinates": [75.911754, 22.798296]}}, {"type": "Feature", "properties": {"layer": "vulnerability_pois", "category": "hospital", "name": "Ayurveda Speciality Centre", "osm_type": "node", "osm_id": 6233332026}, "geometry": {"type": "Point", "coordinates": [75.829091, 22.671529]}}, {"type": "Feature", "properties": {"layer": "vulnerability_pois", "category": "hospital", "name": "\u0921\u0949\u0964 \u0906\u0936\u0941\u0924\u094b\u0937 \u092a\u093e\u0930\u093e\u0936\u0930 \u0915\u094d\u0932\u093f\u0928\u093f\u0915", "osm_type": "node", "osm_id": 6233332029}, "geometry": {"type": "Point", "coordinates": [75.829852, 22.672071]}}, {"type": "Feature", "properties": {"layer": "vulnerability_pois", "category": "hospital", "name": "Guru Nanak Clinic", "osm_type": "node", "osm_id": 6233341303}, "geometry": {"type": "Point", "coordinates": [75.905895, 22.786514]}}, {"type": "Feature", "properties": {"layer": "vulnerability_pois", "category": "hospital", "name": "R.P polyclinic", "osm_type": "node", "osm_id": 6233345327}, "geometry": {"type": "Point", "coordinates": [75.84749, 22.791908]}}, {"type": "Feature", "properties": {"layer": "vulnerability_pois", "category": "hospital", "name": "Dr. Manjulata Bhadoria", "osm_type": "node", "osm_id": 6233349605}, "geometry": {"type": "Point", "coordinates": [75.927265, 22.819221]}}, {"type": "Feature", "properties": {"layer": "vulnerability_pois", "category": "hospital", "name": "Ojas Clinic", "osm_type": "node", "osm_id": 6233411691}, "geometry": {"type": "Point", "coordinates": [75.84815, 22.740313]}}, {"type": "Feature", "properties": {"layer": "vulnerability_pois", "category": "hospital", "name": "Norway Ayurvedic Clinic", "osm_type": "node", "osm_id": 6233411731}, "geometry": {"type": "Point", "coordinates": [75.928488, 22.819458]}}, {"type": "Feature", "properties": {"layer": "vulnerability_pois", "category": "hospital", "name": "Sanjivani Homeo Clinic", "osm_type": "node", "osm_id": 6233411733}, "geometry": {"type": "Point", "coordinates": [75.927393, 22.8191]}}, {"type": "Feature", "properties": {"layer": "vulnerability_pois", "category": "hospital", "name": "Sunrise Hospital", "osm_type": "node", "osm_id": 6233411735}, "geometry": {"type": "Point", "coordinates": [75.907044, 22.79302]}}, {"type": "Feature", "properties": {"layer": "vulnerability_pois", "category": "hospital", "name": "Dr Raman Sharma Clinic", "osm_type": "node", "osm_id": 6233411736}, "geometry": {"type": "Point", "coordinates": [75.91771, 22.806216]}}, {"type": "Feature", "properties": {"layer": "vulnerability_pois", "category": "hospital", "name": "Aayog Clinic", "osm_type": "node", "osm_id": 6233420753}, "geometry": {"type": "Point", "coordinates": [75.903876, 22.691913]}}, {"type": "Feature", "properties": {"layer": "vulnerability_pois", "category": "hospital", "name": "Dr Santosh Kumar", "osm_type": "node", "osm_id": 6233420755}, "geometry": {"type": "Point", "coordinates": [75.900232, 22.693816]}}, {"type": "Feature", "properties": {"layer": "vulnerability_pois", "category": "hospital", "name": "Chouhan Clinic", "osm_type": "node", "osm_id": 6233478758}, "geometry": {"type": "Point", "coordinates": [75.8478, 22.760321]}}, {"type": "Feature", "properties": {"layer": "vulnerability_pois", "category": "hospital", "name": "\u0938\u0928\u092e\u0924\u0940 \u0905\u0938\u094d\u092a\u0924\u093e\u0932", "osm_type": "node", "osm_id": 6233486481}, "geometry": {"type": "Point", "coordinates": [75.834417, 22.738249]}}, {"type": "Feature", "properties": {"layer": "vulnerability_pois", "category": "hospital", "name": "New Life Hospital", "osm_type": "node", "osm_id": 6233505294}, "geometry": {"type": "Point", "coordinates": [75.848183, 22.759421]}}, {"type": "Feature", "properties": {"layer": "vulnerability_pois", "category": "hospital", "name": "Gupta Clinic And Physiotherapy Center", "osm_type": "node", "osm_id": 6233517024}, "geometry": {"type": "Point", "coordinates": [75.816953, 22.729737]}}, {"type": "Feature", "properties": {"layer": "vulnerability_pois", "category": "hospital", "name": "Life Health Clinic", "osm_type": "node", "osm_id": 6233517027}, "geometry": {"type": "Point", "coordinates": [75.792161, 22.740779]}}, {"type": "Feature", "properties": {"layer": "vulnerability_pois", "category": "hospital", "name": "Shree Maruti Nandan Hospital", "osm_type": "node", "osm_id": 6233517028}, "geometry": {"type": "Point", "coordinates": [75.791826, 22.740708]}}, {"type": "Feature", "properties": {"layer": "vulnerability_pois", "category": "hospital", "name": "Sabharwal Clinic", "osm_type": "node", "osm_id": 6233522026}, "geometry": {"type": "Point", "coordinates": [75.837786, 22.737082]}}, {"type": "Feature", "properties": {"layer": "vulnerability_pois", "category": "school", "name": "Shashkiya Madhyamik Vidhyalaya", "osm_type": "node", "osm_id": 6233548808}, "geometry": {"type": "Point", "coordinates": [75.837829, 22.735222]}}, {"type": "Feature", "properties": {"layer": "vulnerability_pois", "category": "hospital", "name": "Mohak Hitech Speciality Hospital", "osm_type": "node", "osm_id": 6233552577}, "geometry": {"type": "Point", "coordinates": [75.845383, 22.798738]}}, {"type": "Feature", "properties": {"layer": "vulnerability_pois", "category": "hospital", "name": "SAIMS Hospital", "osm_type": "node", "osm_id": 6233570000}, "geometry": {"type": "Point", "coordinates": [75.845269, 22.797555]}}, {"type": "Feature", "properties": {"layer": "vulnerability_pois", "category": "school", "name": "SAIMS Nursing College", "osm_type": "node", "osm_id": 6233581578}, "geometry": {"type": "Point", "coordinates": [75.845892, 22.796939]}}, {"type": "Feature", "properties": {"layer": "vulnerability_pois", "category": "hospital", "name": "SAIMS Dental Hospital", "osm_type": "node", "osm_id": 6233589867}, "geometry": {"type": "Point", "coordinates": [75.845456, 22.796538]}}, {"type": "Feature", "properties": {"layer": "vulnerability_pois", "category": "hospital", "name": null, "osm_type": "node", "osm_id": 6233589869}, "geometry": {"type": "Point", "coordinates": [75.845564, 22.798237]}}, {"type": "Feature", "properties": {"layer": "vulnerability_pois", "category": "hospital", "name": null, "osm_type": "node", "osm_id": 6233589873}, "geometry": {"type": "Point", "coordinates": [75.848183, 22.759422]}}, {"type": "Feature", "properties": {"layer": "vulnerability_pois", "category": "hospital", "name": "Shri Datta Clinic", "osm_type": "node", "osm_id": 6233593604}, "geometry": {"type": "Point", "coordinates": [75.825824, 22.666546]}}, {"type": "Feature", "properties": {"layer": "vulnerability_pois", "category": "hospital", "name": "\u0921\u0949 \u092d\u093e\u091f\u093f\u092f\u093e \u0926\u0902\u0924 \u0914\u0930 \u0908\u090f\u0928\u091f\u0940 \u0915\u094d\u0932\u093f\u0928\u093f\u0915", "osm_type": "node", "osm_id": 6233593607}, "geometry": {"type": "Point", "coordinates": [75.829072, 22.667809]}}, {"type": "Feature", "properties": {"layer": "vulnerability_pois", "category": "hospital", "name": "Dr Sudhir Kataria Clinic", "osm_type": "node", "osm_id": 6233593608}, "geometry": {"type": "Point", "coordinates": [75.827299, 22.668299]}}, {"type": "Feature", "properties": {"layer": "vulnerability_pois", "category": "hospital", "name": "Dr Anamika Maurya Homoeopathic clinic", "osm_type": "node", "osm_id": 6233593610}, "geometry": {"type": "Point", "coordinates": [75.824843, 22.668796]}}, {"type": "Feature", "properties": {"layer": "vulnerability_pois", "category": "hospital", "name": "\u0907\u0902\u0926\u093f\u0930\u093e \u092e\u0947\u092e\u094b\u0930\u093f\u092f\u0932 \u0905\u0938\u094d\u092a\u0924\u093e\u0932", "osm_type": "node", "osm_id": 6233593611}, "geometry": {"type": "Point", "coordinates": [75.827853, 22.669414]}}, {"type": "Feature", "properties": {"layer": "vulnerability_pois", "category": "hospital", "name": "Chouhan Clinic", "osm_type": "node", "osm_id": 6233642886}, "geometry": {"type": "Point", "coordinates": [75.926791, 22.818683]}}, {"type": "Feature", "properties": {"layer": "vulnerability_pois", "category": "hospital", "name": "\u091c\u0928 \u0938\u094d\u0935\u0938\u094d\u0925 \u0915\u094d\u0932\u093f\u0928\u093f\u0915", "osm_type": "node", "osm_id": 6233728651}, "geometry": {"type": "Point", "coordinates": [75.826103, 22.738274]}}, {"type": "Feature", "properties": {"layer": "vulnerability_pois", "category": "hospital", "name": "Dr. Y Kumar", "osm_type": "node", "osm_id": 6233728652}, "geometry": {"type": "Point", "coordinates": [75.828125, 22.734514]}}, {"type": "Feature", "properties": {"layer": "vulnerability_pois", "category": "hospital", "name": "Balaji Clinic", "osm_type": "node", "osm_id": 6233728654}, "geometry": {"type": "Point", "coordinates": [75.822396, 22.734301]}}, {"type": "Feature", "properties": {"layer": "vulnerability_pois", "category": "hospital", "name": "Darsh Clinic & Diagnostic Centre", "osm_type": "node", "osm_id": 6233728656}, "geometry": {"type": "Point", "coordinates": [75.827658, 22.732139]}}, {"type": "Feature", "properties": {"layer": "vulnerability_pois", "category": "hospital", "name": "S.K. Hospital", "osm_type": "node", "osm_id": 6233728658}, "geometry": {"type": "Point", "coordinates": [75.818689, 22.729319]}}, {"type": "Feature", "properties": {"layer": "vulnerability_pois", "category": "hospital", "name": "Bhaiji Hospital", "osm_type": "node", "osm_id": 6233728660}, "geometry": {"type": "Point", "coordinates": [75.82435, 22.723959]}}, {"type": "Feature", "properties": {"layer": "vulnerability_pois", "category": "hospital", "name": "Shrinath Hospital", "osm_type": "node", "osm_id": 6233728661}, "geometry": {"type": "Point", "coordinates": [75.82165, 22.725737]}}, {"type": "Feature", "properties": {"layer": "vulnerability_pois", "category": "hospital", "name": "\u0935\u0948\u0932\u0928\u0947\u0938 \u0939\u094b\u092e\u093f\u092f\u094b \u0915\u094d\u0932\u093f\u0928\u093f\u0915", "osm_type": "node", "osm_id": 6233728662}, "geometry": {"type": "Point", "coordinates": [75.81915, 22.726607]}}, {"type": "Feature", "properties": {"layer": "vulnerability_pois", "category": "hospital", "name": "Citizen Hospital", "osm_type": "node", "osm_id": 6233728663}, "geometry": {"type": "Point", "coordinates": [75.81885, 22.726231]}}, {"type": "Feature", "properties": {"layer": "vulnerability_pois", "category": "hospital", "name": "Sanyog Hospital", "osm_type": "node", "osm_id": 6233728664}, "geometry": {"type": "Point", "coordinates": [75.816645, 22.726756]}}, {"type": "Feature", "properties": {"layer": "vulnerability_pois", "category": "hospital", "name": "Ramkrishna Hospital", "osm_type": "node", "osm_id": 6233728665}, "geometry": {"type": "Point", "coordinates": [75.810261, 22.730106]}}, {"type": "Feature", "properties": {"layer": "vulnerability_pois", "category": "hospital", "name": "Avani Clinic", "osm_type": "node", "osm_id": 6233728667}, "geometry": {"type": "Point", "coordinates": [75.793427, 22.741848]}}, {"type": "Feature", "properties": {"layer": "vulnerability_pois", "category": "hospital", "name": "Dr. M. L. Pathak", "osm_type": "node", "osm_id": 6233728668}, "geometry": {"type": "Point", "coordinates": [75.792322, 22.741195]}}, {"type": "Feature", "properties": {"layer": "vulnerability_pois", "category": "hospital", "name": "bharat polyclinic", "osm_type": "node", "osm_id": 6233728669}, "geometry": {"type": "Point", "coordinates": [75.791016, 22.738749]}}, {"type": "Feature", "properties": {"layer": "vulnerability_pois", "category": "hospital", "name": "Arya aushadhyala", "osm_type": "node", "osm_id": 6233728670}, "geometry": {"type": "Point", "coordinates": [75.791639, 22.738672]}}, {"type": "Feature", "properties": {"layer": "vulnerability_pois", "category": "hospital", "name": "Divine Nursing Home", "osm_type": "node", "osm_id": 6233728671}, "geometry": {"type": "Point", "coordinates": [75.788771, 22.740159]}}, {"type": "Feature", "properties": {"layer": "vulnerability_pois", "category": "hospital", "name": "Dr Nishant Pandey", "osm_type": "node", "osm_id": 6233745136}, "geometry": {"type": "Point", "coordinates": [75.821252, 22.725638]}}, {"type": "Feature", "properties": {"layer": "vulnerability_pois", "category": "hospital", "name": "\u0919\u0949 \u0930\u093e\u091c\u0947\u0936 \u0926\u0936\u094b\u0930\u0947", "osm_type": "node", "osm_id": 6233745137}, "geometry": {"type": "Point", "coordinates": [75.821464, 22.726255]}}, {"type": "Feature", "properties": {"layer": "vulnerability_pois", "category": "hospital", "name": "\u0919\u0949 \u0906\u092d\u093e \u0935\u0930\u094d\u092e\u093e", "osm_type": "node", "osm_id": 6233745138}, "geometry": {"type": "Point", "coordinates": [75.819321, 22.725922]}}, {"type": "Feature", "properties": {"layer": "vulnerability_pois", "category": "hospital", "name": "Dr Praveen Neema", "osm_type": "node", "osm_id": 6233745141}, "geometry": {"type": "Point", "coordinates": [75.818566, 22.729173]}}, {"type": "Feature", "properties": {"layer": "vulnerability_pois", "category": "hospital", "name": "Dr Vimla Mehta", "osm_type": "node", "osm_id": 6234108915}, "geometry": {"type": "Point", "coordinates": [75.891453, 22.686344]}}, {"type": "Feature", "properties": {"layer": "vulnerability_pois", "category": "hospital", "name": "Yash Hospital", "osm_type": "node", "osm_id": 6234108920}, "geometry": {"type": "Point", "coordinates": [75.887389, 22.687186]}}, {"type": "Feature", "properties": {"layer": "vulnerability_pois", "category": "hospital", "name": "R S Homeopathic Clinic and Physio therapy", "osm_type": "node", "osm_id": 6234108922}, "geometry": {"type": "Point", "coordinates": [75.866566, 22.690163]}}, {"type": "Feature", "properties": {"layer": "vulnerability_pois", "category": "hospital", "name": "Arogya clinic", "osm_type": "node", "osm_id": 6234108923}, "geometry": {"type": "Point", "coordinates": [75.866671, 22.690123]}}, {"type": "Feature", "properties": {"layer": "vulnerability_pois", "category": "hospital", "name": "Dr Jain Clinic", "osm_type": "node", "osm_id": 6234108925}, "geometry": {"type": "Point", "coordinates": [75.867194, 22.688254]}}, {"type": "Feature", "properties": {"layer": "vulnerability_pois", "category": "hospital", "name": "Surya clinic", "osm_type": "node", "osm_id": 6234108927}, "geometry": {"type": "Point", "coordinates": [75.867614, 22.687026]}}, {"type": "Feature", "properties": {"layer": "vulnerability_pois", "category": "hospital", "name": "Dr Burhanuddin Saifi", "osm_type": "node", "osm_id": 6234108932}, "geometry": {"type": "Point", "coordinates": [75.863997, 22.683643]}}, {"type": "Feature", "properties": {"layer": "vulnerability_pois", "category": "hospital", "name": "V S Clinic", "osm_type": "node", "osm_id": 6234108933}, "geometry": {"type": "Point", "coordinates": [75.864095, 22.683387]}}, {"type": "Feature", "properties": {"layer": "vulnerability_pois", "category": "hospital", "name": "Dr Aruna Mandura", "osm_type": "node", "osm_id": 6234108934}, "geometry": {"type": "Point", "coordinates": [75.863847, 22.681951]}}, {"type": "Feature", "properties": {"layer": "vulnerability_pois", "category": "school", "name": "Shashkiya Madhyamik Vidhyalaya", "osm_type": "node", "osm_id": 6235162215}, "geometry": {"type": "Point", "coordinates": [75.838151, 22.742544]}}, {"type": "Feature", "properties": {"layer": "vulnerability_pois", "category": "hospital", "name": "Dr P S Jangde Clinic", "osm_type": "node", "osm_id": 6235165942}, "geometry": {"type": "Point", "coordinates": [75.838674, 22.741888]}}, {"type": "Feature", "properties": {"layer": "vulnerability_pois", "category": "hospital", "name": "Om Shakti Chikitsalaya", "osm_type": "node", "osm_id": 6235170831}, "geometry": {"type": "Point", "coordinates": [75.846734, 22.737339]}}, {"type": "Feature", "properties": {"layer": "vulnerability_pois", "category": "hospital", "name": "Sheetal Dawakhana", "osm_type": "node", "osm_id": 6235174892}, "geometry": {"type": "Point", "coordinates": [75.847516, 22.738368]}}, {"type": "Feature", "properties": {"layer": "vulnerability_pois", "category": "hospital", "name": "Shraddha Hospital", "osm_type": "node", "osm_id": 6235180479}, "geometry": {"type": "Point", "coordinates": [75.848397, 22.739595]}}, {"type": "Feature", "properties": {"layer": "vulnerability_pois", "category": "hospital", "name": "Dr Ekta Vishwakarma Clinic", "osm_type": "node", "osm_id": 6235187425}, "geometry": {"type": "Point", "coordinates": [75.847844, 22.739965]}}, {"type": "Feature", "properties": {"layer": "vulnerability_pois", "category": "hospital", "name": "Dr. Agrawal's Eye Hospital", "osm_type": "node", "osm_id": 6237628056}, "geometry": {"type": "Point", "coordinates": [75.893643, 22.74711]}}, {"type": "Feature", "properties": {"layer": "vulnerability_pois", "category": "school", "name": "L.K. Prime School", "osm_type": "node", "osm_id": 6237628404}, "geometry": {"type": "Point", "coordinates": [75.926455, 22.81798]}}, {"type": "Feature", "properties": {"layer": "vulnerability_pois", "category": "hospital", "name": "Shivam Yoga Therapy Centre", "osm_type": "node", "osm_id": 6238493672}, "geometry": {"type": "Point", "coordinates": [75.890041, 22.661844]}}, {"type": "Feature", "properties": {"layer": "vulnerability_pois", "category": "hospital", "name": "Classic Homeopathy Clinic", "osm_type": "node", "osm_id": 6238493673}, "geometry": {"type": "Point", "coordinates": [75.891355, 22.65971]}}, {"type": "Feature", "properties": {"layer": "vulnerability_pois", "category": "hospital", "name": "Pushpkunj Hospital", "osm_type": "node", "osm_id": 6238493674}, "geometry": {"type": "Point", "coordinates": [75.884746, 22.652507]}}, {"type": "Feature", "properties": {"layer": "vulnerability_pois", "category": "hospital", "name": "M.P. Voluntary Health Association", "osm_type": "node", "osm_id": 6238497315}, "geometry": {"type": "Point", "coordinates": [75.883877, 22.661134]}}, {"type": "Feature", "properties": {"layer": "vulnerability_pois", "category": "hospital", "name": null, "osm_type": "node", "osm_id": 6251584037}, "geometry": {"type": "Point", "coordinates": [75.896072, 22.731813]}}, {"type": "Feature", "properties": {"layer": "vulnerability_pois", "category": "school", "name": "Sarada Ramakrishna Vidya Mandir", "osm_type": "node", "osm_id": 6277088873}, "geometry": {"type": "Point", "coordinates": [75.882896, 22.753239]}}, {"type": "Feature", "properties": {"layer": "vulnerability_pois", "category": "school", "name": "Bhumika Higher Secondary School", "osm_type": "node", "osm_id": 6277159546}, "geometry": {"type": "Point", "coordinates": [75.900525, 22.75046]}}, {"type": "Feature", "properties": {"layer": "vulnerability_pois", "category": "school", "name": "Bal krishna Public High School", "osm_type": "node", "osm_id": 6277697697}, "geometry": {"type": "Point", "coordinates": [75.898851, 22.751717]}}, {"type": "Feature", "properties": {"layer": "vulnerability_pois", "category": "school", "name": "Zealous Academy", "osm_type": "node", "osm_id": 6286521591}, "geometry": {"type": "Point", "coordinates": [75.902265, 22.764316]}}, {"type": "Feature", "properties": {"layer": "vulnerability_pois", "category": "school", "name": "Shaskiya Uchchatar Madhyamik Vidhyalaya", "osm_type": "node", "osm_id": 6286579669}, "geometry": {"type": "Point", "coordinates": [75.882212, 22.747673]}}, {"type": "Feature", "properties": {"layer": "vulnerability_pois", "category": "school", "name": "High Light H. S. School", "osm_type": "node", "osm_id": 6286793754}, "geometry": {"type": "Point", "coordinates": [75.884103, 22.735188]}}, {"type": "Feature", "properties": {"layer": "vulnerability_pois", "category": "school", "name": "Shri Barfani Academy", "osm_type": "node", "osm_id": 6289395376}, "geometry": {"type": "Point", "coordinates": [75.897331, 22.741515]}}, {"type": "Feature", "properties": {"layer": "vulnerability_pois", "category": "school", "name": "St. Umar Higher Secondary School", "osm_type": "node", "osm_id": 6308312016}, "geometry": {"type": "Point", "coordinates": [75.889119, 22.725614]}}, {"type": "Feature", "properties": {"layer": "vulnerability_pois", "category": "school", "name": "Government Girls School", "osm_type": "node", "osm_id": 6308496173}, "geometry": {"type": "Point", "coordinates": [75.892344, 22.720403]}}, {"type": "Feature", "properties": {"layer": "vulnerability_pois", "category": "school", "name": "Government Higher Secondary School", "osm_type": "node", "osm_id": 6308538229}, "geometry": {"type": "Point", "coordinates": [75.882546, 22.747534]}}, {"type": "Feature", "properties": {"layer": "vulnerability_pois", "category": "school", "name": "Shaskiya Urdu Madhyamik Vidhalaya", "osm_type": "node", "osm_id": 6308543895}, "geometry": {"type": "Point", "coordinates": [75.916952, 22.737458]}}, {"type": "Feature", "properties": {"layer": "vulnerability_pois", "category": "school", "name": "Government Girls Middle School Number 22", "osm_type": "node", "osm_id": 6308548618}, "geometry": {"type": "Point", "coordinates": [75.879341, 22.717623]}}, {"type": "Feature", "properties": {"layer": "vulnerability_pois", "category": "school", "name": "Shri Tilak Nagar Higher Secondary School And Bal Mandir", "osm_type": "node", "osm_id": 6308577259}, "geometry": {"type": "Point", "coordinates": [75.898455, 22.718834]}}, {"type": "Feature", "properties": {"layer": "vulnerability_pois", "category": "school", "name": "Government Higher Secondary School", "osm_type": "node", "osm_id": 6308596066}, "geometry": {"type": "Point", "coordinates": [75.880938, 22.687607]}}, {"type": "Feature", "properties": {"layer": "vulnerability_pois", "category": "school", "name": "Government Primary School", "osm_type": "node", "osm_id": 6308596068}, "geometry": {"type": "Point", "coordinates": [75.888287, 22.685905]}}, {"type": "Feature", "properties": {"layer": "vulnerability_pois", "category": "school", "name": "Sita Devi Higher Secondary School", "osm_type": "node", "osm_id": 6308596069}, "geometry": {"type": "Point", "coordinates": [75.890508, 22.684281]}}, {"type": "Feature", "properties": {"layer": "vulnerability_pois", "category": "school", "name": "Government Primary School, Palda", "osm_type": "node", "osm_id": 6308596071}, "geometry": {"type": "Point", "coordinates": [75.895572, 22.681183]}}, {"type": "Feature", "properties": {"layer": "vulnerability_pois", "category": "school", "name": "Government High Secondary School", "osm_type": "node", "osm_id": 6308634398}, "geometry": {"type": "Point", "coordinates": [75.885252, 22.73492]}}, {"type": "Feature", "properties": {"layer": "vulnerability_pois", "category": "school", "name": "S.B Public School", "osm_type": "node", "osm_id": 6308736439}, "geometry": {"type": "Point", "coordinates": [75.923316, 22.817661]}}, {"type": "Feature", "properties": {"layer": "vulnerability_pois", "category": "school", "name": "Governmental Secondary Boys School", "osm_type": "node", "osm_id": 6308736440}, "geometry": {"type": "Point", "coordinates": [75.92484, 22.817614]}}, {"type": "Feature", "properties": {"layer": "vulnerability_pois", "category": "school", "name": "Governmental Primary Girls School", "osm_type": "node", "osm_id": 6308736441}, "geometry": {"type": "Point", "coordinates": [75.925258, 22.817396]}}, {"type": "Feature", "properties": {"layer": "vulnerability_pois", "category": "school", "name": "Nav Niketan Public School", "osm_type": "node", "osm_id": 6308736442}, "geometry": {"type": "Point", "coordinates": [75.926117, 22.8202]}}, {"type": "Feature", "properties": {"layer": "vulnerability_pois", "category": "school", "name": "Shri L.K Prajapati Public School", "osm_type": "node", "osm_id": 6308736444}, "geometry": {"type": "Point", "coordinates": [75.900306, 22.789303]}}, {"type": "Feature", "properties": {"layer": "vulnerability_pois", "category": "school", "name": "Anand Isher Panj Pyare Public School", "osm_type": "node", "osm_id": 6308736445}, "geometry": {"type": "Point", "coordinates": [75.905399, 22.786311]}}, {"type": "Feature", "properties": {"layer": "vulnerability_pois", "category": "hospital", "name": "Government Urban Primary Health Center", "osm_type": "node", "osm_id": 6308743062}, "geometry": {"type": "Point", "coordinates": [75.811715, 22.729712]}}, {"type": "Feature", "properties": {"layer": "vulnerability_pois", "category": "school", "name": "Government Secondary School", "osm_type": "node", "osm_id": 6308743063}, "geometry": {"type": "Point", "coordinates": [75.815472, 22.745345]}}, {"type": "Feature", "properties": {"layer": "vulnerability_pois", "category": "school", "name": "Government Higher Secondary School", "osm_type": "node", "osm_id": 6308743064}, "geometry": {"type": "Point", "coordinates": [75.793352, 22.743023]}}, {"type": "Feature", "properties": {"layer": "vulnerability_pois", "category": "school", "name": "Kendra vidhyalaya Kramank 2", "osm_type": "node", "osm_id": 6308743065}, "geometry": {"type": "Point", "coordinates": [75.800702, 22.731991]}}, {"type": "Feature", "properties": {"layer": "vulnerability_pois", "category": "school", "name": "Government Primary School", "osm_type": "node", "osm_id": 6308829880}, "geometry": {"type": "Point", "coordinates": [75.851613, 22.739662]}}, {"type": "Feature", "properties": {"layer": "vulnerability_pois", "category": "school", "name": "Government Primary School", "osm_type": "node", "osm_id": 6308830885}, "geometry": {"type": "Point", "coordinates": [75.849904, 22.745936]}}, {"type": "Feature", "properties": {"layer": "vulnerability_pois", "category": "school", "name": "Government Ahillya Aashram Girls Higher Secondary School 2", "osm_type": "node", "osm_id": 6308830886}, "geometry": {"type": "Point", "coordinates": [75.846691, 22.744701]}}, {"type": "Feature", "properties": {"layer": "vulnerability_pois", "category": "school", "name": "Government Central School", "osm_type": "node", "osm_id": 6308830887}, "geometry": {"type": "Point", "coordinates": [75.832357, 22.732597]}}, {"type": "Feature", "properties": {"layer": "vulnerability_pois", "category": "elderly_care", "name": "Neetu Yadav Aanganwadi", "osm_type": "node", "osm_id": 6309770169}, "geometry": {"type": "Point", "coordinates": [75.907924, 22.775082]}}, {"type": "Feature", "properties": {"layer": "vulnerability_pois", "category": "school", "name": "Shaskiya Prathmik Vidhlaya No 30", "osm_type": "node", "osm_id": 6309770174}, "geometry": {"type": "Point", "coordinates": [75.894781, 22.765773]}}, {"type": "Feature", "properties": {"layer": "vulnerability_pois", "category": "school", "name": "St. Paul Institute Of Professional Studies", "osm_type": "node", "osm_id": 6309999534}, "geometry": {"type": "Point", "coordinates": [75.889177, 22.714301]}}, {"type": "Feature", "properties": {"layer": "vulnerability_pois", "category": "school", "name": "Government High Secondary School", "osm_type": "node", "osm_id": 6310883190}, "geometry": {"type": "Point", "coordinates": [75.892009, 22.762374]}}, {"type": "Feature", "properties": {"layer": "vulnerability_pois", "category": "school", "name": "Government High School", "osm_type": "node", "osm_id": 6310883191}, "geometry": {"type": "Point", "coordinates": [75.891064, 22.765013]}}, {"type": "Feature", "properties": {"layer": "vulnerability_pois", "category": "school", "name": "Government Girls Secondary School", "osm_type": "node", "osm_id": 6310900739}, "geometry": {"type": "Point", "coordinates": [75.902944, 22.731834]}}, {"type": "Feature", "properties": {"layer": "vulnerability_pois", "category": "school", "name": "Government Higher Secondary School", "osm_type": "node", "osm_id": 6310900740}, "geometry": {"type": "Point", "coordinates": [75.901338, 22.73312]}}, {"type": "Feature", "properties": {"layer": "vulnerability_pois", "category": "school", "name": "Goverment Primary School", "osm_type": "node", "osm_id": 6313673733}, "geometry": {"type": "Point", "coordinates": [75.881158, 22.673942]}}, {"type": "Feature", "properties": {"layer": "vulnerability_pois", "category": "school", "name": "Government Primary School", "osm_type": "node", "osm_id": 6313673736}, "geometry": {"type": "Point", "coordinates": [75.863034, 22.676362]}}, {"type": "Feature", "properties": {"layer": "vulnerability_pois", "category": "school", "name": "Government Primary School", "osm_type": "node", "osm_id": 6313673738}, "geometry": {"type": "Point", "coordinates": [75.913548, 22.791479]}}, {"type": "Feature", "properties": {"layer": "vulnerability_pois", "category": "school", "name": "Government Primary School", "osm_type": "node", "osm_id": 6313673751}, "geometry": {"type": "Point", "coordinates": [75.909357, 22.782892]}}, {"type": "Feature", "properties": {"layer": "vulnerability_pois", "category": "school", "name": "Shaskiya Prathmik Vidyalaya", "osm_type": "node", "osm_id": 6313709726}, "geometry": {"type": "Point", "coordinates": [75.79241, 22.73909]}}, {"type": "Feature", "properties": {"layer": "vulnerability_pois", "category": "school", "name": "Shaskiya Prathmik vidaylaya bijasan shetra", "osm_type": "node", "osm_id": 6313709727}, "geometry": {"type": "Point", "coordinates": [75.802267, 22.731805]}}, {"type": "Feature", "properties": {"layer": "vulnerability_pois", "category": "school", "name": "Shaskiya Prathmik Vidyalaya Kramank 37", "osm_type": "node", "osm_id": 6313709731}, "geometry": {"type": "Point", "coordinates": [75.82163, 22.724713]}}, {"type": "Feature", "properties": {"layer": "vulnerability_pois", "category": "school", "name": "Ramakrishna Mission Vidhyapeeth", "osm_type": "node", "osm_id": 6313709732}, "geometry": {"type": "Point", "coordinates": [75.840119, 22.72655]}}, {"type": "Feature", "properties": {"layer": "vulnerability_pois", "category": "school", "name": "Shaskiya Prathmik Vidyalaya", "osm_type": "node", "osm_id": 6313709737}, "geometry": {"type": "Point", "coordinates": [75.826943, 22.731998]}}, {"type": "Feature", "properties": {"layer": "vulnerability_pois", "category": "school", "name": "Vedaant Pre School", "osm_type": "node", "osm_id": 6318262702}, "geometry": {"type": "Point", "coordinates": [75.857125, 22.708341]}}, {"type": "Feature", "properties": {"layer": "vulnerability_pois", "category": "school", "name": "Shaskiya High School", "osm_type": "node", "osm_id": 6318339102}, "geometry": {"type": "Point", "coordinates": [75.858375, 22.7096]}}, {"type": "Feature", "properties": {"layer": "vulnerability_pois", "category": "school", "name": "Indira Vidya Sagar School", "osm_type": "node", "osm_id": 6318449476}, "geometry": {"type": "Point", "coordinates": [75.854424, 22.706101]}}, {"type": "Feature", "properties": {"layer": "vulnerability_pois", "category": "school", "name": "Bal Shiksha Mandir School", "osm_type": "node", "osm_id": 6318695948}, "geometry": {"type": "Point", "coordinates": [75.848881, 22.714155]}}, {"type": "Feature", "properties": {"layer": "vulnerability_pois", "category": "school", "name": "Shishu Vihar Rambagh School", "osm_type": "node", "osm_id": 6318830342}, "geometry": {"type": "Point", "coordinates": [75.857845, 22.725017]}}, {"type": "Feature", "properties": {"layer": "vulnerability_pois", "category": "school", "name": "Sandipani School", "osm_type": "node", "osm_id": 6320247474}, "geometry": {"type": "Point", "coordinates": [75.854671, 22.72903]}}, {"type": "Feature", "properties": {"layer": "vulnerability_pois", "category": "school", "name": "Shaskiya Madhyamik Vidhyalay Kramak 52", "osm_type": "node", "osm_id": 6320975291}, "geometry": {"type": "Point", "coordinates": [75.858301, 22.713742]}}, {"type": "Feature", "properties": {"layer": "vulnerability_pois", "category": "hospital", "name": "Satguru Nursing Home", "osm_type": "node", "osm_id": 6341128814}, "geometry": {"type": "Point", "coordinates": [75.859379, 22.747177]}}, {"type": "Feature", "properties": {"layer": "vulnerability_pois", "category": "hospital", "name": "Aman Hospital", "osm_type": "node", "osm_id": 6341135653}, "geometry": {"type": "Point", "coordinates": [75.864299, 22.724376]}}, {"type": "Feature", "properties": {"layer": "vulnerability_pois", "category": "hospital", "name": "Harlalka Nursing Home", "osm_type": "node", "osm_id": 6341141125}, "geometry": {"type": "Point", "coordinates": [75.848084, 22.719868]}}, {"type": "Feature", "properties": {"layer": "vulnerability_pois", "category": "hospital", "name": "Dr Makhani Clinic", "osm_type": "node", "osm_id": 6341147580}, "geometry": {"type": "Point", "coordinates": [75.859876, 22.705329]}}, {"type": "Feature", "properties": {"layer": "vulnerability_pois", "category": "hospital", "name": "Pushpshri Hospital And Research Center", "osm_type": "node", "osm_id": 6341168746}, "geometry": {"type": "Point", "coordinates": [75.880098, 22.696226]}}, {"type": "Feature", "properties": {"layer": "vulnerability_pois", "category": "hospital", "name": "Minesh Hopital", "osm_type": "node", "osm_id": 6341173379}, "geometry": {"type": "Point", "coordinates": [75.880923, 22.694495]}}, {"type": "Feature", "properties": {"layer": "vulnerability_pois", "category": "hospital", "name": "Medipearl Hospital", "osm_type": "node", "osm_id": 6341177979}, "geometry": {"type": "Point", "coordinates": [75.881409, 22.690126]}}, {"type": "Feature", "properties": {"layer": "vulnerability_pois", "category": "hospital", "name": "Dashmesh Hospital", "osm_type": "node", "osm_id": 6341181091}, "geometry": {"type": "Point", "coordinates": [75.864102, 22.684368]}}, {"type": "Feature", "properties": {"layer": "vulnerability_pois", "category": "hospital", "name": "Akash Hospital", "osm_type": "node", "osm_id": 6341182797}, "geometry": {"type": "Point", "coordinates": [75.921255, 22.702699]}}, {"type": "Feature", "properties": {"layer": "vulnerability_pois", "category": "hospital", "name": "Aishwarya Hospital", "osm_type": "node", "osm_id": 6341182798}, "geometry": {"type": "Point", "coordinates": [75.916167, 22.701243]}}, {"type": "Feature", "properties": {"layer": "vulnerability_pois", "category": "hospital", "name": "M J Memorial Hospital", "osm_type": "node", "osm_id": 6341186785}, "geometry": {"type": "Point", "coordinates": [75.85456, 22.697504]}}, {"type": "Feature", "properties": {"layer": "vulnerability_pois", "category": "hospital", "name": "Nahar Nursing Home", "osm_type": "node", "osm_id": 6341186786}, "geometry": {"type": "Point", "coordinates": [75.902623, 22.720414]}}, {"type": "Feature", "properties": {"layer": "vulnerability_pois", "category": "hospital", "name": "Mayur Hospital, Indore", "osm_type": "node", "osm_id": 6341186787}, "geometry": {"type": "Point", "coordinates": [75.906103, 22.724809]}}, {"type": "Feature", "properties": {"layer": "vulnerability_pois", "category": "hospital", "name": "Mediplus Hospital and Research Centre", "osm_type": "node", "osm_id": 6341186789}, "geometry": {"type": "Point", "coordinates": [75.878899, 22.759468]}}, {"type": "Feature", "properties": {"layer": "vulnerability_pois", "category": "hospital", "name": "Nanda Nagar Hospital", "osm_type": "node", "osm_id": 6341186790}, "geometry": {"type": "Point", "coordinates": [75.878105, 22.748104]}}, {"type": "Feature", "properties": {"layer": "vulnerability_pois", "category": "hospital", "name": "Pranshu Hospital", "osm_type": "node", "osm_id": 6341213502}, "geometry": {"type": "Point", "coordinates": [75.905938, 22.69802]}}, {"type": "Feature", "properties": {"layer": "vulnerability_pois", "category": "hospital", "name": "Aarogya Hospital", "osm_type": "node", "osm_id": 6341213503}, "geometry": {"type": "Point", "coordinates": [75.881097, 22.696839]}}, {"type": "Feature", "properties": {"layer": "vulnerability_pois", "category": "hospital", "name": "Apoorva Nursing Home", "osm_type": "node", "osm_id": 6341213504}, "geometry": {"type": "Point", "coordinates": [75.872238, 22.701305]}}, {"type": "Feature", "properties": {"layer": "vulnerability_pois", "category": "hospital", "name": "Mission Hospital", "osm_type": "node", "osm_id": 6341218265}, "geometry": {"type": "Point", "coordinates": [75.871782, 22.711285]}}, {"type": "Feature", "properties": {"layer": "vulnerability_pois", "category": "hospital", "name": "Aarogya Hospital", "osm_type": "node", "osm_id": 6341224185}, "geometry": {"type": "Point", "coordinates": [75.854486, 22.713448]}}, {"type": "Feature", "properties": {"layer": "vulnerability_pois", "category": "hospital", "name": "M J Memorial Hospital", "osm_type": "node", "osm_id": 6341229519}, "geometry": {"type": "Point", "coordinates": [75.862982, 22.68603]}}, {"type": "Feature", "properties": {"layer": "vulnerability_pois", "category": "hospital", "name": "Akole Nursing Home", "osm_type": "node", "osm_id": 6341385258}, "geometry": {"type": "Point", "coordinates": [75.868827, 22.746032]}}, {"type": "Feature", "properties": {"layer": "vulnerability_pois", "category": "hospital", "name": "Swasthiya Kendra Evam Prastuti Grah", "osm_type": "node", "osm_id": 6341385259}, "geometry": {"type": "Point", "coordinates": [75.877861, 22.744294]}}, {"type": "Feature", "properties": {"layer": "vulnerability_pois", "category": "hospital", "name": "Saroj Nursing Home", "osm_type": "node", "osm_id": 6341385260}, "geometry": {"type": "Point", "coordinates": [75.87898, 22.741909]}}, {"type": "Feature", "properties": {"layer": "vulnerability_pois", "category": "hospital", "name": "Dr. S G Raysindhyani", "osm_type": "node", "osm_id": 6341385261}, "geometry": {"type": "Point", "coordinates": [75.888807, 22.735578]}}, {"type": "Feature", "properties": {"layer": "vulnerability_pois", "category": "hospital", "name": "Lady Halima Hospital And Research Center", "osm_type": "node", "osm_id": 6341385262}, "geometry": {"type": "Point", "coordinates": [75.91203, 22.731565]}}, {"type": "Feature", "properties": {"layer": "vulnerability_pois", "category": "hospital", "name": "Shaskiya Kalyanmal Nursing Home", "osm_type": "node", "osm_id": 6341405879}, "geometry": {"type": "Point", "coordinates": [75.889768, 22.726548]}}, {"type": "Feature", "properties": {"layer": "vulnerability_pois", "category": "hospital", "name": "MSJ Hospital", "osm_type": "node", "osm_id": 6341415158}, "geometry": {"type": "Point", "coordinates": [75.900954, 22.721748]}}, {"type": "Feature", "properties": {"layer": "vulnerability_pois", "category": "hospital", "name": "Angel Hospital", "osm_type": "node", "osm_id": 6341431208}, "geometry": {"type": "Point", "coordinates": [75.906609, 22.718132]}}, {"type": "Feature", "properties": {"layer": "vulnerability_pois", "category": "hospital", "name": "Jain Nursing Home", "osm_type": "node", "osm_id": 6341435447}, "geometry": {"type": "Point", "coordinates": [75.870847, 22.719197]}}, {"type": "Feature", "properties": {"layer": "vulnerability_pois", "category": "hospital", "name": "Sahaj Hospital", "osm_type": "node", "osm_id": 6341578929}, "geometry": {"type": "Point", "coordinates": [75.875454, 22.716617]}}, {"type": "Feature", "properties": {"layer": "vulnerability_pois", "category": "hospital", "name": "Bhoraskar Hospital", "osm_type": "node", "osm_id": 6341578930}, "geometry": {"type": "Point", "coordinates": [75.875773, 22.718425]}}, {"type": "Feature", "properties": {"layer": "vulnerability_pois", "category": "hospital", "name": "Global Sng Hospital - Indore", "osm_type": "node", "osm_id": 6341578931}, "geometry": {"type": "Point", "coordinates": [75.881737, 22.720317]}}, {"type": "Feature", "properties": {"layer": "vulnerability_pois", "category": "hospital", "name": "Govindram Saxeriya Charitable Trust Hospital", "osm_type": "node", "osm_id": 6341578932}, "geometry": {"type": "Point", "coordinates": [75.874938, 22.730796]}}, {"type": "Feature", "properties": {"layer": "vulnerability_pois", "category": "hospital", "name": "Sarvodaya Hospital", "osm_type": "node", "osm_id": 6341578934}, "geometry": {"type": "Point", "coordinates": [75.885304, 22.727242]}}, {"type": "Feature", "properties": {"layer": "vulnerability_pois", "category": "hospital", "name": "Sunshine Hospital", "osm_type": "node", "osm_id": 6341578935}, "geometry": {"type": "Point", "coordinates": [75.906396, 22.733157]}}, {"type": "Feature", "properties": {"layer": "vulnerability_pois", "category": "hospital", "name": "Al- Hayat Prasuti Grah and Surgical Centre", "osm_type": "node", "osm_id": 6341578936}, "geometry": {"type": "Point", "coordinates": [75.912616, 22.731827]}}, {"type": "Feature", "properties": {"layer": "vulnerability_pois", "category": "hospital", "name": "Indore Maternity and ENT Centre", "osm_type": "node", "osm_id": 6341578937}, "geometry": {"type": "Point", "coordinates": [75.9143, 22.732782]}}, {"type": "Feature", "properties": {"layer": "vulnerability_pois", "category": "hospital", "name": "Dr. Waghmare Nursing Home", "osm_type": "node", "osm_id": 6341580970}, "geometry": {"type": "Point", "coordinates": [75.855129, 22.716461]}}, {"type": "Feature", "properties": {"layer": "vulnerability_pois", "category": "hospital", "name": "Seva Clinic", "osm_type": "node", "osm_id": 6341580971}, "geometry": {"type": "Point", "coordinates": [75.850436, 22.724604]}}, {"type": "Feature", "properties": {"layer": "vulnerability_pois", "category": "hospital", "name": "Dr Suresh Maheshwari", "osm_type": "node", "osm_id": 6341580972}, "geometry": {"type": "Point", "coordinates": [75.847115, 22.715481]}}, {"type": "Feature", "properties": {"layer": "vulnerability_pois", "category": "hospital", "name": "Kalantri Nursing Home,Indore", "osm_type": "node", "osm_id": 6341580974}, "geometry": {"type": "Point", "coordinates": [75.844083, 22.715428]}}, {"type": "Feature", "properties": {"layer": "vulnerability_pois", "category": "hospital", "name": "Eazy Care Hospital", "osm_type": "node", "osm_id": 6341580975}, "geometry": {"type": "Point", "coordinates": [75.840407, 22.717246]}}, {"type": "Feature", "properties": {"layer": "vulnerability_pois", "category": "hospital", "name": "Health Care Clinic", "osm_type": "node", "osm_id": 6341580977}, "geometry": {"type": "Point", "coordinates": [75.835284, 22.721528]}}, {"type": "Feature", "properties": {"layer": "vulnerability_pois", "category": "hospital", "name": "Nirmal Care Hospital", "osm_type": "node", "osm_id": 6341580978}, "geometry": {"type": "Point", "coordinates": [75.825416, 22.724665]}}, {"type": "Feature", "properties": {"layer": "vulnerability_pois", "category": "school", "name": "Gyan Jyoti public School", "osm_type": "node", "osm_id": 6341713310}, "geometry": {"type": "Point", "coordinates": [75.861007, 22.757852]}}, {"type": "Feature", "properties": {"layer": "vulnerability_pois", "category": "hospital", "name": "Prime Care Hospital", "osm_type": "node", "osm_id": 6341853313}, "geometry": {"type": "Point", "coordinates": [75.874726, 22.761931]}}, {"type": "Feature", "properties": {"layer": "vulnerability_pois", "category": "hospital", "name": "Birla Hospital", "osm_type": "node", "osm_id": 6341860695}, "geometry": {"type": "Point", "coordinates": [75.862641, 22.755458]}}, {"type": "Feature", "properties": {"layer": "vulnerability_pois", "category": "hospital", "name": "Kibs Hospital", "osm_type": "node", "osm_id": 6341865025}, "geometry": {"type": "Point", "coordinates": [75.911993, 22.756938]}}, {"type": "Feature", "properties": {"layer": "vulnerability_pois", "category": "hospital", "name": "\u0905\u0930\u094d\u092a\u0923 \u0928\u0930\u094d\u0938\u093f\u0902\u0917 \u0939\u094b\u092e", "osm_type": "node", "osm_id": 6341878320}, "geometry": {"type": "Point", "coordinates": [75.855451, 22.720249]}}, {"type": "Feature", "properties": {"layer": "vulnerability_pois", "category": "school", "name": "Little Angels Convent Higher Secondary School", "osm_type": "node", "osm_id": 6372166325}, "geometry": {"type": "Point", "coordinates": [75.900947, 22.715453]}}, {"type": "Feature", "properties": {"layer": "vulnerability_pois", "category": "school", "name": "Shree Krishna Public School", "osm_type": "node", "osm_id": 6372177284}, "geometry": {"type": "Point", "coordinates": [75.900109, 22.718908]}}, {"type": "Feature", "properties": {"layer": "vulnerability_pois", "category": "school", "name": "KidzShala Pre School And Day Care", "osm_type": "node", "osm_id": 6372183617}, "geometry": {"type": "Point", "coordinates": [75.897126, 22.721791]}}, {"type": "Feature", "properties": {"layer": "vulnerability_pois", "category": "school", "name": "Sunrise Nursery Play School", "osm_type": "node", "osm_id": 6372193589}, "geometry": {"type": "Point", "coordinates": [75.893624, 22.721866]}}, {"type": "Feature", "properties": {"layer": "vulnerability_pois", "category": "school", "name": "Mini Heights", "osm_type": "node", "osm_id": 6372198495}, "geometry": {"type": "Point", "coordinates": [75.896501, 22.72729]}}, {"type": "Feature", "properties": {"layer": "vulnerability_pois", "category": "school", "name": "Tagore Public School", "osm_type": "node", "osm_id": 6372209219}, "geometry": {"type": "Point", "coordinates": [75.913976, 22.71759]}}, {"type": "Feature", "properties": {"layer": "vulnerability_pois", "category": "school", "name": "Adarsh Shishu Vihar Higher Secondary School", "osm_type": "node", "osm_id": 6372218284}, "geometry": {"type": "Point", "coordinates": [75.914679, 22.716338]}}, {"type": "Feature", "properties": {"layer": "vulnerability_pois", "category": "school", "name": "Shri Cloth Market Vaishnav Higher Secondary School", "osm_type": "node", "osm_id": 6373826353}, "geometry": {"type": "Point", "coordinates": [75.842552, 22.713499]}}, {"type": "Feature", "properties": {"layer": "vulnerability_pois", "category": "school", "name": "M. B. Khalsa High School", "osm_type": "node", "osm_id": 6373826355}, "geometry": {"type": "Point", "coordinates": [75.840332, 22.714879]}}, {"type": "Feature", "properties": {"layer": "vulnerability_pois", "category": "school", "name": "Government Sharada Kanya Higher Secondary School", "osm_type": "node", "osm_id": 6373826356}, "geometry": {"type": "Point", "coordinates": [75.841139, 22.720947]}}, {"type": "Feature", "properties": {"layer": "vulnerability_pois", "category": "school", "name": "Government Subhash Higher Secondary School", "osm_type": "node", "osm_id": 6373826357}, "geometry": {"type": "Point", "coordinates": [75.843183, 22.722476]}}, {"type": "Feature", "properties": {"layer": "vulnerability_pois", "category": "school", "name": "Police Public School", "osm_type": "node", "osm_id": 6373826358}, "geometry": {"type": "Point", "coordinates": [75.845939, 22.731288]}}, {"type": "Feature", "properties": {"layer": "vulnerability_pois", "category": "school", "name": "Vimal Higher Secondary school", "osm_type": "node", "osm_id": 6373826359}, "geometry": {"type": "Point", "coordinates": [75.847832, 22.733382]}}, {"type": "Feature", "properties": {"layer": "vulnerability_pois", "category": "school", "name": "Kids Kemp School", "osm_type": "node", "osm_id": 6373826360}, "geometry": {"type": "Point", "coordinates": [75.822967, 22.720761]}}, {"type": "Feature", "properties": {"layer": "vulnerability_pois", "category": "school", "name": "Vijay Mateshwari Bal Mandir (VMB) Academy", "osm_type": "node", "osm_id": 6373826362}, "geometry": {"type": "Point", "coordinates": [75.829064, 22.733101]}}, {"type": "Feature", "properties": {"layer": "vulnerability_pois", "category": "school", "name": "St. Sebastian's Higher Secondary School", "osm_type": "node", "osm_id": 6373826363}, "geometry": {"type": "Point", "coordinates": [75.834703, 22.739071]}}, {"type": "Feature", "properties": {"layer": "vulnerability_pois", "category": "school", "name": "Shri-G International School", "osm_type": "node", "osm_id": 6373826364}, "geometry": {"type": "Point", "coordinates": [75.820202, 22.737092]}}, {"type": "Feature", "properties": {"layer": "vulnerability_pois", "category": "school", "name": "Sandipani Vidya Vihar", "osm_type": "node", "osm_id": 6373826365}, "geometry": {"type": "Point", "coordinates": [75.820545, 22.744733]}}, {"type": "Feature", "properties": {"layer": "vulnerability_pois", "category": "school", "name": "The Vedansh International School", "osm_type": "node", "osm_id": 6373826366}, "geometry": {"type": "Point", "coordinates": [75.815748, 22.737899]}}, {"type": "Feature", "properties": {"layer": "vulnerability_pois", "category": "school", "name": "National Public School", "osm_type": "node", "osm_id": 6373826367}, "geometry": {"type": "Point", "coordinates": [75.807627, 22.733425]}}, {"type": "Feature", "properties": {"layer": "vulnerability_pois", "category": "school", "name": "Government Hindi Unnat MS no. 37", "osm_type": "node", "osm_id": 6373826368}, "geometry": {"type": "Point", "coordinates": [75.812455, 22.748959]}}, {"type": "Feature", "properties": {"layer": "vulnerability_pois", "category": "school", "name": "Government Primary School Gandhi Nagar", "osm_type": "node", "osm_id": 6373826369}, "geometry": {"type": "Point", "coordinates": [75.801837, 22.74616]}}, {"type": "Feature", "properties": {"layer": "vulnerability_pois", "category": "school", "name": "Sun Shine School", "osm_type": "node", "osm_id": 6373826371}, "geometry": {"type": "Point", "coordinates": [75.789788, 22.738967]}}, {"type": "Feature", "properties": {"layer": "vulnerability_pois", "category": "school", "name": "Government Middle School, Dilipnagar Nainod", "osm_type": "node", "osm_id": 6373826372}, "geometry": {"type": "Point", "coordinates": [75.77863, 22.719569]}}, {"type": "Feature", "properties": {"layer": "vulnerability_pois", "category": "school", "name": "Government Primary School Bheslay", "osm_type": "node", "osm_id": 6374194255}, "geometry": {"type": "Point", "coordinates": [75.749866, 22.626601]}}, {"type": "Feature", "properties": {"layer": "vulnerability_pois", "category": "school", "name": "LNCT World School 98", "osm_type": "node", "osm_id": 6374221793}, "geometry": {"type": "Point", "coordinates": [75.755162, 22.62627]}}, {"type": "Feature", "properties": {"layer": "vulnerability_pois", "category": "school", "name": "Government Higher Secondary School Pigdamber", "osm_type": "node", "osm_id": 6374225218}, "geometry": {"type": "Point", "coordinates": [75.794824, 22.618158]}}, {"type": "Feature", "properties": {"layer": "vulnerability_pois", "category": "school", "name": "Government Girls Secondary School Pigdamber", "osm_type": "node", "osm_id": 6374238925}, "geometry": {"type": "Point", "coordinates": [75.794529, 22.618522]}}, {"type": "Feature", "properties": {"layer": "vulnerability_pois", "category": "school", "name": "Prerna Public High School", "osm_type": "node", "osm_id": 6374247361}, "geometry": {"type": "Point", "coordinates": [75.805503, 22.630815]}}, {"type": "Feature", "properties": {"layer": "vulnerability_pois", "category": "school", "name": "Sankul Government Girls Higher Secondary School Rau", "osm_type": "node", "osm_id": 6374253409}, "geometry": {"type": "Point", "coordinates": [75.810148, 22.635497]}}, {"type": "Feature", "properties": {"layer": "vulnerability_pois", "category": "school", "name": "Government Secondary School Gurukul Rau", "osm_type": "node", "osm_id": 6374255270}, "geometry": {"type": "Point", "coordinates": [75.804487, 22.639641]}}, {"type": "Feature", "properties": {"layer": "vulnerability_pois", "category": "school", "name": "Golden International School", "osm_type": "node", "osm_id": 6374265139}, "geometry": {"type": "Point", "coordinates": [75.806826, 22.647949]}}, {"type": "Feature", "properties": {"layer": "vulnerability_pois", "category": "school", "name": "St Norbert Church And School", "osm_type": "node", "osm_id": 6374269428}, "geometry": {"type": "Point", "coordinates": [75.806082, 22.655605]}}, {"type": "Feature", "properties": {"layer": "vulnerability_pois", "category": "school", "name": "Sunshine Academy", "osm_type": "node", "osm_id": 6374272913}, "geometry": {"type": "Point", "coordinates": [75.813732, 22.665899]}}, {"type": "Feature", "properties": {"layer": "vulnerability_pois", "category": "school", "name": "Government Hindi Primary School Sukhnivas", "osm_type": "node", "osm_id": 6374276649}, "geometry": {"type": "Point", "coordinates": [75.796966, 22.671588]}}, {"type": "Feature", "properties": {"layer": "vulnerability_pois", "category": "school", "name": "Government Primary School Sukhnivas", "osm_type": "node", "osm_id": 6374280895}, "geometry": {"type": "Point", "coordinates": [75.797922, 22.672613]}}, {"type": "Feature", "properties": {"layer": "vulnerability_pois", "category": "school", "name": "Government Higher Secondary School Ahir Khedi", "osm_type": "node", "osm_id": 6374284855}, "geometry": {"type": "Point", "coordinates": [75.810363, 22.679719]}}, {"type": "Feature", "properties": {"layer": "vulnerability_pois", "category": "school", "name": "Shishukunj Pre School", "osm_type": "node", "osm_id": 6374294779}, "geometry": {"type": "Point", "coordinates": [75.932645, 22.707882]}}, {"type": "Feature", "properties": {"layer": "vulnerability_pois", "category": "school", "name": "Government Primary And Secondary School Bicholi", "osm_type": "node", "osm_id": 6374307997}, "geometry": {"type": "Point", "coordinates": [75.92794, 22.696361]}}, {"type": "Feature", "properties": {"layer": "vulnerability_pois", "category": "school", "name": "Government Urdu Girls Secondary School Hathipala", "osm_type": "node", "osm_id": 6374320001}, "geometry": {"type": "Point", "coordinates": [75.86324, 22.714202]}}, {"type": "Feature", "properties": {"layer": "vulnerability_pois", "category": "school", "name": "Government Urdu Girls Higher Secondary School Hathipala", "osm_type": "node", "osm_id": 6374328396}, "geometry": {"type": "Point", "coordinates": [75.863311, 22.713944]}}, {"type": "Feature", "properties": {"layer": "vulnerability_pois", "category": "school", "name": "Government Boys Urdu Secondary School Nayapura", "osm_type": "node", "osm_id": 6374333981}, "geometry": {"type": "Point", "coordinates": [75.865961, 22.724542]}}, {"type": "Feature", "properties": {"layer": "vulnerability_pois", "category": "school", "name": "Government High School No 03 Paganis Paga", "osm_type": "node", "osm_id": 6374340783}, "geometry": {"type": "Point", "coordinates": [75.858713, 22.709654]}}, {"type": "Feature", "properties": {"layer": "vulnerability_pois", "category": "school", "name": "Government New Urdu Girls School Moti Tabela", "osm_type": "node", "osm_id": 6374343319}, "geometry": {"type": "Point", "coordinates": [75.855089, 22.711982]}}, {"type": "Feature", "properties": {"layer": "vulnerability_pois", "category": "school", "name": "Government Malav Girls Higher Secondary School Moti Tabela", "osm_type": "node", "osm_id": 6374346846}, "geometry": {"type": "Point", "coordinates": [75.852599, 22.707771]}}, {"type": "Feature", "properties": {"layer": "vulnerability_pois", "category": "school", "name": "Shree Bal Vinay Mandir", "osm_type": "node", "osm_id": 6374348740}, "geometry": {"type": "Point", "coordinates": [75.847549, 22.710429]}}, {"type": "Feature", "properties": {"layer": "vulnerability_pois", "category": "school", "name": "Deaf Dumb And Blind School \"\"Sewa Mandir\"", "osm_type": "node", "osm_id": 6374358201}, "geometry": {"type": "Point", "coordinates": [75.864266, 22.704573]}}, {"type": "Feature", "properties": {"layer": "vulnerability_pois", "category": "school", "name": "Malviya Samaj Vidhya Niketan Jaagrati Nagar", "osm_type": "node", "osm_id": 6374361885}, "geometry": {"type": "Point", "coordinates": [75.865105, 22.704534]}}, {"type": "Feature", "properties": {"layer": "vulnerability_pois", "category": "school", "name": "Swami Haridas Udaasi Government High School Sindhi Colony", "osm_type": "node", "osm_id": 6374363112}, "geometry": {"type": "Point", "coordinates": [75.864138, 22.702599]}}, {"type": "Feature", "properties": {"layer": "vulnerability_pois", "category": "school", "name": "Government Primary School Lasudiya Mori", "osm_type": "node", "osm_id": 6374364875}, "geometry": {"type": "Point", "coordinates": [75.909175, 22.782789]}}, {"type": "Feature", "properties": {"layer": "vulnerability_pois", "category": "school", "name": "Government Secondary School Lasudiya Mori", "osm_type": "node", "osm_id": 6374366647}, "geometry": {"type": "Point", "coordinates": [75.909412, 22.78334]}}, {"type": "Feature", "properties": {"layer": "vulnerability_pois", "category": "school", "name": "Government Secondary School Talavali Chaanda", "osm_type": "node", "osm_id": 6374369528}, "geometry": {"type": "Point", "coordinates": [75.910589, 22.796233]}}, {"type": "Feature", "properties": {"layer": "vulnerability_pois", "category": "school", "name": "G D Goenka Public School", "osm_type": "node", "osm_id": 6374370255}, "geometry": {"type": "Point", "coordinates": [75.94332, 22.813261]}}, {"type": "Feature", "properties": {"layer": "vulnerability_pois", "category": "school", "name": "Government Primary Schools Talavali Chaanda", "osm_type": "node", "osm_id": 6374378195}, "geometry": {"type": "Point", "coordinates": [75.911813, 22.798398]}}, {"type": "Feature", "properties": {"layer": "vulnerability_pois", "category": "school", "name": "Laurels School International Pre School", "osm_type": "node", "osm_id": 6374382720}, "geometry": {"type": "Point", "coordinates": [75.914599, 22.797989]}}, {"type": "Feature", "properties": {"layer": "vulnerability_pois", "category": "school", "name": "Government Primary School Dhaabli", "osm_type": "node", "osm_id": 6374395710}, "geometry": {"type": "Point", "coordinates": [75.9087, 22.81146]}}, {"type": "Feature", "properties": {"layer": "vulnerability_pois", "category": "school", "name": "Government Hindi Secondary School Dhaabli", "osm_type": "node", "osm_id": 6374398640}, "geometry": {"type": "Point", "coordinates": [75.908654, 22.811858]}}, {"type": "Feature", "properties": {"layer": "vulnerability_pois", "category": "school", "name": "S B School Manglia", "osm_type": "node", "osm_id": 6374407284}, "geometry": {"type": "Point", "coordinates": [75.923447, 22.817745]}}, {"type": "Feature", "properties": {"layer": "vulnerability_pois", "category": "school", "name": "Government Higher Secondary School Manglia", "osm_type": "node", "osm_id": 6374412819}, "geometry": {"type": "Point", "coordinates": [75.924307, 22.817899]}}, {"type": "Feature", "properties": {"layer": "vulnerability_pois", "category": "school", "name": "Saraswati Shishu Mandir Manglia", "osm_type": "node", "osm_id": 6374419639}, "geometry": {"type": "Point", "coordinates": [75.925304, 22.817893]}}, {"type": "Feature", "properties": {"layer": "vulnerability_pois", "category": "school", "name": "Government Primary And Secondary School Manglia", "osm_type": "node", "osm_id": 6374425452}, "geometry": {"type": "Point", "coordinates": [75.92493, 22.817462]}}, {"type": "Feature", "properties": {"layer": "vulnerability_pois", "category": "school", "name": "Government Malav Girls Higher Secondary School", "osm_type": "node", "osm_id": 6374426995}, "geometry": {"type": "Point", "coordinates": [75.852509, 22.707469]}}, {"type": "Feature", "properties": {"layer": "vulnerability_pois", "category": "school", "name": "Government Girls School Booth No. 39", "osm_type": "node", "osm_id": 6374426996}, "geometry": {"type": "Point", "coordinates": [75.847749, 22.715009]}}, {"type": "Feature", "properties": {"layer": "vulnerability_pois", "category": "school", "name": "Nayapitha Urdu School", "osm_type": "node", "osm_id": 6374426997}, "geometry": {"type": "Point", "coordinates": [75.851697, 22.71372]}}, {"type": "Feature", "properties": {"layer": "vulnerability_pois", "category": "school", "name": "Government Rajat Jayanti Girls Higher Secondary School", "osm_type": "node", "osm_id": 6374426998}, "geometry": {"type": "Point", "coordinates": [75.864399, 22.711414]}}, {"type": "Feature", "properties": {"layer": "vulnerability_pois", "category": "school", "name": "Government Primary School Number 28", "osm_type": "node", "osm_id": 6374426999}, "geometry": {"type": "Point", "coordinates": [75.857318, 22.719571]}}, {"type": "Feature", "properties": {"layer": "vulnerability_pois", "category": "school", "name": "Govt Navin Malaw Girls High School Indore", "osm_type": "node", "osm_id": 6374427000}, "geometry": {"type": "Point", "coordinates": [75.857626, 22.721009]}}, {"type": "Feature", "properties": {"layer": "vulnerability_pois", "category": "school", "name": "Government Higher Secondary School Vivekanand", "osm_type": "node", "osm_id": 6374427001}, "geometry": {"type": "Point", "coordinates": [75.856653, 22.719853]}}, {"type": "Feature", "properties": {"layer": "vulnerability_pois", "category": "school", "name": "Kasturba Girls Higher Secondary School", "osm_type": "node", "osm_id": 6374427002}, "geometry": {"type": "Point", "coordinates": [75.854339, 22.720617]}}, {"type": "Feature", "properties": {"layer": "vulnerability_pois", "category": "school", "name": "Government Maharaja Shivaji Rao Higher Secondary School", "osm_type": "node", "osm_id": 6374427003}, "geometry": {"type": "Point", "coordinates": [75.86108, 22.724461]}}, {"type": "Feature", "properties": {"layer": "vulnerability_pois", "category": "school", "name": "Government Hindi Kanya Madhyamik Vidhyalaya", "osm_type": "node", "osm_id": 6374427004}, "geometry": {"type": "Point", "coordinates": [75.859509, 22.725052]}}, {"type": "Feature", "properties": {"layer": "vulnerability_pois", "category": "school", "name": "Nutan Government Higher Secondary School", "osm_type": "node", "osm_id": 6374427005}, "geometry": {"type": "Point", "coordinates": [75.86226, 22.727966]}}, {"type": "Feature", "properties": {"layer": "vulnerability_pois", "category": "school", "name": "Sashkiya Prathmik Vidhyalaya", "osm_type": "node", "osm_id": 6374427006}, "geometry": {"type": "Point", "coordinates": [75.872025, 22.740063]}}, {"type": "Feature", "properties": {"layer": "vulnerability_pois", "category": "school", "name": "Government Girls Primary School No. 48", "osm_type": "node", "osm_id": 6374427007}, "geometry": {"type": "Point", "coordinates": [75.860817, 22.748312]}}, {"type": "Feature", "properties": {"layer": "vulnerability_pois", "category": "school", "name": "Government Public School Bhagirathpura", "osm_type": "node", "osm_id": 6374427008}, "geometry": {"type": "Point", "coordinates": [75.847021, 22.763669]}}, {"type": "Feature", "properties": {"layer": "vulnerability_pois", "category": "school", "name": "Indo German Tool Rool", "osm_type": "node", "osm_id": 6374427009}, "geometry": {"type": "Point", "coordinates": [75.847056, 22.781197]}}, {"type": "Feature", "properties": {"layer": "vulnerability_pois", "category": "school", "name": "Kids Care School", "osm_type": "node", "osm_id": 6374427010}, "geometry": {"type": "Point", "coordinates": [75.840919, 22.765013]}}, {"type": "Feature", "properties": {"layer": "vulnerability_pois", "category": "school", "name": "Government School Tigaria", "osm_type": "node", "osm_id": 6374427011}, "geometry": {"type": "Point", "coordinates": [75.828302, 22.762212]}}, {"type": "Feature", "properties": {"layer": "vulnerability_pois", "category": "school", "name": "Government Girls School Manglia", "osm_type": "node", "osm_id": 6374428886}, "geometry": {"type": "Point", "coordinates": [75.92517, 22.817237]}}, {"type": "Feature", "properties": {"layer": "vulnerability_pois", "category": "school", "name": "Sunderam Public School", "osm_type": "node", "osm_id": 6375588876}, "geometry": {"type": "Point", "coordinates": [75.839712, 22.746746]}}, {"type": "Feature", "properties": {"layer": "vulnerability_pois", "category": "school", "name": "Indore Convent", "osm_type": "node", "osm_id": 6375588877}, "geometry": {"type": "Point", "coordinates": [75.845593, 22.747104]}}, {"type": "Feature", "properties": {"layer": "vulnerability_pois", "category": "school", "name": "Govt HSS Ahilya Ashram", "osm_type": "node", "osm_id": 6375588878}, "geometry": {"type": "Point", "coordinates": [75.84629, 22.744562]}}, {"type": "Feature", "properties": {"layer": "vulnerability_pois", "category": "school", "name": "Ideal International School", "osm_type": "node", "osm_id": 6375588879}, "geometry": {"type": "Point", "coordinates": [75.84149, 22.741919]}}, {"type": "Feature", "properties": {"layer": "vulnerability_pois", "category": "school", "name": "Akshay academy", "osm_type": "node", "osm_id": 6375588880}, "geometry": {"type": "Point", "coordinates": [75.848203, 22.739819]}}, {"type": "Feature", "properties": {"layer": "vulnerability_pois", "category": "school", "name": "Government School Banganga", "osm_type": "node", "osm_id": 6375588881}, "geometry": {"type": "Point", "coordinates": [75.849989, 22.740853]}}, {"type": "Feature", "properties": {"layer": "vulnerability_pois", "category": "school", "name": "Shrisainath H.S School", "osm_type": "node", "osm_id": 6375588882}, "geometry": {"type": "Point", "coordinates": [75.852235, 22.741177]}}, {"type": "Feature", "properties": {"layer": "vulnerability_pois", "category": "school", "name": "Seventh Day Adventist", "osm_type": "node", "osm_id": 6375588883}, "geometry": {"type": "Point", "coordinates": [75.91435, 22.721369]}}, {"type": "Feature", "properties": {"layer": "vulnerability_pois", "category": "school", "name": "Sardar Patel Innovative", "osm_type": "node", "osm_id": 6375588884}, "geometry": {"type": "Point", "coordinates": [75.909541, 22.719655]}}, {"type": "Feature", "properties": {"layer": "vulnerability_pois", "category": "school", "name": "Government School Pipliyahana", "osm_type": "node", "osm_id": 6375594885}, "geometry": {"type": "Point", "coordinates": [75.901679, 22.708863]}}, {"type": "Feature", "properties": {"layer": "vulnerability_pois", "category": "school", "name": "Prince Convent High School", "osm_type": "node", "osm_id": 6375704909}, "geometry": {"type": "Point", "coordinates": [75.905965, 22.69366]}}, {"type": "Feature", "properties": {"layer": "vulnerability_pois", "category": "school", "name": "New Apostolic Christian Higher Secondary  School", "osm_type": "node", "osm_id": 6375704910}, "geometry": {"type": "Point", "coordinates": [75.906343, 22.693467]}}, {"type": "Feature", "properties": {"layer": "vulnerability_pois", "category": "school", "name": "Bethel Christian School", "osm_type": "node", "osm_id": 6375704911}, "geometry": {"type": "Point", "coordinates": [75.906901, 22.693655]}}, {"type": "Feature", "properties": {"layer": "vulnerability_pois", "category": "school", "name": "Gyanodaya Vidhalaya", "osm_type": "node", "osm_id": 6375750785}, "geometry": {"type": "Point", "coordinates": [75.888514, 22.736941]}}, {"type": "Feature", "properties": {"layer": "vulnerability_pois", "category": "school", "name": "Shashkiya Hindi Prathmik Vidhalaya", "osm_type": "node", "osm_id": 6375750786}, "geometry": {"type": "Point", "coordinates": [75.889252, 22.699733]}}, {"type": "Feature", "properties": {"layer": "vulnerability_pois", "category": "school", "name": "Life Line H S School", "osm_type": "node", "osm_id": 6375759430}, "geometry": {"type": "Point", "coordinates": [75.852172, 22.694992]}}, {"type": "Feature", "properties": {"layer": "vulnerability_pois", "category": "school", "name": "Euro Kids Pre-School", "osm_type": "node", "osm_id": 6375806510}, "geometry": {"type": "Point", "coordinates": [75.853246, 22.703775]}}, {"type": "Feature", "properties": {"layer": "vulnerability_pois", "category": "school", "name": "Ahilyaashram and Chandrawati Kanya Uchhatar Madhyamik Vidhalaya No 1", "osm_type": "node", "osm_id": 6375820452}, "geometry": {"type": "Point", "coordinates": [75.860467, 22.734232]}}, {"type": "Feature", "properties": {"layer": "vulnerability_pois", "category": "hospital", "name": "Alvi Clinic", "osm_type": "node", "osm_id": 6376772802}, "geometry": {"type": "Point", "coordinates": [75.82014, 22.705989]}}, {"type": "Feature", "properties": {"layer": "vulnerability_pois", "category": "hospital", "name": "Dr Swati Verma", "osm_type": "node", "osm_id": 6376772803}, "geometry": {"type": "Point", "coordinates": [75.820105, 22.706284]}}, {"type": "Feature", "properties": {"layer": "vulnerability_pois", "category": "hospital", "name": "Dr Tribhuvan Nagar", "osm_type": "node", "osm_id": 6376772805}, "geometry": {"type": "Point", "coordinates": [75.819932, 22.706246]}}, {"type": "Feature", "properties": {"layer": "vulnerability_pois", "category": "hospital", "name": "Science Group Clinic", "osm_type": "node", "osm_id": 6376772806}, "geometry": {"type": "Point", "coordinates": [75.819778, 22.706188]}}, {"type": "Feature", "properties": {"layer": "vulnerability_pois", "category": "school", "name": "Savitri Kala Mandir Uchhatar Madhyamik Vidhalaya", "osm_type": "node", "osm_id": 6377572374}, "geometry": {"type": "Point", "coordinates": [75.854278, 22.720731]}}, {"type": "Feature", "properties": {"layer": "vulnerability_pois", "category": "school", "name": "Brahma Samaj Montessori School", "osm_type": "node", "osm_id": 6377601047}, "geometry": {"type": "Point", "coordinates": [75.86545, 22.719606]}}, {"type": "Feature", "properties": {"layer": "vulnerability_pois", "category": "school", "name": "Brilliant H S School", "osm_type": "node", "osm_id": 6377651287}, "geometry": {"type": "Point", "coordinates": [75.863696, 22.697936]}}, {"type": "Feature", "properties": {"layer": "vulnerability_pois", "category": "school", "name": "Joint Mission H S School", "osm_type": "node", "osm_id": 6377706306}, "geometry": {"type": "Point", "coordinates": [75.874176, 22.747746]}}, {"type": "Feature", "properties": {"layer": "vulnerability_pois", "category": "school", "name": "New Annapurna Bal Vinay Mandir", "osm_type": "node", "osm_id": 6379252294}, "geometry": {"type": "Point", "coordinates": [75.867249, 22.742556]}}, {"type": "Feature", "properties": {"layer": "vulnerability_pois", "category": "school", "name": "Government School Subhash Nagar", "osm_type": "node", "osm_id": 6379259794}, "geometry": {"type": "Point", "coordinates": [75.871518, 22.743406]}}, {"type": "Feature", "properties": {"layer": "vulnerability_pois", "category": "school", "name": "SICA Pre Primary School", "osm_type": "node", "osm_id": 6379268737}, "geometry": {"type": "Point", "coordinates": [75.890094, 22.729456]}}, {"type": "Feature", "properties": {"layer": "vulnerability_pois", "category": "school", "name": "Government School Vinoba Nagar", "osm_type": "node", "osm_id": 6379277521}, "geometry": {"type": "Point", "coordinates": [75.892087, 22.720881]}}, {"type": "Feature", "properties": {"layer": "vulnerability_pois", "category": "school", "name": "Government School Azad Nagar", "osm_type": "node", "osm_id": 6379288020}, "geometry": {"type": "Point", "coordinates": [75.889086, 22.699645]}}, {"type": "Feature", "properties": {"layer": "vulnerability_pois", "category": "school", "name": "Deaf And Blind School", "osm_type": "node", "osm_id": 6386316231}, "geometry": {"type": "Point", "coordinates": [75.84289, 22.706435]}}, {"type": "Feature", "properties": {"layer": "vulnerability_pois", "category": "school", "name": "Alpine Public School", "osm_type": "node", "osm_id": 6390186605}, "geometry": {"type": "Point", "coordinates": [75.83402, 22.676703]}}, {"type": "Feature", "properties": {"layer": "vulnerability_pois", "category": "school", "name": "Alpine Academy", "osm_type": "node", "osm_id": 6390186606}, "geometry": {"type": "Point", "coordinates": [75.830153, 22.676218]}}, {"type": "Feature", "properties": {"layer": "vulnerability_pois", "category": "school", "name": "Ryan International School", "osm_type": "node", "osm_id": 6390186607}, "geometry": {"type": "Point", "coordinates": [75.821157, 22.674877]}}, {"type": "Feature", "properties": {"layer": "vulnerability_pois", "category": "school", "name": "Shasakiya madhyamik vidhyalaya", "osm_type": "node", "osm_id": 6390186608}, "geometry": {"type": "Point", "coordinates": [75.828651, 22.673719]}}, {"type": "Feature", "properties": {"layer": "vulnerability_pois", "category": "school", "name": "Shaskiya kanya Uchattar madhyamik vidhyalaya", "osm_type": "node", "osm_id": 6390186609}, "geometry": {"type": "Point", "coordinates": [75.826448, 22.670504]}}, {"type": "Feature", "properties": {"layer": "vulnerability_pois", "category": "school", "name": "Ishwar Prem Vidhya Mandir", "osm_type": "node", "osm_id": 6390186610}, "geometry": {"type": "Point", "coordinates": [75.819369, 22.668716]}}, {"type": "Feature", "properties": {"layer": "vulnerability_pois", "category": "school", "name": "Shaskiya Balak Uchattar Madhyamik Vidhyalaya", "osm_type": "node", "osm_id": 6390186611}, "geometry": {"type": "Point", "coordinates": [75.834602, 22.672662]}}, {"type": "Feature", "properties": {"layer": "vulnerability_pois", "category": "school", "name": "SPN Academy", "osm_type": "node", "osm_id": 6390186612}, "geometry": {"type": "Point", "coordinates": [75.84045, 22.665856]}}, {"type": "Feature", "properties": {"layer": "vulnerability_pois", "category": "school", "name": "Shaskiya Kanya Uchattar Madhyamik Vidhyalaya", "osm_type": "node", "osm_id": 6390186613}, "geometry": {"type": "Point", "coordinates": [75.839484, 22.665675]}}, {"type": "Feature", "properties": {"layer": "vulnerability_pois", "category": "school", "name": "Mini Higher Secondary School", "osm_type": "node", "osm_id": 6390186614}, "geometry": {"type": "Point", "coordinates": [75.833731, 22.664809]}}, {"type": "Feature", "properties": {"layer": "vulnerability_pois", "category": "school", "name": "Shaskiya Prodyogiki Madhyamik Vidhyalaya", "osm_type": "node", "osm_id": 6390186615}, "geometry": {"type": "Point", "coordinates": [75.834372, 22.665447]}}, {"type": "Feature", "properties": {"layer": "vulnerability_pois", "category": "school", "name": "Shaskiya Prathmik Vidhyalaya", "osm_type": "node", "osm_id": 6390186616}, "geometry": {"type": "Point", "coordinates": [75.8496, 22.712404]}}, {"type": "Feature", "properties": {"layer": "vulnerability_pois", "category": "school", "name": "Minavra Shaskiya Vidhyalaya", "osm_type": "node", "osm_id": 6390222881}, "geometry": {"type": "Point", "coordinates": [75.836548, 22.695613]}}, {"type": "Feature", "properties": {"layer": "vulnerability_pois", "category": "school", "name": "Play Schools", "osm_type": "node", "osm_id": 6390222882}, "geometry": {"type": "Point", "coordinates": [75.842936, 22.706066]}}, {"type": "Feature", "properties": {"layer": "vulnerability_pois", "category": "school", "name": "Shaskiya Malwa Kanya Uchattar Madhyamik Vidhyalaya", "osm_type": "node", "osm_id": 6390222883}, "geometry": {"type": "Point", "coordinates": [75.841917, 22.705938]}}, {"type": "Feature", "properties": {"layer": "vulnerability_pois", "category": "school", "name": "Mini Land Play School", "osm_type": "node", "osm_id": 6390222884}, "geometry": {"type": "Point", "coordinates": [75.833127, 22.688826]}}, {"type": "Feature", "properties": {"layer": "vulnerability_pois", "category": "school", "name": "Gyankriti School", "osm_type": "node", "osm_id": 6390224185}, "geometry": {"type": "Point", "coordinates": [75.833071, 22.679649]}}, {"type": "Feature", "properties": {"layer": "vulnerability_pois", "category": "school", "name": "Shaskiya Parthmik Vidhyalaya", "osm_type": "node", "osm_id": 6390224186}, "geometry": {"type": "Point", "coordinates": [75.832577, 22.687032]}}, {"type": "Feature", "properties": {"layer": "vulnerability_pois", "category": "school", "name": "New Public High School", "osm_type": "node", "osm_id": 6390224188}, "geometry": {"type": "Point", "coordinates": [75.824917, 22.687137]}}, {"type": "Feature", "properties": {"layer": "vulnerability_pois", "category": "school", "name": "Boonsun Higher Secondary School", "osm_type": "node", "osm_id": 6390224189}, "geometry": {"type": "Point", "coordinates": [75.82283, 22.686518]}}, {"type": "Feature", "properties": {"layer": "vulnerability_pois", "category": "hospital", "name": "Deep Nursing Home (P) Ltd", "osm_type": "node", "osm_id": 7013100650}, "geometry": {"type": "Point", "coordinates": [75.848884, 22.738902]}}, {"type": "Feature", "properties": {"layer": "vulnerability_pois", "category": "hospital", "name": "Saluja Eye Care Center", "osm_type": "node", "osm_id": 7013474321}, "geometry": {"type": "Point", "coordinates": [75.900487, 22.766011]}}, {"type": "Feature", "properties": {"layer": "vulnerability_pois", "category": "hospital", "name": "Asian Institue Of Infertilty Management", "osm_type": "node", "osm_id": 7013582190}, "geometry": {"type": "Point", "coordinates": [75.888065, 22.735349]}}, {"type": "Feature", "properties": {"layer": "vulnerability_pois", "category": "hospital", "name": "H.J. Memorial Hospital", "osm_type": "node", "osm_id": 7013582191}, "geometry": {"type": "Point", "coordinates": [75.854511, 22.697545]}}, {"type": "Feature", "properties": {"layer": "vulnerability_pois", "category": "hospital", "name": "Arogya Nursing Home", "osm_type": "node", "osm_id": 7013597254}, "geometry": {"type": "Point", "coordinates": [75.864117, 22.724898]}}, {"type": "Feature", "properties": {"layer": "vulnerability_pois", "category": "hospital", "name": "Bhagwati Nursing Home, Indore", "osm_type": "node", "osm_id": 7013704088}, "geometry": {"type": "Point", "coordinates": [75.896227, 22.71948]}}, {"type": "Feature", "properties": {"layer": "vulnerability_pois", "category": "hospital", "name": "Goyal Nursing Home, Indore", "osm_type": "node", "osm_id": 7013705770}, "geometry": {"type": "Point", "coordinates": [75.873, 22.702414]}}, {"type": "Feature", "properties": {"layer": "vulnerability_pois", "category": "hospital", "name": "Triveni Hospital, Indore", "osm_type": "node", "osm_id": 7013804532}, "geometry": {"type": "Point", "coordinates": [75.885791, 22.736342]}}, {"type": "Feature", "properties": {"layer": "vulnerability_pois", "category": "hospital", "name": "R L B Hospital and Reserch Center", "osm_type": "node", "osm_id": 7013853002}, "geometry": {"type": "Point", "coordinates": [75.828007, 22.698107]}}, {"type": "Feature", "properties": {"layer": "vulnerability_pois", "category": "hospital", "name": "Vatsalya Nursing Home, Indore", "osm_type": "node", "osm_id": 7013876256}, "geometry": {"type": "Point", "coordinates": [75.873288, 22.749222]}}, {"type": "Feature", "properties": {"layer": "vulnerability_pois", "category": "hospital", "name": "Lahoti Nursing Home", "osm_type": "node", "osm_id": 7013885338}, "geometry": {"type": "Point", "coordinates": [75.82962, 22.699598]}}, {"type": "Feature", "properties": {"layer": "vulnerability_pois", "category": "hospital", "name": "The Recovery Hospital", "osm_type": "node", "osm_id": 7014114469}, "geometry": {"type": "Point", "coordinates": [75.882059, 22.730041]}}, {"type": "Feature", "properties": {"layer": "vulnerability_pois", "category": "hospital", "name": "Gupta Hand Surgery Centre", "osm_type": "node", "osm_id": 7014170801}, "geometry": {"type": "Point", "coordinates": [75.880688, 22.690972]}}, {"type": "Feature", "properties": {"layer": "vulnerability_pois", "category": "hospital", "name": "Dayanand Hospital", "osm_type": "node", "osm_id": 7014244277}, "geometry": {"type": "Point", "coordinates": [75.871184, 22.741938]}}, {"type": "Feature", "properties": {"layer": "vulnerability_pois", "category": "hospital", "name": "Matrum Hospital and Maternity Home", "osm_type": "node", "osm_id": 7014275792}, "geometry": {"type": "Point", "coordinates": [75.868608, 22.702566]}}, {"type": "Feature", "properties": {"layer": "vulnerability_pois", "category": "hospital", "name": "Vyas Children Hospital", "osm_type": "node", "osm_id": 7014275793}, "geometry": {"type": "Point", "coordinates": [75.852334, 22.716038]}}, {"type": "Feature", "properties": {"layer": "vulnerability_pois", "category": "hospital", "name": "Dr.P.S. Hardia Advanced Eye Surgery and Research Institute", "osm_type": "node", "osm_id": 7014282909}, "geometry": {"type": "Point", "coordinates": [75.806327, 22.626525]}}, {"type": "Feature", "properties": {"layer": "vulnerability_pois", "category": "hospital", "name": "R.K.Eye And Retina Centre", "osm_type": "node", "osm_id": 7014682310}, "geometry": {"type": "Point", "coordinates": [75.878019, 22.71165]}}, {"type": "Feature", "properties": {"layer": "vulnerability_pois", "category": "hospital", "name": "Ayesha Nursing Home", "osm_type": "node", "osm_id": 7015262885}, "geometry": {"type": "Point", "coordinates": [75.864583, 22.724613]}}, {"type": "Feature", "properties": {"layer": "vulnerability_pois", "category": "hospital", "name": "Shri Gurdev Netra Chikitsalaya", "osm_type": "node", "osm_id": 7015262886}, "geometry": {"type": "Point", "coordinates": [75.872334, 22.702278]}}, {"type": "Feature", "properties": {"layer": "vulnerability_pois", "category": "hospital", "name": "Pancholi Hospital", "osm_type": "node", "osm_id": 7015262887}, "geometry": {"type": "Point", "coordinates": [75.840999, 22.700803]}}, {"type": "Feature", "properties": {"layer": "vulnerability_pois", "category": "hospital", "name": "Nihar Netralaya", "osm_type": "node", "osm_id": 7015262895}, "geometry": {"type": "Point", "coordinates": [75.849409, 22.719435]}}, {"type": "Feature", "properties": {"layer": "vulnerability_pois", "category": "hospital", "name": "Unique Hospital, Jawahar Marg", "osm_type": "node", "osm_id": 7015332162}, "geometry": {"type": "Point", "coordinates": [75.850187, 22.715779]}}, {"type": "Feature", "properties": {"layer": "vulnerability_pois", "category": "hospital", "name": "Vasan Eye Care Hospital, Indore", "osm_type": "node", "osm_id": 7015682626}, "geometry": {"type": "Point", "coordinates": [75.881898, 22.725368]}}, {"type": "Feature", "properties": {"layer": "vulnerability_pois", "category": "hospital", "name": "Ansari Nursing Home", "osm_type": "node", "osm_id": 7015746776}, "geometry": {"type": "Point", "coordinates": [75.862664, 22.716853]}}, {"type": "Feature", "properties": {"layer": "vulnerability_pois", "category": "hospital", "name": "Tanish Medical Care", "osm_type": "node", "osm_id": 7015790805}, "geometry": {"type": "Point", "coordinates": [75.854794, 22.71648]}}, {"type": "Feature", "properties": {"layer": "vulnerability_pois", "category": "hospital", "name": "Suraj Vision Centre", "osm_type": "node", "osm_id": 7015810931}, "geometry": {"type": "Point", "coordinates": [75.878857, 22.717779]}}, {"type": "Feature", "properties": {"layer": "vulnerability_pois", "category": "hospital", "name": "Rajas Eye And Retina Research Centre", "osm_type": "node", "osm_id": 7015819759}, "geometry": {"type": "Point", "coordinates": [75.880938, 22.718082]}}, {"type": "Feature", "properties": {"layer": "vulnerability_pois", "category": "hospital", "name": "Chl-Cbcc Cancer Center", "osm_type": "node", "osm_id": 7015819770}, "geometry": {"type": "Point", "coordinates": [75.889188, 22.73176]}}, {"type": "Feature", "properties": {"layer": "vulnerability_pois", "category": "hospital", "name": "Patidar Nursing Home, Indore", "osm_type": "node", "osm_id": 7015819771}, "geometry": {"type": "Point", "coordinates": [75.860102, 22.723845]}}, {"type": "Feature", "properties": {"layer": "vulnerability_pois", "category": "hospital", "name": "Beams Hospitals", "osm_type": "node", "osm_id": 7015971604}, "geometry": {"type": "Point", "coordinates": [75.875375, 22.716772]}}, {"type": "Feature", "properties": {"layer": "vulnerability_pois", "category": "hospital", "name": "Laxmi Memorial Hospital", "osm_type": "node", "osm_id": 7015971619}, "geometry": {"type": "Point", "coordinates": [75.882991, 22.730568]}}, {"type": "Feature", "properties": {"layer": "vulnerability_pois", "category": "hospital", "name": "Devi Ahilya Hospital and Research Centre", "osm_type": "node", "osm_id": 7016006723}, "geometry": {"type": "Point", "coordinates": [75.871797, 22.716122]}}, {"type": "Feature", "properties": {"layer": "vulnerability_pois", "category": "hospital", "name": "Noble Hospital, Indore", "osm_type": "node", "osm_id": 7016082937}, "geometry": {"type": "Point", "coordinates": [75.930487, 22.690013]}}, {"type": "Feature", "properties": {"layer": "vulnerability_pois", "category": "hospital", "name": "Ent Hospital and Research Centre", "osm_type": "node", "osm_id": 7016090362}, "geometry": {"type": "Point", "coordinates": [75.881918, 22.720575]}}, {"type": "Feature", "properties": {"layer": "vulnerability_pois", "category": "hospital", "name": "Dr Kailash Singh Nursing Home", "osm_type": "node", "osm_id": 7016104846}, "geometry": {"type": "Point", "coordinates": [75.881816, 22.720999]}}, {"type": "Feature", "properties": {"layer": "vulnerability_pois", "category": "hospital", "name": "Dr. Aditya Agarwal Eye Site", "osm_type": "node", "osm_id": 7016123551}, "geometry": {"type": "Point", "coordinates": [75.877899, 22.717801]}}, {"type": "Feature", "properties": {"layer": "vulnerability_pois", "category": "hospital", "name": "Vidhya Nursing Home, Indore", "osm_type": "node", "osm_id": 7016145015}, "geometry": {"type": "Point", "coordinates": [75.894067, 22.742688]}}, {"type": "Feature", "properties": {"layer": "vulnerability_pois", "category": "hospital", "name": "Shreemati Laxmi Devi Eye Hospital and Research Centre", "osm_type": "node", "osm_id": 7016289559}, "geometry": {"type": "Point", "coordinates": [75.877998, 22.721918]}}, {"type": "Feature", "properties": {"layer": "vulnerability_pois", "category": "hospital", "name": "Shukla Hospital and Investigation Centre", "osm_type": "node", "osm_id": 7016345992}, "geometry": {"type": "Point", "coordinates": [75.881208, 22.694234]}}, {"type": "Feature", "properties": {"layer": "vulnerability_pois", "category": "hospital", "name": "Gill Diagnostic and Stone Clinic", "osm_type": "node", "osm_id": 7016355227}, "geometry": {"type": "Point", "coordinates": [75.854683, 22.716485]}}, {"type": "Feature", "properties": {"layer": "vulnerability_pois", "category": "hospital", "name": "Sarjubai Parmarthik Netra Chikitsalaya", "osm_type": "node", "osm_id": 7016398360}, "geometry": {"type": "Point", "coordinates": [75.867462, 22.737986]}}, {"type": "Feature", "properties": {"layer": "vulnerability_pois", "category": "hospital", "name": "Mother Care Nursing Home, Indore", "osm_type": "node", "osm_id": 7016404426}, "geometry": {"type": "Point", "coordinates": [75.887284, 22.757161]}}, {"type": "Feature", "properties": {"layer": "vulnerability_pois", "category": "hospital", "name": "Fracture Clinic, Indore", "osm_type": "node", "osm_id": 7016451743}, "geometry": {"type": "Point", "coordinates": [75.767057, 22.558353]}}, {"type": "Feature", "properties": {"layer": "vulnerability_pois", "category": "hospital", "name": "Geetanjali Hospital", "osm_type": "node", "osm_id": 7016451756}, "geometry": {"type": "Point", "coordinates": [75.83483, 22.7218]}}, {"type": "Feature", "properties": {"layer": "vulnerability_pois", "category": "hospital", "name": "Singhal Urology And Gynocology Center,Indore", "osm_type": "node", "osm_id": 7016451757}, "geometry": {"type": "Point", "coordinates": [75.843148, 22.716051]}}, {"type": "Feature", "properties": {"layer": "vulnerability_pois", "category": "hospital", "name": "Greater Getwell Nursing Home", "osm_type": "node", "osm_id": 7016481162}, "geometry": {"type": "Point", "coordinates": [75.884383, 22.736792]}}, {"type": "Feature", "properties": {"layer": "vulnerability_pois", "category": "hospital", "name": "Mahashabde Netralaya and Child Care Center", "osm_type": "node", "osm_id": 7016608915}, "geometry": {"type": "Point", "coordinates": [75.844327, 22.698087]}}, {"type": "Feature", "properties": {"layer": "vulnerability_pois", "category": "hospital", "name": "Shri Aurobindo Institute Of Medical Sciences", "osm_type": "node", "osm_id": 7016647053}, "geometry": {"type": "Point", "coordinates": [75.845192, 22.797218]}}, {"type": "Feature", "properties": {"layer": "vulnerability_pois", "category": "hospital", "name": "Centre for Sight, Indore", "osm_type": "node", "osm_id": 7016647065}, "geometry": {"type": "Point", "coordinates": [75.870085, 22.701226]}}, {"type": "Feature", "properties": {"layer": "vulnerability_pois", "category": "hospital", "name": "Eureka Hospital Pvt. Ltd.", "osm_type": "node", "osm_id": 7016693382}, "geometry": {"type": "Point", "coordinates": [75.898453, 22.722992]}}, {"type": "Feature", "properties": {"layer": "vulnerability_pois", "category": "hospital", "name": "Batra Hospital", "osm_type": "node", "osm_id": 7016701808}, "geometry": {"type": "Point", "coordinates": [75.880888, 22.721896]}}, {"type": "Feature", "properties": {"layer": "vulnerability_pois", "category": "hospital", "name": "Vinayaka Nursing Home, Indore", "osm_type": "node", "osm_id": 7016826927}, "geometry": {"type": "Point", "coordinates": [75.875343, 22.758144]}}, {"type": "Feature", "properties": {"layer": "vulnerability_pois", "category": "hospital", "name": "S. K. Hospital, Indore", "osm_type": "node", "osm_id": 7016826929}, "geometry": {"type": "Point", "coordinates": [75.838436, 22.716868]}}, {"type": "Feature", "properties": {"layer": "vulnerability_pois", "category": "hospital", "name": "Shri Malwa Hospital and Research Center", "osm_type": "node", "osm_id": 7016826962}, "geometry": {"type": "Point", "coordinates": [75.825323, 22.727838]}}, {"type": "Feature", "properties": {"layer": "vulnerability_pois", "category": "hospital", "name": "Karuna Maternity and Nursing Home", "osm_type": "node", "osm_id": 7016826968}, "geometry": {"type": "Point", "coordinates": [75.878964, 22.712622]}}, {"type": "Feature", "properties": {"layer": "vulnerability_pois", "category": "hospital", "name": "Choithram Netralaya", "osm_type": "node", "osm_id": 7016826979}, "geometry": {"type": "Point", "coordinates": [75.756051, 22.68356]}}, {"type": "Feature", "properties": {"layer": "vulnerability_pois", "category": "hospital", "name": "Indore Lasik Laser Centre", "osm_type": "node", "osm_id": 7016840818}, "geometry": {"type": "Point", "coordinates": [75.882405, 22.726071]}}, {"type": "Feature", "properties": {"layer": "vulnerability_pois", "category": "hospital", "name": "Getwell Hospital, Indore", "osm_type": "node", "osm_id": 7016878017}, "geometry": {"type": "Point", "coordinates": [75.761579, 22.561933]}}, {"type": "Feature", "properties": {"layer": "vulnerability_pois", "category": "hospital", "name": "Prashanti Hospital", "osm_type": "node", "osm_id": 7017170458}, "geometry": {"type": "Point", "coordinates": [75.766929, 22.552931]}}, {"type": "Feature", "properties": {"layer": "vulnerability_pois", "category": "hospital", "name": "Suyog Hospital", "osm_type": "node", "osm_id": 7017489042}, "geometry": {"type": "Point", "coordinates": [75.860781, 22.70439]}}, {"type": "Feature", "properties": {"layer": "vulnerability_pois", "category": "hospital", "name": "City Netralaya", "osm_type": "node", "osm_id": 7017489043}, "geometry": {"type": "Point", "coordinates": [75.840249, 22.720332]}}, {"type": "Feature", "properties": {"layer": "vulnerability_pois", "category": "hospital", "name": "Saroj Nursing Home & Maternity Home, Indore", "osm_type": "node", "osm_id": 7017774518}, "geometry": {"type": "Point", "coordinates": [75.87154, 22.7441]}}, {"type": "Feature", "properties": {"layer": "vulnerability_pois", "category": "hospital", "name": "M.G. Smriti Chikitsalaya Mahavidhyalaya", "osm_type": "node", "osm_id": 7017779069}, "geometry": {"type": "Point", "coordinates": [75.882273, 22.714049]}}, {"type": "Feature", "properties": {"layer": "vulnerability_pois", "category": "hospital", "name": "Red Cross Hospital", "osm_type": "node", "osm_id": 7018332331}, "geometry": {"type": "Point", "coordinates": [75.761261, 22.5589]}}, {"type": "Feature", "properties": {"layer": "vulnerability_pois", "category": "hospital", "name": "Government Hospital", "osm_type": "node", "osm_id": 7096134262}, "geometry": {"type": "Point", "coordinates": [75.942552, 22.619949]}}, {"type": "Feature", "properties": {"layer": "vulnerability_pois", "category": "hospital", "name": "Government Civil Dispensary", "osm_type": "node", "osm_id": 7101781814}, "geometry": {"type": "Point", "coordinates": [75.856696, 22.713922]}}, {"type": "Feature", "properties": {"layer": "vulnerability_pois", "category": "hospital", "name": "Government Hospital, Shrikhandi", "osm_type": "node", "osm_id": 7108077501}, "geometry": {"type": "Point", "coordinates": [75.745769, 22.568701]}}, {"type": "Feature", "properties": {"layer": "vulnerability_pois", "category": "hospital", "name": "Shashwat Ayurveda Panchkrma & Ksharsutra Clinic", "osm_type": "node", "osm_id": 7288123466}, "geometry": {"type": "Point", "coordinates": [75.827975, 22.645318]}}, {"type": "Feature", "properties": {"layer": "vulnerability_pois", "category": "hospital", "name": "Shubhdeep Ayurved Medical College and Hospital", "osm_type": "node", "osm_id": 7288123482}, "geometry": {"type": "Point", "coordinates": [75.899583, 22.584501]}}, {"type": "Feature", "properties": {"layer": "vulnerability_pois", "category": "hospital", "name": "ECHS Polyclinic Mhow", "osm_type": "node", "osm_id": 7288123486}, "geometry": {"type": "Point", "coordinates": [75.7559, 22.557168]}}, {"type": "Feature", "properties": {"layer": "vulnerability_pois", "category": "hospital", "name": "Sanjeevani Hospital", "osm_type": "node", "osm_id": 7288123507}, "geometry": {"type": "Point", "coordinates": [75.806415, 22.628967]}}, {"type": "Feature", "properties": {"layer": "vulnerability_pois", "category": "hospital", "name": "Bombay Hospital,Indore", "osm_type": "node", "osm_id": 7288123523}, "geometry": {"type": "Point", "coordinates": [75.804277, 22.658853]}}, {"type": "Feature", "properties": {"layer": "vulnerability_pois", "category": "hospital", "name": "Srl Pathology Centre", "osm_type": "node", "osm_id": 7288123538}, "geometry": {"type": "Point", "coordinates": [75.809717, 22.636999]}}, {"type": "Feature", "properties": {"layer": "vulnerability_pois", "category": "hospital", "name": "Hukumchand Hospital (Lal Hospital)", "osm_type": "node", "osm_id": 7288224323}, "geometry": {"type": "Point", "coordinates": [75.866744, 22.717658]}}, {"type": "Feature", "properties": {"layer": "vulnerability_pois", "category": "hospital", "name": "Nakshatra Heart and Multispeciality Hospital", "osm_type": "node", "osm_id": 7288224325}, "geometry": {"type": "Point", "coordinates": [75.906239, 22.707529]}}, {"type": "Feature", "properties": {"layer": "vulnerability_pois", "category": "hospital", "name": "R K Hospital", "osm_type": "node", "osm_id": 7288224328}, "geometry": {"type": "Point", "coordinates": [75.878746, 22.697852]}}, {"type": "Feature", "properties": {"layer": "vulnerability_pois", "category": "hospital", "name": "Barod Hospital", "osm_type": "node", "osm_id": 7288224330}, "geometry": {"type": "Point", "coordinates": [75.878223, 22.756213]}}, {"type": "Feature", "properties": {"layer": "vulnerability_pois", "category": "hospital", "name": "Vardhman Jain Swasth Kendra Chitavad", "osm_type": "node", "osm_id": 7288224332}, "geometry": {"type": "Point", "coordinates": [75.880533, 22.691672]}}, {"type": "Feature", "properties": {"layer": "vulnerability_pois", "category": "hospital", "name": "Vinayak Netralaya", "osm_type": "node", "osm_id": 7288224338}, "geometry": {"type": "Point", "coordinates": [75.88373, 22.726955]}}, {"type": "Feature", "properties": {"layer": "vulnerability_pois", "category": "hospital", "name": "GK Clinic", "osm_type": "node", "osm_id": 7288224341}, "geometry": {"type": "Point", "coordinates": [75.889949, 22.724923]}}, {"type": "Feature", "properties": {"layer": "vulnerability_pois", "category": "hospital", "name": "Shri Sai Baba Hospital & Research Centre", "osm_type": "node", "osm_id": 7288224346}, "geometry": {"type": "Point", "coordinates": [75.84975, 22.710007]}}, {"type": "Feature", "properties": {"layer": "vulnerability_pois", "category": "hospital", "name": "Choithram hospital and research center indore", "osm_type": "node", "osm_id": 7288224350}, "geometry": {"type": "Point", "coordinates": [75.855708, 22.703622]}}, {"type": "Feature", "properties": {"layer": "vulnerability_pois", "category": "hospital", "name": "mother care hospital", "osm_type": "node", "osm_id": 7288224352}, "geometry": {"type": "Point", "coordinates": [75.88548, 22.758031]}}, {"type": "Feature", "properties": {"layer": "vulnerability_pois", "category": "hospital", "name": "Motherhood Hospitals", "osm_type": "node", "osm_id": 7288224356}, "geometry": {"type": "Point", "coordinates": [75.890916, 22.743113]}}, {"type": "Feature", "properties": {"layer": "vulnerability_pois", "category": "hospital", "name": "SnS Hospital and Advanced Newborn Care centre", "osm_type": "node", "osm_id": 7288224359}, "geometry": {"type": "Point", "coordinates": [75.896998, 22.729676]}}, {"type": "Feature", "properties": {"layer": "vulnerability_pois", "category": "hospital", "name": "Coral Hospital and Research Centre", "osm_type": "node", "osm_id": 7288224362}, "geometry": {"type": "Point", "coordinates": [75.884611, 22.726928]}}, {"type": "Feature", "properties": {"layer": "vulnerability_pois", "category": "hospital", "name": "Gupta Orthopaedic Clinic & Sports Injuiry Centre", "osm_type": "node", "osm_id": 7288224367}, "geometry": {"type": "Point", "coordinates": [75.903254, 22.695929]}}, {"type": "Feature", "properties": {"layer": "vulnerability_pois", "category": "hospital", "name": "True Care Hospital", "osm_type": "node", "osm_id": 7288224372}, "geometry": {"type": "Point", "coordinates": [75.846147, 22.747934]}}, {"type": "Feature", "properties": {"layer": "vulnerability_pois", "category": "hospital", "name": "Chota Hospital Pvt. Ltd.", "osm_type": "node", "osm_id": 7288224375}, "geometry": {"type": "Point", "coordinates": [75.893083, 22.745733]}}, {"type": "Feature", "properties": {"layer": "vulnerability_pois", "category": "hospital", "name": "ASG Eye Hospital", "osm_type": "node", "osm_id": 7288224378}, "geometry": {"type": "Point", "coordinates": [75.879701, 22.721783]}}, {"type": "Feature", "properties": {"layer": "vulnerability_pois", "category": "hospital", "name": "H.J.Memorial Hospital", "osm_type": "node", "osm_id": 7288224382}, "geometry": {"type": "Point", "coordinates": [75.855639, 22.708065]}}, {"type": "Feature", "properties": {"layer": "vulnerability_pois", "category": "hospital", "name": "Sankara Eye Centre Indore", "osm_type": "node", "osm_id": 7288224384}, "geometry": {"type": "Point", "coordinates": [75.889091, 22.759043]}}, {"type": "Feature", "properties": {"layer": "vulnerability_pois", "category": "hospital", "name": "Nasha Mukti Kendra And Rehabilitation Center", "osm_type": "node", "osm_id": 7288224390}, "geometry": {"type": "Point", "coordinates": [75.908379, 22.694261]}}, {"type": "Feature", "properties": {"layer": "vulnerability_pois", "category": "hospital", "name": "Shri Bharat Hospital", "osm_type": "node", "osm_id": 7288224392}, "geometry": {"type": "Point", "coordinates": [75.867187, 22.755157]}}, {"type": "Feature", "properties": {"layer": "vulnerability_pois", "category": "hospital", "name": "Arogya Hospital", "osm_type": "node", "osm_id": 7288224393}, "geometry": {"type": "Point", "coordinates": [75.837147, 22.740934]}}, {"type": "Feature", "properties": {"layer": "vulnerability_pois", "category": "hospital", "name": "Dr. Akash Tiwari - Cancer specialist (Medical Oncologist)", "osm_type": "node", "osm_id": 7288224396}, "geometry": {"type": "Point", "coordinates": [75.879375, 22.728863]}}, {"type": "Feature", "properties": {"layer": "vulnerability_pois", "category": "hospital", "name": "Shree Nirmala Hospital", "osm_type": "node", "osm_id": 7288224400}, "geometry": {"type": "Point", "coordinates": [75.848227, 22.813053]}}, {"type": "Feature", "properties": {"layer": "vulnerability_pois", "category": "hospital", "name": "Government Poly Clinic", "osm_type": "node", "osm_id": 7288224402}, "geometry": {"type": "Point", "coordinates": [75.847741, 22.719299]}}, {"type": "Feature", "properties": {"layer": "vulnerability_pois", "category": "hospital", "name": "Shee Homeopathic Clinic", "osm_type": "node", "osm_id": 7288224410}, "geometry": {"type": "Point", "coordinates": [75.906527, 22.747881]}}, {"type": "Feature", "properties": {"layer": "vulnerability_pois", "category": "hospital", "name": "Bhandari hospital", "osm_type": "node", "osm_id": 7288224414}, "geometry": {"type": "Point", "coordinates": [75.871324, 22.745538]}}, {"type": "Feature", "properties": {"layer": "vulnerability_pois", "category": "hospital", "name": "Sangam Hospital", "osm_type": "node", "osm_id": 7288224417}, "geometry": {"type": "Point", "coordinates": [75.840093, 22.739964]}}, {"type": "Feature", "properties": {"layer": "vulnerability_pois", "category": "hospital", "name": "Arpit Hospital", "osm_type": "node", "osm_id": 8892155969}, "geometry": {"type": "Point", "coordinates": [75.906223, 22.712204]}}, {"type": "Feature", "properties": {"layer": "vulnerability_pois", "category": "hospital", "name": "dr jay jain", "osm_type": "node", "osm_id": 8905318171}, "geometry": {"type": "Point", "coordinates": [75.909728, 22.715391]}}, {"type": "Feature", "properties": {"layer": "vulnerability_pois", "category": "school", "name": "All Saint HSS", "osm_type": "node", "osm_id": 9119023229}, "geometry": {"type": "Point", "coordinates": [75.891523, 22.766228]}}, {"type": "Feature", "properties": {"layer": "vulnerability_pois", "category": "school", "name": "DCBM", "osm_type": "node", "osm_id": 9320097207}, "geometry": {"type": "Point", "coordinates": [75.895558, 22.703003]}}, {"type": "Feature", "properties": {"layer": "vulnerability_pois", "category": "hospital", "name": "Vishesh Jupiter Hospital", "osm_type": "node", "osm_id": 9504327575}, "geometry": {"type": "Point", "coordinates": [75.881638, 22.684547]}}, {"type": "Feature", "properties": {"layer": "vulnerability_pois", "category": "school", "name": "KIDS PARDISE", "osm_type": "node", "osm_id": 10959671236}, "geometry": {"type": "Point", "coordinates": [75.859742, 22.706068]}}, {"type": "Feature", "properties": {"layer": "vulnerability_pois", "category": "school", "name": "KIDS HEAVEN", "osm_type": "node", "osm_id": 10959671246}, "geometry": {"type": "Point", "coordinates": [75.859016, 22.706738]}}, {"type": "Feature", "properties": {"layer": "vulnerability_pois", "category": "school", "name": "GANESH VIDYAA", "osm_type": "node", "osm_id": 10959671255}, "geometry": {"type": "Point", "coordinates": [75.858026, 22.706315]}}, {"type": "Feature", "properties": {"layer": "vulnerability_pois", "category": "school", "name": "Golden Kids School", "osm_type": "node", "osm_id": 11690375117}, "geometry": {"type": "Point", "coordinates": [75.83106, 22.684709]}}, {"type": "Feature", "properties": {"layer": "vulnerability_pois", "category": "school", "name": "Annie Besant School", "osm_type": "node", "osm_id": 11690375123}, "geometry": {"type": "Point", "coordinates": [75.833936, 22.684727]}}, {"type": "Feature", "properties": {"layer": "vulnerability_pois", "category": "school", "name": "New Honey Public School", "osm_type": "node", "osm_id": 11690375127}, "geometry": {"type": "Point", "coordinates": [75.828673, 22.68543]}}, {"type": "Feature", "properties": {"layer": "vulnerability_pois", "category": "school", "name": "Shree Madhav Vidya Peeth", "osm_type": "node", "osm_id": 11690375133}, "geometry": {"type": "Point", "coordinates": [75.832144, 22.682851]}}, {"type": "Feature", "properties": {"layer": "vulnerability_pois", "category": "school", "name": "Popeye Kids School", "osm_type": "node", "osm_id": 11690375135}, "geometry": {"type": "Point", "coordinates": [75.830324, 22.682811]}}, {"type": "Feature", "properties": {"layer": "vulnerability_pois", "category": "school", "name": "Twinkle Twinkle Nursery School", "osm_type": "node", "osm_id": 11690375136}, "geometry": {"type": "Point", "coordinates": [75.831004, 22.682811]}}, {"type": "Feature", "properties": {"layer": "vulnerability_pois", "category": "school", "name": "LG Academy", "osm_type": "node", "osm_id": 11690375141}, "geometry": {"type": "Point", "coordinates": [75.806607, 22.6535]}}, {"type": "Feature", "properties": {"layer": "vulnerability_pois", "category": "school", "name": "Maharishi Institute of Management", "osm_type": "node", "osm_id": 11690375142}, "geometry": {"type": "Point", "coordinates": [75.801799, 22.646619]}}, {"type": "Feature", "properties": {"layer": "vulnerability_pois", "category": "school", "name": "The Emerald Heights International School", "osm_type": "node", "osm_id": 11690375147}, "geometry": {"type": "Point", "coordinates": [75.81938, 22.650293]}}, {"type": "Feature", "properties": {"layer": "vulnerability_pois", "category": "school", "name": "Chhatrapati Shivaji Maharaj Public School", "osm_type": "node", "osm_id": 11690375155}, "geometry": {"type": "Point", "coordinates": [75.834334, 22.697205]}}, {"type": "Feature", "properties": {"layer": "vulnerability_pois", "category": "school", "name": "Shri Cloth Market Girls School", "osm_type": "node", "osm_id": 11690375168}, "geometry": {"type": "Point", "coordinates": [75.840056, 22.719347]}}, {"type": "Feature", "properties": {"layer": "vulnerability_pois", "category": "school", "name": "Kendriya Vidyalaya", "osm_type": "node", "osm_id": 11690381782}, "geometry": {"type": "Point", "coordinates": [75.880186, 22.702743]}}, {"type": "Feature", "properties": {"layer": "vulnerability_pois", "category": "hospital", "name": "Super Speciality Hospital", "osm_type": "node", "osm_id": 11690381783}, "geometry": {"type": "Point", "coordinates": [75.882093, 22.696983]}}, {"type": "Feature", "properties": {"layer": "vulnerability_pois", "category": "school", "name": "Vivekananda Academy", "osm_type": "node", "osm_id": 11690381784}, "geometry": {"type": "Point", "coordinates": [75.889303, 22.726305]}}, {"type": "Feature", "properties": {"layer": "vulnerability_pois", "category": "hospital", "name": "Vinayaka Hospital", "osm_type": "node", "osm_id": 11690381787}, "geometry": {"type": "Point", "coordinates": [75.903638, 22.729955]}}, {"type": "Feature", "properties": {"layer": "vulnerability_pois", "category": "school", "name": "St. Loysis Higher Secondary SCHOOL", "osm_type": "node", "osm_id": 11690381790}, "geometry": {"type": "Point", "coordinates": [75.909094, 22.732528]}}, {"type": "Feature", "properties": {"layer": "vulnerability_pois", "category": "school", "name": "Sanyogitaganj School", "osm_type": "node", "osm_id": 11690381808}, "geometry": {"type": "Point", "coordinates": [75.877943, 22.709309]}}, {"type": "Feature", "properties": {"layer": "vulnerability_pois", "category": "school", "name": "Graduate School Of Business (GSB) College", "osm_type": "node", "osm_id": 11690789146}, "geometry": {"type": "Point", "coordinates": [75.938657, 22.770555]}}, {"type": "Feature", "properties": {"layer": "vulnerability_pois", "category": "hospital", "name": "bombay hospital", "osm_type": "node", "osm_id": 11693035975}, "geometry": {"type": "Point", "coordinates": [75.903697, 22.754573]}}, {"type": "Feature", "properties": {"layer": "vulnerability_pois", "category": "school", "name": "Kanyakubj Nursing College", "osm_type": "node", "osm_id": 11693040860}, "geometry": {"type": "Point", "coordinates": [75.883898, 22.756058]}}, {"type": "Feature", "properties": {"layer": "vulnerability_pois", "category": "school", "name": "Prestige Institute of Management And Research", "osm_type": "node", "osm_id": 11693044913}, "geometry": {"type": "Point", "coordinates": [75.902393, 22.754324]}}, {"type": "Feature", "properties": {"layer": "vulnerability_pois", "category": "hospital", "name": "NAMAH HOSPITAL AND LAPAROSCOPIC CENTRE", "osm_type": "node", "osm_id": 12378897647}, "geometry": {"type": "Point", "coordinates": [75.892115, 22.753011]}}, {"type": "Feature", "properties": {"layer": "vulnerability_pois", "category": "school", "name": null, "osm_type": "node", "osm_id": 12596055403}, "geometry": {"type": "Point", "coordinates": [75.884889, 22.700693]}}, {"type": "Feature", "properties": {"layer": "vulnerability_pois", "category": "school", "name": null, "osm_type": "node", "osm_id": 12596057451}, "geometry": {"type": "Point", "coordinates": [75.885875, 22.69726]}}, {"type": "Feature", "properties": {"layer": "vulnerability_pois", "category": "school", "name": null, "osm_type": "node", "osm_id": 12596082561}, "geometry": {"type": "Point", "coordinates": [75.893787, 22.701055]}}, {"type": "Feature", "properties": {"layer": "vulnerability_pois", "category": "school", "name": null, "osm_type": "node", "osm_id": 12596102423}, "geometry": {"type": "Point", "coordinates": [75.895816, 22.70473]}}, {"type": "Feature", "properties": {"layer": "vulnerability_pois", "category": "school", "name": null, "osm_type": "node", "osm_id": 12596114348}, "geometry": {"type": "Point", "coordinates": [75.895201, 22.699709]}}, {"type": "Feature", "properties": {"layer": "vulnerability_pois", "category": "school", "name": null, "osm_type": "node", "osm_id": 12596128249}, "geometry": {"type": "Point", "coordinates": [75.895986, 22.699529]}}, {"type": "Feature", "properties": {"layer": "vulnerability_pois", "category": "hospital", "name": null, "osm_type": "node", "osm_id": 12596186263}, "geometry": {"type": "Point", "coordinates": [75.900864, 22.691259]}}, {"type": "Feature", "properties": {"layer": "vulnerability_pois", "category": "school", "name": null, "osm_type": "node", "osm_id": 12596189188}, "geometry": {"type": "Point", "coordinates": [75.900181, 22.692692]}}, {"type": "Feature", "properties": {"layer": "vulnerability_pois", "category": "hospital", "name": null, "osm_type": "node", "osm_id": 12596189195}, "geometry": {"type": "Point", "coordinates": [75.901547, 22.69199]}}, {"type": "Feature", "properties": {"layer": "vulnerability_pois", "category": "school", "name": null, "osm_type": "node", "osm_id": 12596194419}, "geometry": {"type": "Point", "coordinates": [75.900615, 22.692505]}}, {"type": "Feature", "properties": {"layer": "vulnerability_pois", "category": "school", "name": null, "osm_type": "node", "osm_id": 12596224955}, "geometry": {"type": "Point", "coordinates": [75.90371, 22.689546]}}, {"type": "Feature", "properties": {"layer": "vulnerability_pois", "category": "school", "name": "st arnold's", "osm_type": "node", "osm_id": 12597520474}, "geometry": {"type": "Point", "coordinates": [75.894135, 22.757835]}}, {"type": "Feature", "properties": {"layer": "vulnerability_pois", "category": "hospital", "name": "Dr Kishor Mittal", "osm_type": "node", "osm_id": 13622133072}, "geometry": {"type": "Point", "coordinates": [75.838725, 22.723841]}}, {"type": "Feature", "properties": {"layer": "vulnerability_pois", "category": "school", "name": "Mount Carmel School", "osm_type": "node", "osm_id": 13701521801}, "geometry": {"type": "Point", "coordinates": [75.867028, 22.756725]}}, {"type": "Feature", "properties": {"layer": "vulnerability_pois", "category": "school", "name": "Q- Block", "osm_type": "node", "osm_id": 13770788152}, "geometry": {"type": "Point", "coordinates": [75.804284, 22.621301]}}, {"type": "Feature", "properties": {"layer": "vulnerability_pois", "category": "school", "name": "V- Block Front", "osm_type": "node", "osm_id": 13770788153}, "geometry": {"type": "Point", "coordinates": [75.804901, 22.622671]}}, {"type": "Feature", "properties": {"layer": "vulnerability_pois", "category": "school", "name": "V Block Back-Door", "osm_type": "node", "osm_id": 13770788154}, "geometry": {"type": "Point", "coordinates": [75.805296, 22.622333]}}, {"type": "Feature", "properties": {"layer": "vulnerability_pois", "category": "school", "name": "OBlock", "osm_type": "node", "osm_id": 13770788156}, "geometry": {"type": "Point", "coordinates": [75.804907, 22.621709]}}, {"type": "Feature", "properties": {"layer": "vulnerability_pois", "category": "school", "name": "M- Block", "osm_type": "node", "osm_id": 13770788158}, "geometry": {"type": "Point", "coordinates": [75.804494, 22.622462]}}, {"type": "Feature", "properties": {"layer": "vulnerability_pois", "category": "school", "name": "N- Block", "osm_type": "node", "osm_id": 13770788159}, "geometry": {"type": "Point", "coordinates": [75.804414, 22.622822]}}, {"type": "Feature", "properties": {"layer": "vulnerability_pois", "category": "school", "name": "Bus Stand", "osm_type": "node", "osm_id": 13770788160}, "geometry": {"type": "Point", "coordinates": [75.803542, 22.622451]}}, {"type": "Feature", "properties": {"layer": "vulnerability_pois", "category": "school", "name": "Faculty Apartments", "osm_type": "node", "osm_id": 13770788161}, "geometry": {"type": "Point", "coordinates": [75.803016, 22.622164]}}, {"type": "Feature", "properties": {"layer": "vulnerability_pois", "category": "school", "name": "Boys Hostel", "osm_type": "node", "osm_id": 13770788162}, "geometry": {"type": "Point", "coordinates": [75.802285, 22.621949]}}, {"type": "Feature", "properties": {"layer": "vulnerability_pois", "category": "school", "name": "CKD", "osm_type": "node", "osm_id": 13770788163}, "geometry": {"type": "Point", "coordinates": [75.802614, 22.622195]}}, {"type": "Feature", "properties": {"layer": "vulnerability_pois", "category": "school", "name": "F Block", "osm_type": "node", "osm_id": 13770788165}, "geometry": {"type": "Point", "coordinates": [75.803225, 22.620536]}}, {"type": "Feature", "properties": {"layer": "vulnerability_pois", "category": "school", "name": "A Block", "osm_type": "node", "osm_id": 13770788166}, "geometry": {"type": "Point", "coordinates": [75.804208, 22.620338]}}, {"type": "Feature", "properties": {"layer": "vulnerability_pois", "category": "school", "name": "B Block", "osm_type": "node", "osm_id": 13770788167}, "geometry": {"type": "Point", "coordinates": [75.804396, 22.619828]}}, {"type": "Feature", "properties": {"layer": "vulnerability_pois", "category": "school", "name": "C- Block", "osm_type": "node", "osm_id": 13770788168}, "geometry": {"type": "Point", "coordinates": [75.803921, 22.619695]}}, {"type": "Feature", "properties": {"layer": "vulnerability_pois", "category": "school", "name": "Datre", "osm_type": "node", "osm_id": 13770788171}, "geometry": {"type": "Point", "coordinates": [75.804429, 22.6208]}}, {"type": "Feature", "properties": {"layer": "vulnerability_pois", "category": "school", "name": "Parking", "osm_type": "node", "osm_id": 13770788197}, "geometry": {"type": "Point", "coordinates": [75.802789, 22.62076]}}, {"type": "Feature", "properties": {"layer": "vulnerability_pois", "category": "school", "name": "Bhaskar Academy", "osm_type": "node", "osm_id": 13909470620}, "geometry": {"type": "Point", "coordinates": [75.852309, 22.847068]}}, {"type": "Feature", "properties": {"layer": "vulnerability_pois", "category": "school", "name": "Techno Engineering College Indore", "osm_type": "node", "osm_id": 13909470637}, "geometry": {"type": "Point", "coordinates": [75.851844, 22.814748]}}, {"type": "Feature", "properties": {"layer": "vulnerability_pois", "category": "hospital", "name": "Shree Guru Kripa Hospital", "osm_type": "node", "osm_id": 13914261231}, "geometry": {"type": "Point", "coordinates": [75.825175, 22.724743]}}, {"type": "Feature", "properties": {"layer": "vulnerability_pois", "category": "hospital", "name": "Metro Hospital", "osm_type": "node", "osm_id": 13914261232}, "geometry": {"type": "Point", "coordinates": [75.840947, 22.717513]}}, {"type": "Feature", "properties": {"layer": "vulnerability_pois", "category": "school", "name": "Medatwal Public School", "osm_type": "node", "osm_id": 13914261282}, "geometry": {"type": "Point", "coordinates": [75.826152, 22.724134]}}, {"type": "Feature", "properties": {"layer": "vulnerability_pois", "category": "hospital", "name": null, "osm_type": "node", "osm_id": 13914261286}, "geometry": {"type": "Point", "coordinates": [75.840465, 22.716012]}}, {"type": "Feature", "properties": {"layer": "vulnerability_pois", "category": "school", "name": "Indore Mahavidyalaya", "osm_type": "node", "osm_id": 13914270038}, "geometry": {"type": "Point", "coordinates": [75.767495, 22.755602]}}, {"type": "Feature", "properties": {"layer": "vulnerability_pois", "category": "school", "name": null, "osm_type": "node", "osm_id": 13917075352}, "geometry": {"type": "Point", "coordinates": [75.774314, 22.748209]}}, {"type": "Feature", "properties": {"layer": "vulnerability_pois", "category": "hospital", "name": null, "osm_type": "node", "osm_id": 13917515424}, "geometry": {"type": "Point", "coordinates": [75.88773, 22.727799]}}, {"type": "Feature", "properties": {"layer": "vulnerability_pois", "category": "school", "name": null, "osm_type": "node", "osm_id": 13919631579}, "geometry": {"type": "Point", "coordinates": [75.847006, 22.790309]}}, {"type": "Feature", "properties": {"layer": "vulnerability_pois", "category": "school", "name": "Shree Vaishnav Vidyapeeth Vishwavidyalaya", "osm_type": "node", "osm_id": 13919645449}, "geometry": {"type": "Point", "coordinates": [75.849604, 22.825779]}}, {"type": "Feature", "properties": {"layer": "vulnerability_pois", "category": "school", "name": "MIG Colony School", "osm_type": "way", "osm_id": 107394357}, "geometry": {"type": "Point", "coordinates": [75.886163, 22.73781]}}, {"type": "Feature", "properties": {"layer": "vulnerability_pois", "category": "hospital", "name": "Bombay Hospital", "osm_type": "way", "osm_id": 150514180}, "geometry": {"type": "Point", "coordinates": [75.903464, 22.754668]}}, {"type": "Feature", "properties": {"layer": "vulnerability_pois", "category": "school", "name": "SICA School", "osm_type": "way", "osm_id": 191500126}, "geometry": {"type": "Point", "coordinates": [75.890746, 22.755602]}}, {"type": "Feature", "properties": {"layer": "vulnerability_pois", "category": "school", "name": "Softvision College", "osm_type": "way", "osm_id": 191500127}, "geometry": {"type": "Point", "coordinates": [75.885592, 22.754446]}}, {"type": "Feature", "properties": {"layer": "vulnerability_pois", "category": "school", "name": "Kanyakubj Nursing College", "osm_type": "way", "osm_id": 191500130}, "geometry": {"type": "Point", "coordinates": [75.883781, 22.755982]}}, {"type": "Feature", "properties": {"layer": "vulnerability_pois", "category": "school", "name": "St. Arnold's higher secondary school", "osm_type": "way", "osm_id": 191584516}, "geometry": {"type": "Point", "coordinates": [75.894802, 22.757943]}}, {"type": "Feature", "properties": {"layer": "vulnerability_pois", "category": "school", "name": "Daisy Dales School", "osm_type": "way", "osm_id": 191584517}, "geometry": {"type": "Point", "coordinates": [75.885447, 22.765442]}}, {"type": "Feature", "properties": {"layer": "vulnerability_pois", "category": "school", "name": "Prestige Institute of Engineering and Science", "osm_type": "way", "osm_id": 191584530}, "geometry": {"type": "Point", "coordinates": [75.885581, 22.760639]}}, {"type": "Feature", "properties": {"layer": "vulnerability_pois", "category": "school", "name": "Prestige Public School", "osm_type": "way", "osm_id": 191584531}, "geometry": {"type": "Point", "coordinates": [75.883583, 22.760714]}}, {"type": "Feature", "properties": {"layer": "vulnerability_pois", "category": "school", "name": "The South Indian cultural association senior secondary school", "osm_type": "way", "osm_id": 191584532}, "geometry": {"type": "Point", "coordinates": [75.884091, 22.76568]}}, {"type": "Feature", "properties": {"layer": "vulnerability_pois", "category": "school", "name": "Vaishnava Higher Secondary School", "osm_type": "way", "osm_id": 191606227}, "geometry": {"type": "Point", "coordinates": [75.878276, 22.759589]}}, {"type": "Feature", "properties": {"layer": "vulnerability_pois", "category": "school", "name": null, "osm_type": "way", "osm_id": 191607638}, "geometry": {"type": "Point", "coordinates": [75.875447, 22.762435]}}, {"type": "Feature", "properties": {"layer": "vulnerability_pois", "category": "school", "name": null, "osm_type": "way", "osm_id": 191610671}, "geometry": {"type": "Point", "coordinates": [75.871845, 22.762859]}}, {"type": "Feature", "properties": {"layer": "vulnerability_pois", "category": "school", "name": null, "osm_type": "way", "osm_id": 191618113}, "geometry": {"type": "Point", "coordinates": [75.871961, 22.752636]}}, {"type": "Feature", "properties": {"layer": "vulnerability_pois", "category": "school", "name": "softvision college", "osm_type": "way", "osm_id": 191619565}, "geometry": {"type": "Point", "coordinates": [75.881406, 22.752904]}}, {"type": "Feature", "properties": {"layer": "vulnerability_pois", "category": "school", "name": null, "osm_type": "way", "osm_id": 191621645}, "geometry": {"type": "Point", "coordinates": [75.875074, 22.746302]}}, {"type": "Feature", "properties": {"layer": "vulnerability_pois", "category": "school", "name": "Shashkiya Uchhatar Madhyamik Vidhalaya", "osm_type": "way", "osm_id": 191621649}, "geometry": {"type": "Point", "coordinates": [75.875453, 22.74768]}}, {"type": "Feature", "properties": {"layer": "vulnerability_pois", "category": "school", "name": null, "osm_type": "way", "osm_id": 191621650}, "geometry": {"type": "Point", "coordinates": [75.87824, 22.743123]}}, {"type": "Feature", "properties": {"layer": "vulnerability_pois", "category": "school", "name": null, "osm_type": "way", "osm_id": 191621652}, "geometry": {"type": "Point", "coordinates": [75.875883, 22.744597]}}, {"type": "Feature", "properties": {"layer": "vulnerability_pois", "category": "hospital", "name": "CHL CBCC Cancer Centre", "osm_type": "way", "osm_id": 191774908}, "geometry": {"type": "Point", "coordinates": [75.889155, 22.732368]}}, {"type": "Feature", "properties": {"layer": "vulnerability_pois", "category": "hospital", "name": "Life Line Hospital", "osm_type": "way", "osm_id": 191774922}, "geometry": {"type": "Point", "coordinates": [75.890462, 22.733243]}}, {"type": "Feature", "properties": {"layer": "vulnerability_pois", "category": "school", "name": "St Pauls Higher Secondary School", "osm_type": "way", "osm_id": 191786945}, "geometry": {"type": "Point", "coordinates": [75.890018, 22.71397]}}, {"type": "Feature", "properties": {"layer": "vulnerability_pois", "category": "school", "name": null, "osm_type": "way", "osm_id": 191800499}, "geometry": {"type": "Point", "coordinates": [75.893827, 22.700689]}}, {"type": "Feature", "properties": {"layer": "vulnerability_pois", "category": "school", "name": null, "osm_type": "way", "osm_id": 191800527}, "geometry": {"type": "Point", "coordinates": [75.879962, 22.703342]}}, {"type": "Feature", "properties": {"layer": "vulnerability_pois", "category": "school", "name": null, "osm_type": "way", "osm_id": 191800532}, "geometry": {"type": "Point", "coordinates": [75.880987, 22.70285]}}, {"type": "Feature", "properties": {"layer": "vulnerability_pois", "category": "school", "name": null, "osm_type": "way", "osm_id": 191800533}, "geometry": {"type": "Point", "coordinates": [75.881542, 22.711476]}}, {"type": "Feature", "properties": {"layer": "vulnerability_pois", "category": "hospital", "name": null, "osm_type": "way", "osm_id": 191817161}, "geometry": {"type": "Point", "coordinates": [75.879259, 22.714542]}}, {"type": "Feature", "properties": {"layer": "vulnerability_pois", "category": "school", "name": null, "osm_type": "way", "osm_id": 191817522}, "geometry": {"type": "Point", "coordinates": [75.868965, 22.710371]}}, {"type": "Feature", "properties": {"layer": "vulnerability_pois", "category": "school", "name": "MGM Medical College", "osm_type": "way", "osm_id": 191817523}, "geometry": {"type": "Point", "coordinates": [75.882972, 22.714297]}}, {"type": "Feature", "properties": {"layer": "vulnerability_pois", "category": "school", "name": null, "osm_type": "way", "osm_id": 191817525}, "geometry": {"type": "Point", "coordinates": [75.873218, 22.711594]}}, {"type": "Feature", "properties": {"layer": "vulnerability_pois", "category": "school", "name": "Swami Vivekananda School", "osm_type": "way", "osm_id": 191824831}, "geometry": {"type": "Point", "coordinates": [75.881165, 22.724533]}}, {"type": "Feature", "properties": {"layer": "vulnerability_pois", "category": "school", "name": "SGSITS", "osm_type": "way", "osm_id": 191826764}, "geometry": {"type": "Point", "coordinates": [75.871779, 22.726266]}}, {"type": "Feature", "properties": {"layer": "vulnerability_pois", "category": "school", "name": null, "osm_type": "way", "osm_id": 191953208}, "geometry": {"type": "Point", "coordinates": [75.861488, 22.726387]}}, {"type": "Feature", "properties": {"layer": "vulnerability_pois", "category": "school", "name": null, "osm_type": "way", "osm_id": 191955407}, "geometry": {"type": "Point", "coordinates": [75.868216, 22.703462]}}, {"type": "Feature", "properties": {"layer": "vulnerability_pois", "category": "school", "name": null, "osm_type": "way", "osm_id": 191978519}, "geometry": {"type": "Point", "coordinates": [75.833912, 22.684826]}}, {"type": "Feature", "properties": {"layer": "vulnerability_pois", "category": "school", "name": null, "osm_type": "way", "osm_id": 191982535}, "geometry": {"type": "Point", "coordinates": [75.838151, 22.675937]}}, {"type": "Feature", "properties": {"layer": "vulnerability_pois", "category": "hospital", "name": "Choithram Hospital and Research Centre", "osm_type": "way", "osm_id": 191997085}, "geometry": {"type": "Point", "coordinates": [75.852564, 22.688985]}}, {"type": "Feature", "properties": {"layer": "vulnerability_pois", "category": "school", "name": null, "osm_type": "way", "osm_id": 192154612}, "geometry": {"type": "Point", "coordinates": [75.850379, 22.712562]}}, {"type": "Feature", "properties": {"layer": "vulnerability_pois", "category": "school", "name": null, "osm_type": "way", "osm_id": 192154613}, "geometry": {"type": "Point", "coordinates": [75.852044, 22.710615]}}, {"type": "Feature", "properties": {"layer": "vulnerability_pois", "category": "school", "name": null, "osm_type": "way", "osm_id": 192434664}, "geometry": {"type": "Point", "coordinates": [75.846345, 22.693498]}}, {"type": "Feature", "properties": {"layer": "vulnerability_pois", "category": "school", "name": null, "osm_type": "way", "osm_id": 192434667}, "geometry": {"type": "Point", "coordinates": [75.84862, 22.694943]}}, {"type": "Feature", "properties": {"layer": "vulnerability_pois", "category": "school", "name": "Pioneer Convent", "osm_type": "way", "osm_id": 277269013}, "geometry": {"type": "Point", "coordinates": [75.914373, 22.756742]}}, {"type": "Feature", "properties": {"layer": "vulnerability_pois", "category": "school", "name": "Bhavans Prominent School", "osm_type": "way", "osm_id": 320252607}, "geometry": {"type": "Point", "coordinates": [75.915434, 22.768076]}}, {"type": "Feature", "properties": {"layer": "vulnerability_pois", "category": "school", "name": "Advanced Academy", "osm_type": "way", "osm_id": 320252610}, "geometry": {"type": "Point", "coordinates": [75.926573, 22.751162]}}, {"type": "Feature", "properties": {"layer": "vulnerability_pois", "category": "school", "name": "Sri Sathya Sai Vidhya Vihar", "osm_type": "way", "osm_id": 320252612}, "geometry": {"type": "Point", "coordinates": [75.897944, 22.756066]}}, {"type": "Feature", "properties": {"layer": "vulnerability_pois", "category": "school", "name": "Govt. Institute of Fine Arts", "osm_type": "way", "osm_id": 320370610}, "geometry": {"type": "Point", "coordinates": [75.887085, 22.767488]}}, {"type": "Feature", "properties": {"layer": "vulnerability_pois", "category": "school", "name": "Shree Gujarati Samaj", "osm_type": "way", "osm_id": 320370612}, "geometry": {"type": "Point", "coordinates": [75.899543, 22.755646]}}, {"type": "Feature", "properties": {"layer": "vulnerability_pois", "category": "elderly_care", "name": "Vanasprasth Old Age Home", "osm_type": "way", "osm_id": 320914976}, "geometry": {"type": "Point", "coordinates": [75.906131, 22.756181]}}, {"type": "Feature", "properties": {"layer": "vulnerability_pois", "category": "school", "name": "Indore Public School (Eastern Campus)", "osm_type": "way", "osm_id": 320961381}, "geometry": {"type": "Point", "coordinates": [75.91303, 22.750508]}}, {"type": "Feature", "properties": {"layer": "vulnerability_pois", "category": "school", "name": "Bombay Public School", "osm_type": "way", "osm_id": 320961391}, "geometry": {"type": "Point", "coordinates": [75.919823, 22.757018]}}, {"type": "Feature", "properties": {"layer": "vulnerability_pois", "category": "school", "name": "Christian Eminent Academy", "osm_type": "way", "osm_id": 320961398}, "geometry": {"type": "Point", "coordinates": [75.915348, 22.765943]}}, {"type": "Feature", "properties": {"layer": "vulnerability_pois", "category": "school", "name": "Prestige Institute of Management and research", "osm_type": "way", "osm_id": 322268936}, "geometry": {"type": "Point", "coordinates": [75.902399, 22.75435]}}, {"type": "Feature", "properties": {"layer": "vulnerability_pois", "category": "school", "name": "Sri Ayappa Public School", "osm_type": "way", "osm_id": 322634888}, "geometry": {"type": "Point", "coordinates": [75.908996, 22.754475]}}, {"type": "Feature", "properties": {"layer": "vulnerability_pois", "category": "school", "name": "Delhi Public School Indore", "osm_type": "way", "osm_id": 322674422}, "geometry": {"type": "Point", "coordinates": [75.932685, 22.762199]}}, {"type": "Feature", "properties": {"layer": "vulnerability_pois", "category": "hospital", "name": "Chacha Nehru Bal Chikitsalay", "osm_type": "way", "osm_id": 322674430}, "geometry": {"type": "Point", "coordinates": [75.880857, 22.714584]}}, {"type": "Feature", "properties": {"layer": "vulnerability_pois", "category": "school", "name": "Marthoma Public School", "osm_type": "way", "osm_id": 323001186}, "geometry": {"type": "Point", "coordinates": [75.902391, 22.754707]}}, {"type": "Feature", "properties": {"layer": "vulnerability_pois", "category": "school", "name": "Ishaque Patel Public School", "osm_type": "way", "osm_id": 323001197}, "geometry": {"type": "Point", "coordinates": [75.917041, 22.749796]}}, {"type": "Feature", "properties": {"layer": "vulnerability_pois", "category": "school", "name": "Malwa Institute of Technology", "osm_type": "way", "osm_id": 323002378}, "geometry": {"type": "Point", "coordinates": [75.938887, 22.758378]}}, {"type": "Feature", "properties": {"layer": "vulnerability_pois", "category": "school", "name": "Rotary Paul Harris School", "osm_type": "way", "osm_id": 325743746}, "geometry": {"type": "Point", "coordinates": [75.902876, 22.756164]}}, {"type": "Feature", "properties": {"layer": "vulnerability_pois", "category": "school", "name": "Satya Sai Vidya Vihar Bal Mandir", "osm_type": "way", "osm_id": 325743748}, "geometry": {"type": "Point", "coordinates": [75.900158, 22.756675]}}, {"type": "Feature", "properties": {"layer": "vulnerability_pois", "category": "school", "name": "Khalsa Higher Secoandary School", "osm_type": "way", "osm_id": 370143803}, "geometry": {"type": "Point", "coordinates": [75.839444, 22.714002]}}, {"type": "Feature", "properties": {"layer": "vulnerability_pois", "category": "school", "name": "Podar international school", "osm_type": "way", "osm_id": 439496288}, "geometry": {"type": "Point", "coordinates": [75.895871, 22.75682]}}, {"type": "Feature", "properties": {"layer": "vulnerability_pois", "category": "school", "name": "ECS bagless school", "osm_type": "way", "osm_id": 439496874}, "geometry": {"type": "Point", "coordinates": [75.894951, 22.75591]}}, {"type": "Feature", "properties": {"layer": "vulnerability_pois", "category": "hospital", "name": "Synergy Hospital And Research Centre", "osm_type": "way", "osm_id": 439503892}, "geometry": {"type": "Point", "coordinates": [75.889084, 22.758485]}}, {"type": "Feature", "properties": {"layer": "vulnerability_pois", "category": "hospital", "name": "Life Care Hospital - Indore", "osm_type": "way", "osm_id": 439506067}, "geometry": {"type": "Point", "coordinates": [75.884432, 22.762351]}}, {"type": "Feature", "properties": {"layer": "vulnerability_pois", "category": "school", "name": "Vaishnav Campus", "osm_type": "way", "osm_id": 475432655}, "geometry": {"type": "Point", "coordinates": [75.841773, 22.71409]}}, {"type": "Feature", "properties": {"layer": "vulnerability_pois", "category": "school", "name": "chhatrapati sivaji higher sec school", "osm_type": "way", "osm_id": 475463553}, "geometry": {"type": "Point", "coordinates": [75.834399, 22.697349]}}, {"type": "Feature", "properties": {"layer": "vulnerability_pois", "category": "school", "name": "Trilok Chand Jain school", "osm_type": "way", "osm_id": 475814209}, "geometry": {"type": "Point", "coordinates": [75.845673, 22.709688]}}, {"type": "Feature", "properties": {"layer": "vulnerability_pois", "category": "school", "name": "New Girls Degree College", "osm_type": "way", "osm_id": 563785590}, "geometry": {"type": "Point", "coordinates": [75.844744, 22.728221]}}, {"type": "Feature", "properties": {"layer": "vulnerability_pois", "category": "school", "name": null, "osm_type": "way", "osm_id": 591181228}, "geometry": {"type": "Point", "coordinates": [75.885099, 22.731069]}}, {"type": "Feature", "properties": {"layer": "vulnerability_pois", "category": "school", "name": "Shri Aurobindo Institute of Medical Science and Dental clinic", "osm_type": "way", "osm_id": 626199355}, "geometry": {"type": "Point", "coordinates": [75.844005, 22.797255]}}, {"type": "Feature", "properties": {"layer": "vulnerability_pois", "category": "school", "name": "l.k. Prime Academy School", "osm_type": "way", "osm_id": 630273413}, "geometry": {"type": "Point", "coordinates": [75.926281, 22.817927]}}, {"type": "Feature", "properties": {"layer": "vulnerability_pois", "category": "school", "name": "Acropolis Institute of Technology and Research", "osm_type": "way", "osm_id": 630284313}, "geometry": {"type": "Point", "coordinates": [75.943212, 22.821429]}}, {"type": "Feature", "properties": {"layer": "vulnerability_pois", "category": "school", "name": "Front Ground", "osm_type": "way", "osm_id": 641792841}, "geometry": {"type": "Point", "coordinates": [75.881347, 22.671678]}}, {"type": "Feature", "properties": {"layer": "vulnerability_pois", "category": "school", "name": "Back Ground", "osm_type": "way", "osm_id": 641792843}, "geometry": {"type": "Point", "coordinates": [75.882816, 22.671717]}}, {"type": "Feature", "properties": {"layer": "vulnerability_pois", "category": "school", "name": null, "osm_type": "way", "osm_id": 642512784}, "geometry": {"type": "Point", "coordinates": [75.875224, 22.687313]}}, {"type": "Feature", "properties": {"layer": "vulnerability_pois", "category": "school", "name": "Indian Institute of Management Indore", "osm_type": "way", "osm_id": 659577747}, "geometry": {"type": "Point", "coordinates": [75.790746, 22.627185]}}, {"type": "Feature", "properties": {"layer": "vulnerability_pois", "category": "hospital", "name": "Apollo Hospital", "osm_type": "way", "osm_id": 677243271}, "geometry": {"type": "Point", "coordinates": [75.885175, 22.757609]}}, {"type": "Feature", "properties": {"layer": "vulnerability_pois", "category": "hospital", "name": "Bapat Hospital", "osm_type": "way", "osm_id": 677244732}, "geometry": {"type": "Point", "coordinates": [75.87961, 22.756094]}}, {"type": "Feature", "properties": {"layer": "vulnerability_pois", "category": "hospital", "name": "Nahar Hospital", "osm_type": "way", "osm_id": 677245185}, "geometry": {"type": "Point", "coordinates": [75.877643, 22.75525]}}, {"type": "Feature", "properties": {"layer": "vulnerability_pois", "category": "hospital", "name": "Dyavati Hospital", "osm_type": "way", "osm_id": 677245552}, "geometry": {"type": "Point", "coordinates": [75.900841, 22.737157]}}, {"type": "Feature", "properties": {"layer": "vulnerability_pois", "category": "school", "name": "Agarwal Public School", "osm_type": "way", "osm_id": 699929967}, "geometry": {"type": "Point", "coordinates": [75.917849, 22.702384]}}, {"type": "Feature", "properties": {"layer": "vulnerability_pois", "category": "hospital", "name": "Noble Hospital", "osm_type": "way", "osm_id": 700515860}, "geometry": {"type": "Point", "coordinates": [75.877902, 22.718906]}}, {"type": "Feature", "properties": {"layer": "vulnerability_pois", "category": "school", "name": "Kasera Bazar Vidya Niketan", "osm_type": "way", "osm_id": 700525550}, "geometry": {"type": "Point", "coordinates": [75.828704, 22.700573]}}, {"type": "Feature", "properties": {"layer": "vulnerability_pois", "category": "school", "name": "Gaikwad Education Society", "osm_type": "way", "osm_id": 701094216}, "geometry": {"type": "Point", "coordinates": [75.843716, 22.697207]}}, {"type": "Feature", "properties": {"layer": "vulnerability_pois", "category": "school", "name": "VIBGYOR Roots & Rise Schools", "osm_type": "way", "osm_id": 701362269}, "geometry": {"type": "Point", "coordinates": [75.883177, 22.765126]}}, {"type": "Feature", "properties": {"layer": "vulnerability_pois", "category": "hospital", "name": "NADL Healthcare", "osm_type": "way", "osm_id": 703095585}, "geometry": {"type": "Point", "coordinates": [75.89445, 22.725011]}}, {"type": "Feature", "properties": {"layer": "vulnerability_pois", "category": "hospital", "name": "Life Aesthetics", "osm_type": "way", "osm_id": 703203822}, "geometry": {"type": "Point", "coordinates": [75.879319, 22.759461]}}, {"type": "Feature", "properties": {"layer": "vulnerability_pois", "category": "school", "name": "Backstage, IET DAVV", "osm_type": "way", "osm_id": 762707562}, "geometry": {"type": "Point", "coordinates": [75.880013, 22.680299]}}, {"type": "Feature", "properties": {"layer": "vulnerability_pois", "category": "school", "name": "ARTISTIC WORLD ACADEMY", "osm_type": "way", "osm_id": 1273600792}, "geometry": {"type": "Point", "coordinates": [75.899671, 22.796931]}}, {"type": "Feature", "properties": {"layer": "vulnerability_pois", "category": "school", "name": "podar international school", "osm_type": "way", "osm_id": 1360807037}, "geometry": {"type": "Point", "coordinates": [75.893635, 22.757552]}}, {"type": "Feature", "properties": {"layer": "vulnerability_pois", "category": "hospital", "name": "bhandandi hospitals", "osm_type": "way", "osm_id": 1360811549}, "geometry": {"type": "Point", "coordinates": [75.888592, 22.752966]}}, {"type": "Feature", "properties": {"layer": "vulnerability_pois", "category": "school", "name": "SICA Nipania", "osm_type": "way", "osm_id": 1411656811}, "geometry": {"type": "Point", "coordinates": [75.928835, 22.75571]}}, {"type": "Feature", "properties": {"layer": "vulnerability_pois", "category": "school", "name": "Government Primary and Middle School, Filter Station", "osm_type": "way", "osm_id": 1412436511}, "geometry": {"type": "Point", "coordinates": [75.777866, 22.756052]}}, {"type": "Feature", "properties": {"layer": "vulnerability_pois", "category": "school", "name": "Symboisis University of Applied Sciences", "osm_type": "way", "osm_id": 1414659781}, "geometry": {"type": "Point", "coordinates": [75.792174, 22.753633]}}, {"type": "Feature", "properties": {"layer": "vulnerability_pois", "category": "school", "name": "Symboisis University of Applied Sciences", "osm_type": "way", "osm_id": 1414659783}, "geometry": {"type": "Point", "coordinates": [75.794931, 22.753159]}}, {"type": "Feature", "properties": {"layer": "vulnerability_pois", "category": "school", "name": "NMIMIS", "osm_type": "way", "osm_id": 1414659784}, "geometry": {"type": "Point", "coordinates": [75.795431, 22.750078]}}, {"type": "Feature", "properties": {"layer": "vulnerability_pois", "category": "school", "name": "World Peace School", "osm_type": "way", "osm_id": 1414659785}, "geometry": {"type": "Point", "coordinates": [75.782144, 22.737778]}}, {"type": "Feature", "properties": {"layer": "vulnerability_pois", "category": "school", "name": "Modern Dental College And Research Center", "osm_type": "way", "osm_id": 1414659789}, "geometry": {"type": "Point", "coordinates": [75.790029, 22.736913]}}]}